S/K,Maturity,Volatility,Rate,Labels
0.9974331022201343,1.0154764763108184,0.9445967014259118,0.058191158305550536,253.05752771203603
0.9983683700565141,0.7578119991074406,0.2394716297099072,0.05926595753178901,68.65822114936446
0.9960906713331015,0.9834901621522798,0.7911672794164384,0.05715415734604219,213.07433120253643
0.9995968700886143,0.34342400165530856,0.2811462309524859,0.040784028160273225,47.64555011838917
0.9937533089480612,1.0865309762324786,0.895891359796634,0.07538569100681235,252.13886734965632
1.0015759600811402,0.3083951790126394,0.7085698439509764,0.09080321243421895,111.17205799779498
1.00160528546555,0.8265955058444523,0.14872913767664386,0.02396112863436084,42.763502740074955
0.9999522117912814,0.7650270507796586,0.8850482880328038,0.024137039265059484,203.3640515220643
0.9993595797590082,0.388564667874135,0.23709674229360791,0.07767728636878368,48.617918724480205
0.9976398519775389,0.8548461665259162,0.01737162016590012,0.06426149637512152,33.717929147110794
1.0037001549795392,0.9537678014162121,0.28104962751951457,0.04856186413957313,87.77966840629648
0.9980298530951017,0.7595459954378216,0.21521554015164074,0.072472557734883,66.80638642814614
0.9988205872294469,0.709507648387921,0.8845218181235172,0.06618331157616464,202.35475037314416
0.9991617512841472,1.0531882309163854,0.055947828124347544,0.09300339549045099,61.656245957376655
1.0001388551289212,0.9212870144768346,0.9805457004592487,0.03942116899326553,246.31413253443355
1.0031655748924861,0.8807026192919558,0.6271170597124485,0.06690584949627794,169.31668552227393
0.9997376620561051,0.8757606324912495,0.7181085469372949,0.06822157287467093,188.51655326846384
0.9977559312091594,0.5815147518226246,0.9671458835277678,0.05406781273648882,196.5453173768775
0.9975560750380789,0.4783697531968879,0.5249425017433378,0.06270693501001925,102.9028725717871
0.996932910322674,0.22938385397398847,0.33914186319138984,0.07302173487346686,46.9917869431747
1.001055343825505,0.8368958894994103,0.10945495548384813,0.037042990280186205,37.630730590645214
0.9982963231689569,0.4646464790404445,0.9032021565972345,0.05386709154950706,165.34622422445673
1.0028480605208947,0.7349028788387104,0.3287033106723736,0.030363093885454127,81.68809646822064
0.9983916425261499,1.0087916196443685,0.469021594992979,0.0854466022442315,146.46632058798411
1.0046137990057293,0.6774721974154373,0.9650833886643121,0.04380033104868814,212.29379433655328
0.9981690938492935,0.4495625905072782,0.745470492798012,0.03604604100553993,133.70245163194346
0.9970574784960833,0.27808323399182855,0.08078572744699511,0.0881000236769892,19.51420227030013
1.0003041339244407,0.7216539114178575,0.018876835355740765,0.024139572034767447,12.30406218165217
1.000842092178165,1.0369573549920075,0.6542398530500231,0.03918220473993564,182.3635384204004
1.0007146540838288,0.5133067551934343,0.856768537290162,0.092350630007424,171.51724437902925
1.0014794966846343,0.8491742318699833,0.6279691361279828,0.09946094420966306,172.97122042825725
0.9981956163067844,0.7136425023802933,0.11342077748104762,0.021671167317809416,29.70506903173083
0.9988293992368975,0.2652437125177227,0.33662601084745863,0.05368111992696696,49.69599626739688
1.0004828029913786,1.0786464266028404,0.4701236170622066,0.058461597211242125,144.82566627235872
0.9981066740829552,0.39046724498157875,0.8192980120605289,0.07054131725006274,139.95496468411176
0.9984280171374003,0.7612674590249469,0.45229228210030753,0.04565569965574169,112.78515080013989
0.9997858833038543,0.6141883646066183,0.31489975138936177,0.07703084890625832,79.70607098475216
1.0006613401846236,0.8928843367117112,0.3384910092151249,0.09050531240338228,108.74974023246307
1.0022769719800264,0.8017168159370953,0.4212192819074222,0.03478300979310998,107.2947539425823
0.9984846513316988,0.41734620685880786,0.6918575076235605,0.06114598452519951,123.21768586528015
0.9970567035166564,0.7992782141055295,0.4041890870162029,0.041153105265520976,103.13626673731318
0.9999163744306232,1.0208064927602294,0.2921450180321858,0.0510237920555873,93.32013461664349
0.999938106182692,0.7431148256367031,0.6880894944169328,0.04707426067025673,162.43603032939092
0.9994792478897708,0.9687679001154468,0.35433588640951813,0.05537832068304337,106.92568171646332
0.9979210100567214,0.61830508401777,0.2253526254208975,0.028558103257400366,51.41878266118903
1.0043314432531443,0.8715264161237615,0.4969986065192963,0.053649725148965446,135.551539095519
0.9991903104070133,0.6644149928831973,0.5043498022180986,0.08213185180762446,122.67256436053981
1.0028421287519627,0.9524216553208835,0.20191091244917586,0.08011434164138138,78.79891865305939
0.9992014237735214,0.45030448915984767,0.9138723539114013,0.07833982823375392,167.6020773222006
0.9961715308297996,0.6549497856468525,0.08553499460440625,0.06493298108471672,32.976000224985796
0.9991169573334369,1.0145677155691455,0.292295577633268,0.08433129196675711,103.84323647674131
0.998732205995089,0.5016060760619665,0.0500775069964397,0.06238915736569674,22.059610275058276
0.9994992331174913,0.3033722919865801,0.7971888426638645,0.05207696402034569,118.89218608913882
1.0029239657558904,0.5842592425529961,0.6413593594297075,0.07809361504273815,141.23742473395873
0.9950009358170611,0.5736366854796469,0.7811700492247126,0.08114037479908925,163.57692078096892
1.0013715020380172,0.9895654983240443,0.37765613730153075,0.09596109105067906,127.2752831061195
1.0010370061576435,0.9383810924213267,0.7431494680925923,0.03175187171015773,193.0446688980973
1.0008756284222335,0.8736678753087617,0.8539991608230936,0.02864648177032092,210.6868759924485
0.9990338384194294,0.38799731631362483,0.9993961123331807,0.07621595834609855,168.50166461826274
0.9999253310479173,0.6663225892378952,0.7143243932427755,0.06736688087316033,163.1273764138977
1.00351476987566,0.23436522594882928,0.4378912006860513,0.056582918181829686,61.09288443476714
0.9985207267344646,1.0726249904749134,0.2021495294920267,0.06459790588338392,77.49760991273996
0.9984037382269808,0.37769006837746977,0.2514841013201225,0.061265186586552126,47.642005176962925
1.0017803903510567,0.4947371179854805,0.6584048092582581,0.09602311276297515,134.5155934085201
0.9982838649978987,0.7009085895082936,0.35799187656001463,0.05110688817146382,88.60752669239321
0.9973950613531207,0.5392959167207996,0.6287307457835994,0.055593323389728444,127.68321545855378
0.9987509175358126,0.5186565692045796,0.04367677229611166,0.08209080150191123,27.623965134099876
1.002776051609737,0.9091982008680837,0.25295281189674373,0.07430756487915073,86.33769482088405
1.0006690776063156,0.6345969006744054,0.23098872158017086,0.08139149686935766,65.74830938962754
0.9955998906483147,0.85647402094433,0.0852831655678869,0.08623532198071115,49.36104132767957
0.9994417175665913,0.8764376972146015,0.8380749467772349,0.09503372328777657,220.49963803184588
0.9989353616727857,1.0573178649995718,0.8906764163315148,0.021946464582966153,237.43855428407073
1.0006133151314593,0.2918255109411196,0.18945619882264492,0.08110041055500908,35.2468229081166
1.0006999366567773,1.028566408571392,0.7840324119276912,0.044575502386852955,214.8485053770891
0.9991656740841233,0.4106339845768233,0.5974997257299604,0.03786082395371512,104.27327028614349
0.999952428729129,0.6129362444893863,0.19287834373030505,0.028085677153023073,45.267210091088145
0.9986262066446111,0.7120458184475191,0.385295693320655,0.023389849677074553,89.5482169552003
1.0016978988951797,0.8748054354440653,0.9480780640752773,0.0428881300449956,234.87984103562263
1.0000392343097235,0.9767306969188578,0.02367336407922003,0.09739805881996585,59.9246710796358
0.9993758784980058,1.040063365204318,0.4757983301386525,0.04333269629627902,138.32891535596553
0.9964924466240178,0.2360631578801701,0.7853561913238162,0.03709267023740054,101.26983045480569
0.997845899648313,0.9174671327421615,0.6328839328058489,0.07339106304132673,173.25809972375777
1.000557128842559,0.7001668317663303,0.3701459845098522,0.03308818377140556,88.40213572038078
1.0017626087928824,1.0503647351694945,0.03173560300086473,0.030194265739518666,23.418044430003533
1.0003904111181345,0.6950856944048984,0.8986056832226581,0.0873137310394683,207.1679672434291
1.0001886614940445,0.5736989942257718,0.5078280699596035,0.08038277488430219,113.80813702247929
1.0003155923484481,0.7894748547785104,0.306633042153407,0.0699000997579604,88.76387874422187
1.0011823179151054,0.982578157264621,0.058148422497006025,0.08223793414080473,53.22093050906767
0.9981897355417546,0.8684543332547221,0.9932829478138443,0.0492044678289192,243.54792455743637
1.0023453895711232,0.5663092355654513,0.818707473230887,0.061715717260774905,169.02689688964307
0.9985908286674996,0.5119997346437484,0.17716672208924003,0.06909232583453075,44.90387689250906
1.0004011097351555,0.9257347752491758,0.8868763185599128,0.08324283723277175,235.4261390943325
1.002343874401804,0.5584398954335424,0.0701487302805604,0.05580157772968691,27.170539283046423
0.9991114369092672,0.2285279306076335,0.8223753855589315,0.04636646484803761,105.61111157547765
0.9961074231917588,0.8963420266399198,0.2613573653369944,0.08030422583981728,86.68833525940789
0.998336538089355,0.5716196933042494,0.9969066551997272,0.09242766295151773,205.38703686012926
1.0021338004979499,0.9019843121920132,0.053361095173230094,0.07382583163525575,45.126497274461826
0.999401375290698,0.32620176387583605,0.15910007853270014,0.06897070940224613,31.49119959660078
1.0024748282560594,0.2963261487628329,0.7822908969037622,0.0432878031829107,115.57610439807917
0.9988403722214433,0.762298952794721,0.03216290683639598,0.051375128902893724,25.263210313294735
0.9994750289563366,0.31402320605580125,0.14225915990801238,0.04688611182246127,25.83716174869329
0.9981871607822219,0.764929512504269,0.24104764922589808,0.07234361403118471,72.75114473517954
1.0031575187874526,0.23374319371817454,0.23478064457914258,0.07247747776952888,36.6771098042783
1.0006766031141774,1.0056863511519993,0.397311342936448,0.04480248346611356,117.25986938696269
0.9996403845540963,0.2391558946572595,0.7820010255115776,0.06433264253186997,104.25583095188296
0.9972662171979394,0.728601753624682,0.19728078749061795,0.0246264264381096,49.062053652461316
1.0002018189972108,0.4859617614618325,0.3322366577181779,0.08530307685276062,73.94775511353737
0.9976892634790693,0.6554338851635306,0.45404306828051216,0.05678949903527117,106.39396432523131
1.0000344894873077,0.6547597029539329,0.35569602365274894,0.07022313660204044,89.4982650651313
0.9987497062875993,0.7795281944772547,0.6513213651869277,0.07935089928774416,164.9665812899899
0.9999327537879554,0.989803161104496,0.9872377173557051,0.08404608980094487,265.72880201566403
0.9971630362100887,0.9359262669920001,0.03307672646082297,0.06466200504067382,37.216340032848734
0.998681380728887,0.22534947085993184,0.9054365798886217,0.03126811314643428,113.63415119866897
0.9966310373301188,0.9183685888986817,0.6918268836533384,0.06179530582595917,184.3983567746114
0.9973873935469095,0.4331402945369479,0.05005917051100224,0.06681815126933213,19.702463979269396
0.9990413428138119,0.8224435882362007,0.4046818348474647,0.08698775821781493,116.87999239648201
1.002354659379127,0.702313825010132,0.9218923370237048,0.06334515694980328,209.67794469710566
0.9992735989154083,0.47417980556995554,0.9053672467656347,0.03217462921317113,165.13039077043499
0.9987880630850854,0.994134039795433,0.1034323582888137,0.08143108468512243,58.879198073273926
1.000412700072592,0.6125713360899154,0.5199689321169453,0.04875054356590499,114.80765358706924
1.0012327373503045,0.6112605134681207,0.43468038367706263,0.09456240238572952,106.67959454651174
0.9968031996356812,0.8036868514838382,0.9227327068623982,0.051772957624337354,220.0707832121648
1.0003082296680619,0.5859267498195972,0.40684147089034384,0.04403565989563472,89.54158251103075
0.9988538785409068,0.6009551657865089,0.8190053039071379,0.06564300273665716,173.98561828062086
0.9999664920507694,0.8550277287230459,0.3581950962778108,0.06554911077139396,103.70940865132792
0.9975032094375229,0.7958719457782675,0.6647850372512318,0.08443245677568564,170.35308305920535
0.9994396813855847,0.3256976016894395,0.8823422570804222,0.049357547860590906,135.05098699279188
0.9966819453799726,0.4001727924470505,0.44687251618904894,0.03449514981507265,77.1114281794363
1.0018027099903672,0.616205665130396,0.5658917282851302,0.055421757439546915,125.98204667200577
1.0008492305668335,0.634163136356094,0.0595176193510824,0.040438827989860864,22.809424020038705
0.9981333273440027,0.6287562167100068,0.7772669177084722,0.07746500547263525,171.5962242765592
1.0011606338119754,1.0175470171561252,0.9962258026562546,0.0505760877075149,265.05045246592647
1.0015621291639631,0.817963647791472,0.9802470617817359,0.06581114350734024,238.26860113697046
0.9993104417059236,0.8374777251439667,0.6591867363918553,0.06481857319606378,170.00388797941145
0.9999148500427867,0.25371476846847413,0.4532415444078062,0.09120470996679977,67.04719047086877
1.001755554792915,0.8199384104394127,0.06272993200760506,0.03562773097110987,26.988944931505955
1.0001689032002428,0.570180147626932,0.6423997272158851,0.09933789785917187,141.8663308260114
0.9999117371644888,0.2943829941570852,0.9100538040849795,0.07593060843735555,134.59503158169832
0.998222941283434,1.0794938483184626,0.40597091181946515,0.053885701420715526,126.0648800576227
0.9973606185097977,0.5350310619194831,0.4307815184143919,0.04883290189207515,89.34769540992278
0.9999985277573495,0.537628023766679,0.8561598202132517,0.07278172932111575,172.39992253344886
1.004625970097159,1.0394837287572563,0.5976244965117912,0.0623059012402503,176.13504595072163
0.999896987704809,0.865035190325532,0.3597338693086216,0.05145465193419642,101.020190397911
0.9978401833460746,0.8632789959795599,0.5188495346680035,0.029633712411370368,131.9039439949554
1.003008779125371,0.44087017047698385,0.4033276459633072,0.057437557567278794,79.09054152349916
0.997465731277388,0.8817600852472138,0.80238612644078,0.04523970622503204,202.41614818804857
1.003442615083041,0.23347288026039953,0.4901888726600906,0.0970876405722485,70.48231163926272
0.9991804709851868,0.8495780622603746,0.9238280789033401,0.022449127445747747,221.71874285781945
0.9986770367962184,0.2435455967935648,0.5359926525532248,0.02109093122365712,70.44432705509439
1.000440557698893,0.6774349374452655,0.28387632481445324,0.09473783677372828,82.45861177632048
0.9961272348124274,0.5859722831077514,0.6910971035111123,0.055894858949177256,145.19486913399373
0.9994921253402101,0.3237728631519655,0.7772806168748544,0.04740710704230604,119.68845133521916
0.9987757348168987,0.5194466945592522,0.5143627240156815,0.07643076686123787,108.05946057335359
0.9972331066733999,0.21740684331829244,0.25864794999459473,0.08392592526335811,36.702563411248605
0.9966008465085567,0.9016552932876492,0.15053888178533303,0.02974325327172381,45.23328107502488
1.0008381212358128,0.8684793279282899,0.3511938382386398,0.08684436791122319,109.30314743030249
0.9986891853693921,0.7477673601374577,0.868964766664482,0.0608224461306322,203.8648933082161
1.0020778513294841,0.46177404499991004,0.3801314693557341,0.09836278242434124,82.79426407875229
0.9992895148458968,0.846765500715067,0.050425357791447335,0.02479932811273665,19.863541233047442
1.000239562787205,0.9868425885355905,0.7563089781919579,0.028767374971622885,199.8109083770072
0.9995367810529776,0.5837045603065925,0.9369075401340715,0.05796255391757053,192.06656158701003
0.9977584415088925,0.8419624856138339,0.33660644099776077,0.05568534939457222,94.36111328198666
1.0049311511658277,0.9061300312312583,0.31794603095745877,0.07267762968299564,101.43347241447321
0.9998081412119634,0.22002774271729209,0.8798936285376769,0.05770478324405366,111.29813019390173
1.0001257375327834,0.4822949262091219,0.0791220201957793,0.07376284300645168,28.67769297756979
0.9988057737490708,0.6979993171007101,0.39853264644220493,0.07764914779774863,103.09433832736306
0.9970553847932193,0.6512568141385394,0.542895224985549,0.0943540765104328,130.8833650607354
0.9996280934395417,0.8473292821503704,0.7038191602996059,0.022341452013566236,172.07321479765577
0.9967244717761722,0.35625178175093336,0.6432480895989594,0.04254622852825733,103.66151957224037
0.998216061594527,1.002776312158457,0.7243473109598552,0.061946998030862496,201.19665916251978
0.9984554616265447,0.6333834616451253,0.6227809542378067,0.03475334203383646,134.28597827430502
0.9985743242717043,0.998279593618467,0.3521992764418223,0.025519990099079133,99.09408308401225
0.995722185896897,0.40893819639586393,0.7342512146025441,0.03418324013810702,124.57948345514251
0.9970052381171429,1.0837542505630378,0.2105526117202556,0.08312905519892194,86.9254836770782
0.9992195634727327,0.23317857450705687,0.7402740229930718,0.09623071109044491,99.84788649278698
0.9972838292010353,0.9610139481684228,0.9919407354829756,0.06061853143609752,257.71491797896994
1.000141309398217,1.0637272272522684,0.6217662038576836,0.03976673285043158,176.65088511031493
1.0016050837722448,0.6036250642919021,0.06663441760489745,0.06060423659434924,29.217171617926397
1.0001820879500256,0.22185598638381393,0.1879894425232228,0.020301815270160287,24.85008504807695
0.9998964659264745,0.5961733522624246,0.22664376322244148,0.06377716415547954,58.44817444755182
1.0018032062850961,0.5482412814403562,0.7473013947418063,0.054629415041836146,152.06015519486925
0.999172317223494,0.2487352950961328,0.9913802491633279,0.08554013322237543,134.22960168978227
1.000558129869414,0.7098155549198917,0.41054451061907815,0.043158018122107095,99.71453830406057
1.0016906279446998,0.945071099278264,0.08917793390053413,0.03972202485653688,37.36127191267417
0.9982886814411758,0.20904105468074732,0.9600683681754258,0.05688342742722992,117.47989296924891
0.9982175996978729,0.9416614493574025,0.42604781659821095,0.0836402180556735,130.1176033734984
0.9994454626319537,0.2501186184884361,0.715308782500481,0.07348971028574879,98.76393918283958
1.0010689372893269,0.9430154841050462,0.7057078588606142,0.03247553878366711,184.98012026908108
1.002709416219118,0.2796716146822283,0.7266080046162493,0.07013745207686668,107.08138212029473
1.0006190961907229,0.6191967895623957,0.29431543245768654,0.05316881864029839,71.39153335518756
1.0027430884194506,0.6502221918114263,0.2587136827534946,0.09642614732311706,76.71350470643108
0.9946835622308993,0.24990021898035103,0.10450037469793967,0.051614474784391254,16.281318375938042
0.9970061410390965,0.24837320499491333,0.8879378948401507,0.09079894478150953,120.82783462093056
0.9995990151827724,0.515342215691535,0.4186440548662062,0.07406836559954127,90.22371171511992
0.9985481708726549,0.21114617809848166,0.3845638319864569,0.034944014777493634,48.27249098277656
0.9997718741909972,0.6265436770378671,0.9218036152789874,0.08036599397077426,200.02500416484918
1.0035011673200378,0.9076956735508896,0.6776048466570407,0.054418335720869154,180.49583796867546
0.9978708486611142,0.5741300166335744,0.18890199677511896,0.09862428101257283,56.815427749654134
1.0013592453731406,0.8398184321729649,0.368735196636466,0.08200680410297942,109.87647789498476
0.999856660311791,0.49593159984291774,0.5585308041252589,0.03395470313895087,107.58973531202042
0.9993033856353403,0.8626888337380894,0.8816841220122171,0.0739055549135927,224.5198679717283
0.9991242095148185,0.6200035624867825,0.0521778622369786,0.05136656247001062,23.597763119495767
1.0037089093018112,0.48800850519111083,0.15419528506686994,0.08293341017863526,44.34139178955712
1.0015575714310059,0.8394038628742482,0.7249764579323601,0.05557478353187034,183.891502023181
1.0017372647192717,0.7485926613714644,0.7701995481181607,0.09711629552982336,191.14156695136117
0.9993579164028528,0.2870368838266498,0.7430095295573387,0.04276297844102122,107.47332138993994
0.997709646226353,0.9659025688500451,0.9018487344155253,0.05968566244611688,237.80813105304208
1.002632650992261,0.375943439961281,0.3033142630937205,0.0699222020572013,58.21398326242053
1.0010930126912558,0.3167982644171061,0.08301429756441328,0.04627677748151396,18.05582293363284
1.0001103095167367,0.8919813302928177,0.6719296343636519,0.08823044436253026,184.05534008244933
1.0000044599149396,0.31198474685517513,0.23754201774245942,0.09964328296527168,45.367706102663135
0.9987693287904141,0.7919563707473882,0.5631987713488098,0.025348073900563844,135.51940621557833
0.9953876945220457,0.4367448395824582,0.5488760271093215,0.055213142418850475,100.19592472157683
0.998722774523533,0.5566979837410773,0.032750913181992136,0.06784564994313734,24.12097909595434
0.9974962846060774,0.323410825438423,0.10789865109784125,0.09585113990416781,26.820374121584734
1.0005487810365834,0.35766715375696284,0.20431649446843222,0.04548641512593904,37.63901840810223
0.9996575122513148,0.2257984705555427,0.3390629729608188,0.06083526305279627,46.64052532956015
1.0000035139973371,0.4731097998965349,0.7445445614829117,0.09828662861122026,146.01499144822895
0.9967758393661781,0.6430740279518636,0.8123499656420193,0.08333191026184869,180.93558751609967
0.9981537969762094,1.014209351869606,0.3397353083862302,0.04878102874207208,103.72304856501029
1.003243750182915,0.46904971668220574,0.6070526541413168,0.032065661500738626,114.0881888791672
1.0034139856557729,0.586383420357019,0.02554641633240469,0.029579483143085544,14.512705068990499
0.9972454365862992,0.9865417735445536,0.035975815159122695,0.08672437569077855,52.38742755839894
1.002237882438922,0.386313443349356,0.13502767576463542,0.025993697289566554,26.271703723989447
0.9981499665617063,0.22500474147865673,0.8177714734686157,0.0945850862154666,106.8547373681597
0.9990151398634293,0.899790477414824,0.05025597456860211,0.06661391537463375,39.353975128466004
1.0005533830133322,1.0379264225071132,0.34115925603947833,0.04969806920912008,106.44607788605083
1.0000154438459163,0.33818548805068627,0.4718668051478619,0.02065225846552078,74.17347643922312
0.9987535577225802,1.0246302205143878,0.24359840533539046,0.0779349788021564,90.18645172584388
0.9960915812080575,0.3064736046127147,0.550986914816241,0.028014617204952012,81.28903615521813
0.9998780419204355,0.9615324375520828,0.7795933308038819,0.05352562457732869,208.5204974509069
1.000522205284792,0.7322148175402425,0.2562444903559349,0.05230750899958679,70.01496056929409
1.0005703844022742,1.0526000729392564,0.8940604955844971,0.06614981813309914,248.21976288757293
1.0009728684193087,0.8559856667320935,0.5661593695205543,0.0956858121351782,158.97785433314465
0.9994504821314313,0.3152419293469568,0.8360118188734994,0.09771947138912161,130.58661340145017
1.0006401293005716,0.9903625784578918,0.2408238319801445,0.07925484925134259,88.81854584812442
0.9996569670272629,0.47303335838528765,0.8137999632088997,0.08759073178924809,156.05315823564786
0.9934866413910477,0.5905649363737864,0.42724621197093005,0.07844609186739636,97.44544725237478
1.0005652098004685,0.5684299331352196,0.4592962652642906,0.0855906030593103,105.37582824778764
0.9961939821921989,0.33882255180398424,0.5975377821377074,0.04255050512440499,93.99824960056213
1.0020670320056428,0.9409856727671027,0.22415896386469802,0.05075731833417188,73.37028825718573
0.9971630059980199,0.5114453251613433,0.7022182019631344,0.08141802678869162,141.05418701440186
0.9978664332864219,0.8297072992631169,0.30082064359313077,0.04005530445105302,81.26941415666141
1.000084479505548,0.45785225751612096,0.01771031628473915,0.09362421605021133,27.74334863844183
0.9976051598767008,0.6474182737530696,0.03785490865531603,0.0639864187329061,26.12994576347262
1.0002299565242185,0.7786241595812946,0.14023779287788826,0.07653576344406343,54.46262829938155
1.004292047955665,0.7711963770463475,0.9766962399452052,0.029586272042464536,225.35581548686255
1.0019480961194571,0.536723074387286,0.4450248239260722,0.08182028570456619,99.28597298963325
0.9961121943743518,0.519880009985357,0.4073130923197539,0.061363147013126285,85.31240538444183
0.9982314939209552,0.9156765859822384,0.13666179614617563,0.04262774789586768,47.111219350055705
0.9962037147970749,0.6515769889408205,0.024025198447378215,0.09730572483400145,38.07759991223122
1.0000175351119798,0.4425464582654351,0.5471907850944521,0.044389159164975996,101.03533082584221
0.9989837420689698,0.9796973235900965,0.3720220512698565,0.09077033266473544,122.48435390609387
0.9981799946164734,0.4833963174725142,0.8682328030518973,0.08238667414619452,166.065191826537
0.996870090071269,0.4983576465379012,0.3021655834806957,0.030505911850401156,59.61932928993764
1.0029621749914956,0.9622318491453683,0.9182434231335237,0.052544676472495125,241.56357427640572
0.9985490285207369,0.9836020294323491,0.14300317711575347,0.0691595340951538,61.183645914170256
0.9995763500249956,0.42783274415347394,0.6538491780499446,0.028732144184419717,115.00153508541268
0.9992066239623428,1.0745944191579921,0.3281675076330173,0.08216112531220802,115.75618986580514
1.001615592339249,0.9934913116459969,0.9085800065257896,0.06969469895514427,245.93296854708314
1.001103415295296,0.9185621288122843,0.6823207535135543,0.05733359362580075,181.98821655838796
0.995764697504287,0.9084252849919057,0.20017719558536576,0.041338207490325504,60.701026891025776
1.0019813936291768,0.9072841915759042,0.3729366164845116,0.07184590472312335,113.11738867910458
0.9982269234333445,0.713525104924819,0.039445853409547045,0.039822117234019044,19.942818835209266
1.000155212769397,0.8056223910219127,0.9537620905016142,0.028905427398283425,224.27132430343028
1.0030941709509034,0.5166271742907295,0.823296159431317,0.06750236785826283,163.2893520399341
0.9982622214841063,0.3588229755606133,0.13190126111055267,0.04661794151518965,25.91154748098745
1.0010045176495175,1.013831255240086,0.23265759213894205,0.039054338121066956,74.46511189876884
0.9955979258159209,0.5187338788484532,0.2860518568141678,0.07976790261772992,65.84676453922106
0.9948856790129982,0.6545207168834954,0.5379002327022872,0.06852213347558292,124.51266219458938
0.9968323327228382,0.8607986181634242,0.6285984674708293,0.04819810268017981,161.28540847223974
0.9979861675875661,0.4095492993361843,0.494579725878411,0.048030335424858316,88.01907966084462
0.9949108251027343,0.7662558170751512,0.2167324130039655,0.04207982899383318,58.419553968418086
0.9986088715505608,0.33768235122098467,0.05723663462435613,0.06382267367525288,16.801272592673342
0.9971435591215335,0.3444285634095249,0.8774700246572672,0.026896120939104352,135.7512178008746
0.9985876420214443,0.4049401271270258,0.010894398329863395,0.06661779157653502,16.639722162583894
1.0015425667752311,0.520285667615459,0.6581191896786646,0.0212834873618971,127.42768984049428
0.9963490428684684,0.3343487739222266,0.12266024543710284,0.07143310438966025,25.84644143932195
1.0022104815324715,0.8923654777333319,0.34637249721820257,0.08655507119448387,110.09648661769444
0.999235947413389,0.21701377031123925,0.5349081302937101,0.0450564177776271,68.14097066808739
0.9988557267982634,0.6073300913271564,0.7983116904023739,0.08032464114727303,172.75999469319456
0.9938476043994953,0.9301787236122925,0.2521231314879392,0.03976369230333183,73.18477262983828
0.9987039257116923,0.7284854465609203,0.6797285867952801,0.08219472493105819,165.7317654900187
0.9992596156672267,0.822722748252267,0.7274604867663205,0.02744868532343463,175.89515493063695
1.0011195034761493,1.00253692702124,0.6927826421768457,0.028396557328749062,185.950534323048
0.9984504617400689,0.28344781343315395,0.9838448791777215,0.09937632645684577,143.0390398298204
1.0011727277900655,0.41012086973821604,0.3472515856983006,0.043956907994545644,64.51039376435926
0.9973825744947753,0.8500365976626909,0.9982403959481608,0.04573374608341674,241.74811120325182
1.002236569199524,0.9710588073590753,0.8221837498732193,0.0907335225465167,228.92369416920437
0.9981994262534485,0.21348725071133012,0.4115914279472788,0.02244919223882025,50.895758778027414
0.9983243544254483,0.3436630277623476,0.36577648847540123,0.026848486208978263,58.605420193253394
1.0008755365042852,0.4586150507293039,0.593478795160829,0.0879370350264492,116.78046174483927
0.9972099709990053,1.0859007195256463,0.4525994361258761,0.020056752339923527,128.01299251559948
0.995278822856954,0.5699047446729669,0.22772978126342242,0.04369707668752837,51.53588676045433
1.0013902903198035,0.453672419545497,0.531716470620954,0.07449848854367415,104.2128780761496
0.9971542711696038,1.066032533677735,0.8095566100648048,0.05897507636981797,227.02006980444975
1.002188154673713,0.513193422415124,0.33665175555651583,0.09191715753729694,79.13673258068059
0.9963391059219987,0.8367094530462837,0.25549592110098923,0.0894310843964169,84.50181302482616
0.9999560490484227,0.6761108783323462,0.5144732826947099,0.04176834579403569,118.57121710835213
0.9997236994085633,0.61494715741917,0.9937287907940038,0.09436584836074026,213.5140095119655
1.0029937171269676,0.886297064558758,0.4835629118831141,0.02861240376491299,126.6304769453663
1.0002501467399065,0.7688473665955431,0.7454997875389114,0.031428000271022764,174.91789696724464
0.9977077602233095,0.7832042456663406,0.4187970138805237,0.056319514297149945,109.09885434975945
1.001874774406564,0.7517095943418208,0.0265275881624668,0.07340590285216078,36.62137584233096
1.0023054718195619,0.5533237536033451,0.18377315530128238,0.059100884827744476,47.86294768732574
1.0000351535280847,0.7910511983279047,0.04286434945720401,0.023688214995392923,17.26375705150133
1.0006337278731143,0.27223458348473134,0.8673881943478433,0.07408116309010988,123.90957228795281
1.001110307012245,1.0072179881138137,0.7320942346983174,0.05053924894309847,201.68620120652486
0.9994683664531492,0.546330827454121,0.7222734216810943,0.0942668871299351,152.3538326435596
0.9986568777625404,0.32500519133526745,0.7428079217614137,0.09445579723375072,118.6271939971619
0.9994789194203364,0.8934938620162363,0.8762185202884665,0.05528218830858006,222.78314484844762
0.9994842142710428,0.9383626164597685,0.41236846278590894,0.07105632949919836,123.65686361982665
0.9978412561643119,0.7717266349085132,0.14560927900301096,0.03838602168384208,42.9078539670121
0.9981500223585358,0.22904807486345619,0.74710494053403,0.07311616477086309,97.89664075474326
0.9985170062729677,0.9543185698269907,0.45823840074853983,0.09645982097206557,142.35637279469898
0.9945626861178473,0.7673397875368047,0.3964637275804377,0.09111057022369659,109.95451966794741
0.9990939816438339,1.0743794795515798,0.21206014591979405,0.07423471108063003,84.1617251085035
1.0004455763173512,0.765770606365572,0.7012143859115336,0.032489643296027285,165.1968249744092
0.9999899654252877,0.3458674359554025,0.018765617387586593,0.02374345979372505,6.361671649162872
1.0033996478988039,0.5273636188129164,0.7409728654066533,0.07060859601785029,150.99572473981135
0.9991237065696233,0.4393419062991331,0.5610015046622131,0.08233857104951907,107.33267766400206
1.00012467235972,0.7873280634341524,0.13861033274383702,0.06254126879137695,49.88196144706427
1.002081636416011,0.5542416274567122,0.35054815910562254,0.09447145862389265,85.70932557151076
1.0008787146146718,0.5667163127344741,0.7271644437522544,0.06265588308522069,151.767895561395
0.9977914754215323,1.069979377627427,0.9430306548537608,0.044573554522935585,256.29612078975015
1.0037849524614986,0.5032612720224221,0.6449595480017732,0.0547890196786389,128.18938341795211
1.000316850310635,0.48398077367731834,0.9550757768995345,0.09854618040042011,183.84416723351475
1.0007390009107682,0.2135018760880876,0.48802079974983187,0.035024253774563543,61.850484722826536
0.9960094730532075,1.0534507674606195,0.8494862127707485,0.07305827222142411,238.30693592034694
0.9990297988714594,0.5895438921193129,0.6248873586838989,0.07393243899877558,136.67463985524103
1.001338196414775,1.0747477867501132,0.25021495071114525,0.049152685566683646,85.23144784597883
0.9981037292448042,0.7512472340593046,0.43687537759439077,0.07791478850853405,115.66159680172353
0.9988800946288073,1.0772167661618657,0.6303489839274125,0.06588725970232637,186.7352055744204
0.9987155063826362,0.7968676208613741,0.9982684612396591,0.06883865643646818,239.06649549150976
0.999890854501351,0.6516250302860365,0.10581771901468633,0.05304315173740971,35.07869364982582
1.0011954139228116,0.6712077906153637,0.43225576546091116,0.0747722268105818,107.80805822405773
0.9969571764813906,0.7626485913329772,0.36066697419992677,0.06992293718720478,97.64905162770953
0.9998680990256359,0.4660784673119449,0.6012892580766832,0.03735406030198489,112.1194087061935
1.0014778064099212,0.8146128263633508,0.5452016810869579,0.05213713641218845,140.33332455831464
1.0014705307376577,0.8305825479059967,0.8968688181539192,0.094388221365058,227.75494589534944
0.9984498227632798,0.31155681086633025,0.9968492542032529,0.05715903883021345,148.92703599608814
0.998763684783538,0.30820930363971905,0.3936226602786627,0.07162628252015854,63.86594376879367
0.99966511192189,1.0720398409604417,0.9922427187095572,0.09713018701496462,280.3114890829121
1.0016586347553582,0.4559555721698619,0.22317848732237064,0.025057394979529225,43.82673429176265
0.9968354681760482,0.45862667116279837,0.7057394758424128,0.08452770024956417,134.01258463690885
1.0013189217983,0.7406876686379469,0.4347690167256501,0.0858589514129046,116.77872360964238
1.0002840580012062,1.0695111142757678,0.8072043266404273,0.02471261844004995,219.74816122696893
0.9951114596426194,0.9105954456583567,0.6235319394688811,0.05319040922491769,165.12537456579918
1.0001093551831157,0.33958015183273693,0.3396781225236091,0.023996477946300797,54.537273706695544
1.0002885032497246,0.30439193721889457,0.6709514314505162,0.059615177259515637,102.20702253265495
0.9957505706660076,0.9663975270556653,0.46826068954334443,0.0804114109622927,140.43792459099643
1.0001973462500042,0.5026855219357087,0.3651600365111077,0.04902655491327258,75.63765115173612
1.0024240540859597,0.5021461478130551,0.5957518495734435,0.0339395744206098,116.08410911378638
0.9962778902970351,0.7965509397712534,0.23013987776892278,0.0887080291261008,76.34827173069516
0.9999862042008173,0.5554903754518373,0.728733705406063,0.052979911186404674,148.96012398810973
0.9984140092497826,1.0237321238488115,0.018119410896481683,0.03654507851292793,23.319225420104544
1.000469535472496,0.7846881605689233,0.7645990422382852,0.06308289947510409,187.473373194037
0.9999877028693619,0.4304500879451989,0.8478737618084008,0.06981553773918264,152.28248906114544
1.0004989303063556,0.3542463439944012,0.12399894983722937,0.03753365374432532,24.158557206150704
0.9993035112789189,0.3596669941241971,0.48837814125017326,0.09463124339937143,86.78294086250781
0.9973429135864275,0.9224950384285879,0.6120622704630451,0.056814898409225434,164.96548401718752
0.9995252004640576,0.6531480800971524,0.9398347759995231,0.05255961335333649,203.029307078283
1.0011382267328157,0.30555710141533765,0.8010327445835845,0.09260710008609209,124.07457447893188
0.9990667188455007,0.2390120797646495,0.3824195437320606,0.044233032490581914,52.207249528348655
0.99856037360125,0.26717514676485266,0.5923762366848938,0.03936733152424891,82.8685961759877
1.0026799374093456,0.8313174541851087,0.5961283704773489,0.043896018051058194,151.86765121408246
0.9948222839013408,0.9195350363513839,0.4708175319687878,0.09421467309243563,140.4328441950488
1.0008224663155294,0.35501045868874304,0.8807964060063329,0.09210770825396376,145.545210643808
0.9988965168527846,0.27470260072764996,0.4724785033951754,0.08215070417379874,71.59505334779823
0.9987171481633842,0.44631653098181645,0.6365611063435063,0.028858580380753923,114.15646008169483
1.003059848459291,0.8280695970515375,0.7332384619543206,0.08468217709051126,190.84419263002547
0.9977098623593161,0.8307586703385579,0.3410621543779962,0.060973305013643606,96.04310487958946
0.9990915426970409,0.9384192745614217,0.9551913653855217,0.0446985715725085,243.5635340426976
0.9977146891297729,0.9939420036831583,0.9518709734426168,0.09010074428574616,259.0384958577648
0.9977378233632302,0.8738263915362494,0.3551118465343932,0.03212146475282076,94.41930331301108
0.9972445036818357,0.8393652925811899,0.622409950193276,0.041103465978259784,156.04635534110906
1.001066020431571,1.0719778140993135,0.027975146993843528,0.028775537446924702,22.027142822496216
1.00127250415769,1.0589049445377052,0.7110245589027843,0.07717274365611605,208.75954239198475
0.9993007300328764,0.4577753393568018,0.4379475464517632,0.02632494191513108,81.07963381794139
1.0003990070923223,0.9060487203220455,0.7463705258509449,0.05626575732928564,195.34608645376676
0.998172354042526,0.3504291986528295,0.44647947480056965,0.022379087035068048,71.14825369090755
1.0025924678888094,0.5920246437365362,0.7062517206898256,0.08317387106587432,155.37632555379264
0.9992604003313965,0.2666840827059064,0.5728293165127419,0.0543876684969828,81.56999815663522
1.0045237811182433,0.7867129986850396,0.6723267541009638,0.028712128899993507,162.00869689685834
0.9994020916602118,0.5943071460457242,0.907268863907466,0.047429554416692936,187.59954455790597
0.9979670004012826,0.8148393884599967,0.1159458427556197,0.052330045915579146,42.00837124744277
0.9985245246352373,0.39692402622089074,0.05521302847316861,0.09695579715632469,25.656977240252786
0.9980954800962486,0.9442266688536372,0.22027561813925645,0.043791757719469464,68.71737591097138
1.003650409597666,0.6379140765814849,0.7575206680065444,0.06511722057569866,168.83176634699845
1.000296219056957,0.6237079567711159,0.8514071592462975,0.05249515444389202,181.9329322704083
0.9971180830437301,0.2703391998802752,0.3116921838805478,0.08897956294973194,49.28427226950771
1.0003360868695224,0.862792547484353,0.6428618029054869,0.09746458919876541,176.95065991588632
0.9981626964720693,0.6725354863002057,0.4677682894952675,0.09144908861161158,117.89728324604215
1.000214895555995,0.23678684926797755,0.6726264838174004,0.029341977817332863,87.91662635247678
0.999513685230758,0.2395588959427149,0.5608954229766424,0.056855217764741464,76.05221917137982
1.001418976117883,0.36465937234897206,0.7563292513629873,0.060242280972016754,125.68873651793444
0.9974288037975492,0.8528542718902248,0.9737672367608352,0.05793208376574906,239.11055116348936
1.0019965169011555,1.085603907073803,0.37479870819918587,0.07595379397672673,127.07698814561309
1.000305798604999,1.0772175211042099,0.10131547881859171,0.04834511884202417,46.98492625008856
0.9989410515455791,0.22546770568969446,0.4055390025652543,0.09204283262752065,56.70381844214387
0.9987585314984241,0.45391195170630594,0.8888734818964661,0.024316256719730537,157.70270730790105
1.0030267107568935,0.2749681196539198,0.7023325859529688,0.05878072041319231,102.2172556141291
0.997064836618351,0.9602917861499725,0.05657795068103456,0.020458824413181136,20.528072244099747
0.9975779649338671,0.25952336146801147,0.8906941909650846,0.08954044531913984,124.12215937708459
0.999492851637101,0.6676320742447562,0.9410384565946635,0.049673893701585564,205.07801988187262
1.0024263594250482,0.7577534430356174,0.7670050593516726,0.09029718715917645,190.47985585223887
0.9980586006441725,0.7463235350011126,0.2501652681937201,0.04325874755227073,66.18964934457415
1.0017146887160453,0.2439961654065951,0.7130284601401246,0.09445394617027164,99.57384973951184
0.9984126678006832,0.6588070916196811,0.8031134846613935,0.08603986870507124,182.05985030665107
1.0024310260031344,0.6520355269524764,0.8535872619840499,0.03437808814519644,184.57156435016643
1.0008649568520842,0.8862223277289305,0.40832777810466797,0.09864683690595832,126.3666390885964
1.0032782039441008,0.7932713750382769,0.059943473047121235,0.06850200514561593,39.412211221193616
1.000081790438594,0.9083530786511669,0.593585561140301,0.07202711467939163,164.23697844126247
1.0037299060335692,0.4843438871590245,0.5145211978800909,0.0638472941530764,103.91361088285106
0.996542467922142,0.8697027116839744,0.6522061949319864,0.06520518937240188,170.60692351728233
0.9981128141153605,0.44042990301442786,0.36587816009883134,0.03816249716244936,68.35174016613581
0.9991495108495193,0.9755104678403685,0.83939987740347,0.0381535975190567,220.22994430791923
0.997673930758944,0.537498105056081,0.971062351955769,0.03035375663780677,186.73148846524177
0.9967953939135743,1.0567632703026302,0.05828184731707365,0.06483607924947557,44.33775225961858
1.000652747148797,0.5993632638826738,0.33451910931766216,0.07750686212074955,82.90748004013119
1.0008588774814482,0.6616441348274658,0.20602927308928534,0.07502171048949963,61.14281528623059
1.0013451084534495,1.0518374843209444,0.7349161047245495,0.07244919425480212,212.5702787974528
1.0010247813021893,0.988614096454626,0.8964539443890565,0.060387165650840985,240.59173295305226
0.9978477791407868,0.9522848817670473,0.1058268173092696,0.04753928480886273,42.67734121496346
0.9974467880156429,0.7873168376451389,0.8590957648017159,0.03362971017302243,201.01393977990898
0.9999609323876721,0.6277662546876799,0.5019080190865555,0.09861969449621334,121.87964588064398
0.99876221551638,0.8467432106987076,0.22674613451416337,0.05942072413833385,70.81526930364208
0.999521496705007,0.6003570380711928,0.37347008060999975,0.023231637891903693,79.84831735773497
0.9978448459266525,1.0182310279420468,0.8165786111774678,0.08378840500532375,229.72276235776457
1.0020326738524035,0.41427576025624946,0.15449031194770357,0.09650547582196449,41.401211217487
0.9996685346118849,0.5252432135279848,0.1201103977569746,0.08764066811892399,40.14323477090642
0.9993641499963392,0.4901068222937263,0.7644220117658351,0.04972993037931468,145.44598212347336
1.0018621330864308,0.3455336888690937,0.1767229355129859,0.03230545096151172,31.624594696720806
0.9973653948783797,0.7079184472320188,0.5747602591569411,0.027906452892612857,130.4404523426661
0.9969407817136658,0.9630521608684144,0.15518159830657227,0.06875158801138082,62.17273956711938
1.0023373487961147,0.7785873397743253,0.12915453180534675,0.07453284144667202,52.412011786865094
0.996829959402743,0.6097841772231953,0.18527228874042415,0.09118035203347927,56.21973508108675
0.9958234189939686,0.5802860463216776,0.9140440474882922,0.030402437798067918,182.6578714118742
0.9986273096455953,0.5796749490686931,0.07658787995017877,0.07495573021593394,32.313488668163814
1.0006481861251446,0.5409057869411656,0.35835202693309737,0.09512755750027455,85.64774628666129
1.0009530972784946,0.23312700660925395,0.5894560914814826,0.03945407060401086,77.61553564971024
0.9990558833575126,0.2977200842439118,0.112916096398863,0.0812863559119175,24.726263461794133
0.9967938576072517,0.7109095698249057,0.5287111900130714,0.02604969989116806,120.19588799974792
0.9974073378544793,0.42945207922131723,0.8252245149100625,0.09415445771158074,150.05569380838602
1.004368488440618,0.7097750731080446,0.3471233380260107,0.062073014065443716,91.71235679921398
0.9980024628902308,0.9088408010948319,0.8357357291709262,0.06048054381748455,216.13692578282112
1.0011333666164552,0.8997618124681686,0.5789000672428111,0.038243848112220494,152.22041569376069
1.0017228980019839,0.5391841264621196,0.05249649570458866,0.06845523059474552,27.126631798888297
0.9980334158211968,0.6025022119480825,0.7202891946961899,0.062283073511657336,154.64039018302503
1.002559719522247,0.25458396024853325,0.5026936580592849,0.07180241941824317,73.00962828400264
0.9998472113065301,0.7392809031627388,0.8807730614456271,0.08239745614573935,209.11123601124686
1.001097920960143,0.5126274825881525,0.9811500235965601,0.030890997883697945,185.28259515404974
0.9972374102280462,0.360772584855786,0.5069695689557844,0.06375060112576611,85.8080309829956
1.0014456059967085,0.8262391781918335,0.7791704517828562,0.058191250871485245,194.8142274902981
1.0019054358748944,0.8122458628171383,0.03993925647187136,0.07394057874597358,40.166367103431526
1.0007519527601165,0.6866159323990739,0.24013495039256466,0.07327017271911361,69.256269664851
1.0000191377817091,0.43080411231084825,0.43844377758318465,0.03569335804921982,80.0704688375958
1.0006694246960326,1.0519983371119286,0.8220823931510605,0.05264343024976269,228.1572194247347
0.9982250489748873,0.48552837562081613,0.24193263144013438,0.09591718509439859,59.302329832619364
1.0001182592596765,0.41523368969162555,0.43986993561358184,0.022623896408701504,77.2829680339899
1.000174429202159,0.9605830381983682,0.3441198647241159,0.08057069351025806,111.96608003706473
0.9986818690591223,0.3160189574434727,0.9422677021143183,0.04978888408729483,141.4133297360375
0.9987629871079486,0.22643775595982968,0.7639441731248735,0.021762196528447113,96.12243679223673
0.9968352309834998,0.9286366980179777,0.8052115439781689,0.02074633240448563,202.75471642366006
0.9999958953123751,0.5448677917179907,0.26306968185875823,0.021071228286572152,54.62469327247618
0.9952000075012075,0.9173647942860683,0.9010137303609259,0.033960625770415566,224.95194310754403
0.9989917206262573,0.4033338884992509,0.9557985343310406,0.03593753045453992,160.8564815493862
0.9996750833370802,0.21246973837504407,0.4662660107937836,0.09711145792806422,62.81585623107247
0.999831960076316,0.3586159699120134,0.5261326932057383,0.037195637390231615,86.45685947710416
1.0003847791125289,0.813939501762798,0.6645608675010544,0.0480593548131864,165.72957584670326
1.001389196011452,0.9506352405741119,0.05082786951802694,0.029116938401366532,24.42564054459308
0.9992159446864675,0.6855206205955995,0.1508266238678601,0.07642490973269472,51.330389532793845
1.0019913734567782,1.0717251591483805,0.17284805412964263,0.06988751984357265,73.8655171221505
1.000816480447624,0.7531753429289221,0.27710313447322266,0.08261432713501936,83.49792915478287
0.9976913977447804,0.5325610576802435,0.3494102971207685,0.0967052210757174,82.25581047779377
0.9996842819157072,0.9958684685867698,0.1941864334921509,0.07091423243209631,74.73846562689022
1.001581541124113,1.0570384037724505,0.5974686316677048,0.03632015701270844,169.46408244467108
1.0005731262826978,0.49555983235233453,0.26800997124235604,0.05785884221881439,59.01366253311153
0.9991304321044587,0.29605314308212466,0.2081964495254926,0.024198459620090988,31.827129059337324
0.9977347187434727,0.4984120004453788,0.6155512936087105,0.023259703651772067,115.97119574793237
0.996472796398692,0.5128308211394784,0.5727683643399367,0.039778442589178606,111.93078249322275
0.9981812744884243,0.8315851108865482,0.9509551432264737,0.08942286205592091,237.18332164221516
1.000804916724789,0.9841407126622723,0.9493853465763636,0.03498767660760344,246.4102305622993
0.9975696888874975,0.6356368660163545,0.8970372192664046,0.0914890427314474,197.70100305293013
1.0004762557610976,0.3441450162593509,0.1685143939822953,0.06290309407258024,33.570473822520626
1.0037943438486172,0.6863837325981318,0.12957190811659133,0.05116293346619251,42.23560309010156
1.0000935758654386,0.40110608084317184,0.37084058555242305,0.031252054765605185,65.45398762897162
0.9976985253133326,0.4144752296153291,0.2874482068566351,0.08059558911694815,58.65467290126361
0.997114151253025,0.5934156652385643,0.3966424805664137,0.051415961548738884,88.28592262470255
1.0013941835732891,0.7908614261389904,0.4888760549453257,0.0636292544820399,128.05403803681327
0.9992807510362897,0.6830429242486151,0.9642839842268031,0.03703486794096026,210.05884064170468
0.99695941052668,0.3136267234713868,0.3148425625574455,0.06378276033235923,51.60381888305437
0.9948733855278724,0.5567994566588446,0.06920405809957442,0.049997965839803454,22.104160689691696
0.9981149881450643,0.5058616410685085,0.8731411738211163,0.073397749526571,169.60132444774848
1.002894380480669,0.6071009075368131,0.5804219100520993,0.05696209919598322,128.4854304625767
1.0008597874777059,0.6968714214355605,0.9926367640730211,0.06375106279228215,222.40403436685833
0.9969486822327905,0.9792728477256365,0.1083075130524496,0.05990254726745996,48.86541253632163
0.9994196618913203,0.7001155294989241,0.3955107599617678,0.08614914159950245,104.70873119503722
0.9972489929959687,0.32837059812820535,0.5407556732299993,0.04444444642714464,84.61039522359522
0.9986139073131197,0.6083890983798921,0.5455382438949646,0.08985158161525042,126.13905758373875
1.0010633881659234,0.7501959823401403,0.10832747634669275,0.07044337949235989,45.18629552385363
0.9962106619128286,0.3816908369969221,0.9792999928600907,0.09557573083629223,164.73579873693345
0.9985349872448616,0.9293035259448486,0.9062788214270863,0.0938280027993253,241.16850143982518
0.9991728849597972,0.3195691442322895,0.7123936665969675,0.024770455039462,107.18574775702552
0.9952778738360699,0.5808675428424415,0.6153171676465711,0.022828534503042217,124.39589799357378
1.0001180696407264,0.5125044467626249,0.1032314373856133,0.04462196943728596,27.645725768001967
1.0018736635383647,0.6892274191782644,0.8798250504383278,0.03137671166744615,194.2698770633084
1.0009997439292118,1.0042971270054717,0.37418037904131096,0.0411386613342381,110.4175396953251
1.0014901800152725,0.7398166836472675,0.48855160769818556,0.08458860205688477,128.090201684158
0.9982824162274049,1.0114225493434568,0.45407717045719365,0.08358480170549273,142.4474397287018
0.999316847951751,0.429977001910273,0.03466236571786339,0.06949258274433671,19.694640719674794
0.9993456731983386,0.4072091940645378,0.7091454677890545,0.05838754821685409,124.42341562763761
1.0017246845868668,0.8387553152644787,0.3367433197863499,0.022723817609463667,87.00177459811204
0.9983432593474283,0.8274945126180129,0.6970678026731243,0.02603285586311998,168.83775203582724
0.9991849849708053,0.6867843214877803,0.8326249172555711,0.05755674134926746,187.36521482147475
1.0010420288119921,0.9318852149635661,0.2507182845211733,0.03512231621846691,73.96956435897249
0.9976953877366116,0.8438473792954571,0.5709189480032926,0.06559446878467495,150.3369115831801
1.0036274946102055,1.027926715421255,0.9098089093086695,0.09929124532151325,257.8250840161911
0.9988491986555759,0.9825815020071973,0.28219563494078787,0.05630837995405337,90.27120949711491
1.0011782054010183,0.29041269237360623,0.9738946342776914,0.021382321225076887,138.59752796820578
1.000561339373737,0.7682336428718266,0.11969925697393616,0.054898706373131434,43.01946484976958
0.9997085918103682,0.8329077727244651,0.027611409648413777,0.05374888983999897,28.91894645429886
0.9983440699024657,0.6531757790785928,0.09113266175670426,0.03612882543893481,27.208632440815336
0.997815041840446,0.44896943396393485,0.2133125342561325,0.09324545421947196,51.08067607138622
1.0028815105243527,0.9117627135403061,0.6658744676076652,0.06508924879579009,180.63934025378182
1.0014413574495136,1.0854397771021527,0.8428456444731856,0.03550966469543565,233.0631528863605
0.9988183340236885,0.581104238042207,0.5683755230371264,0.08174692073402841,126.26316286625763
1.002430008924489,0.8176259776373125,0.3630146462732034,0.040345353535446424,96.72930606605325
1.0011668215702545,0.9020234220946912,0.17218192644232527,0.08951371848958914,72.33855454816364
1.001112191071623,0.7996339882033539,0.43277391466084875,0.02778086678600327,107.90056396822598
1.0013265026426628,0.31289184189535113,0.7362972823613942,0.04407482276129177,111.57393027390322
0.9959251979540548,0.4130667244000178,0.013349899698621461,0.08288857655806194,19.494288759729443
0.9997759839034257,0.2332852556871497,0.7686279645166502,0.03993285663799269,99.95885495981577
1.0006132024403218,0.5639036774580815,0.08086046778481114,0.06231321573666357,29.93488781229763
0.999724796564548,0.6443565135926992,0.5562149580432924,0.04102725973518395,123.95495607119398
1.0015431980175897,0.2545131693572019,0.028896742978747024,0.09118771656769784,16.291778143802958
0.9996655573711342,0.5230884804968812,0.013375754007246367,0.05941008574922889,19.975735188173417
0.9935252297541767,0.8068722635478331,0.1727001982921174,0.06476855553436062,56.12015857081343
0.9920628531744716,0.41497222526572336,0.325098039864118,0.07277660946888752,61.749321948495265
0.9999262031840073,1.0570740190010446,0.697896992015278,0.05507898638297723,198.65378661720865
0.9937657560165613,1.044754213444002,0.7987785324381522,0.08341535370311151,226.60418864408584
1.0006910688184847,0.30537484074822396,0.8030005175208893,0.04213745393869303,119.89130616181995
1.0032974361713696,0.4320099452215602,0.3303548900185383,0.08757812437870313,70.35014935457468
1.0034573995323441,0.8425203345321286,0.0924004816204323,0.09239295130511688,56.44164299611663
1.0033012654402413,1.0831615272246407,0.9785806061615758,0.04625879260821797,267.88380615048595
1.0016340288151335,0.9087282003771415,0.5123602550426933,0.0347350631311803,136.4634811874198
0.9960825611286985,0.41272276384941875,0.4587365131322107,0.021999424431401193,78.70567522837922
0.9973451475586516,0.30100139486461075,0.2368257062222063,0.03548311562171904,36.68843887663985
1.0024735425324411,0.916627004967504,0.6025964843897593,0.06360086403269313,165.8389914096606
0.9959482399897197,0.8697886483980255,0.5684663391746385,0.08089620216594781,155.53654438360257
1.0028557015194217,0.2357347160038848,0.9106715770549111,0.07941007679492587,121.68324884990386
1.0011534452607866,0.9806709864386365,0.8907212924488256,0.07715650342186581,241.60578908973125
0.9982768471723775,0.3133244031454346,0.609835637382561,0.09257275430400545,97.17393779344411
1.0002550044458471,0.5082771971737212,0.11424205069589868,0.026870674313637093,26.180017502647104
0.9968504964398411,0.3763888903177762,0.9439498425805256,0.02359707972172135,151.62336578508706
1.0011448248825021,0.8709988140696336,0.6695630603483803,0.05750194278131392,175.46436553951486
1.002000187859757,0.6697520903384231,0.2962044089838956,0.08445170740896041,82.3852744269364
0.9964636509470793,0.9119552636409052,0.782295135946495,0.0904382435219497,210.5721815320929
1.0031351641662705,0.8145748010737628,0.7282122111553767,0.05794426087353649,182.8275027101539
0.9993201349301377,0.5616921137910795,0.25621080142324437,0.057029582921163224,60.51047102241506
1.002233831824612,0.7165201020386383,0.9342296509681046,0.08853233548034957,218.5072770333525
0.999697749752123,0.9397891802307718,0.23520439493958614,0.05897788034367228,77.64886075943099
0.9964052965009556,0.3644642262788258,0.7188927088316573,0.08222168825934842,120.66059828363603
0.9977832782873676,0.37474525430609706,0.9300813613403854,0.06459913107249803,153.57542529957993
0.9963857629006643,0.4121251917293658,0.911592380715802,0.09885987863078732,161.300643456525
1.0023454818395634,0.7563161758013215,0.49407947610668596,0.09638801731933357,134.09070757671282
1.0017902610260925,0.9494073534252254,0.27450288485868113,0.07285581908314874,92.93543625606884
1.0011024056462363,0.42073339977595947,0.1347801461547264,0.023676153885410577,26.735974535929984
1.0003405375495722,0.689098435639228,0.45990305489694966,0.04887732152987283,109.60593417030424
0.9992570731174324,0.8326981999530165,0.2639400122887711,0.05881607426752149,78.40615256055526
0.9998075220158772,0.8621906872110539,0.32962218042683006,0.05350102202734408,94.17577334952239
0.9975443657539822,0.2164958833573902,0.6252531847550278,0.08416548286806684,80.81043897880113
0.9998192048370339,0.8576739871477244,0.27459891040972373,0.08880058662093902,91.19179061775554
0.9986741904127131,0.7199485984047973,0.3124574386013738,0.05337994523458146,80.96229679675389
0.9994216812475225,0.7214114807334471,0.4479300909663983,0.024424117612232985,104.4123898745816
0.9994428283781187,0.4458342791054627,0.8291846975384279,0.05931327894230888,150.5552585577961
0.9994518227206373,0.6474235034988619,0.6846397315689527,0.020855383303119545,146.46273884520463
1.0012986488736264,0.5991371260328666,0.14686500733466118,0.036880290675474436,37.8404858860859
1.000715413399913,0.7122431833476874,0.023738165380912016,0.08713205435848673,40.09884028698809
0.9985533057737794,0.9622864835639355,0.8015390464520188,0.04959290673092306,212.01798067635076
0.9969773006703625,0.9848601627297129,0.2405185858812392,0.08346126060967612,88.65203633299183
0.9972135405350039,0.9230412152415746,0.748048520857994,0.06329400345022386,197.92396240954534
0.999127229499363,0.9004622333068732,0.8456389207349949,0.08086354063942447,222.30506941562615
1.0021141350419436,0.2801288439620691,0.07122107473912515,0.06799052977368175,18.269993993067885
0.9996280069495239,0.54566163826184,0.15655616439440415,0.027170581826947027,35.168359264961
1.0006033292974692,0.7538884510099133,0.9202116051324085,0.06392743266540729,215.4367224179848
1.0023186614961221,0.30343775747697616,0.2179581784660987,0.055585495022377,37.991626152581944
0.999369958150112,0.9039811713287176,0.6943182305243237,0.05311722686007801,182.41446488022677
1.0018779446965358,0.8106976451758945,0.11658367218254605,0.07356356382358234,50.90823763315103
1.0002322344090042,0.6848255549270148,0.8361425779363535,0.07513322650571287,191.26579060681155
0.9980215337398131,0.4919907471095933,0.19244369950545884,0.0339103686410686,40.387551170992765
0.999463980708137,0.5246229866424389,0.32231668653724943,0.054454747856641034,69.97925108489648
1.0015642277188912,0.7786687422378971,0.8682387139667296,0.051057392582141134,206.30093475218905
1.0018304388084809,0.5301305564549977,0.9605358454309733,0.08406279269790842,192.10787967562885
1.0001349646904236,0.679811361304129,0.9641532420256234,0.095843261149472,219.0771814746485
1.0014015999956027,0.7637306872398557,0.41033176559972173,0.04919364187254883,105.18956154704944
0.998253696827087,0.2869044276061259,0.12254445941827027,0.07326976992350177,24.167255987343765
1.0007467545269417,0.9596560847095961,0.6908172489020278,0.03773024732583185,183.73529578539984
0.9978027613288708,0.3220705915179601,0.4383057254153728,0.040763162657470084,68.43127962451405
0.9975493812119762,0.9581898171261802,0.8740998871786478,0.023298137851814983,222.53632606225128
0.9979406687702611,1.0336167510303582,0.943899630779255,0.025958294977331722,248.02494357304678
0.9969407456774817,0.6711485173546108,0.2472680926602123,0.0788227349167096,69.40151112007652
0.9989036112393165,0.39349288143051775,0.13109091124526398,0.06362232263162912,30.079163309347166
0.9977190508724648,0.37583816019311067,0.27721501218182193,0.05461352850075285,50.44608632150454
0.9958337532164357,0.9151653703648426,0.8937881363433682,0.04579405668862691,226.63615580372704
1.0017876536400772,0.6343206276541291,0.490808112561767,0.0443184250703234,110.75033333152078
1.0015375691822868,0.6421200945243755,0.6068277219297632,0.0907197416879689,142.98870569268234
1.001250659918209,0.6094998827659679,0.48935440148154735,0.08148187972628655,114.79379859794244
0.9977072311859824,0.49395400018116403,0.7081041281482391,0.09142775655183867,141.01458358020102
1.0015988185445652,0.4389094376329939,0.7988196218801046,0.03890204855513858,142.78291789696175
0.9972029753676737,1.0431022177089488,0.9108355231023274,0.06681323366787476,250.60678548143682
1.0022451860344561,0.7884088009713508,0.7828667072141491,0.0637623439389994,192.6855125043691
0.9969016649366401,0.8425058251996405,0.8220999623939795,0.043905229610223154,202.00794360308467
0.9962753304195708,0.5555679169762662,0.052292115603666665,0.029098607229682223,14.768736107827124
1.0008892418868371,0.8138762677589988,0.882465230329826,0.07221843145424824,218.06412426447653
1.0004048791419282,0.8003416093319238,0.3158566139332522,0.03127773752514658,81.86249247490349
1.0037408652091897,0.9998362611453135,0.6731015766376283,0.04050720828793053,185.24974094694232
1.0012370714050958,0.7404988644704686,0.5757121884935338,0.03707456777797583,136.98474763738722
0.9981227303168009,1.013756803653835,0.921757275471283,0.055470773103448584,247.51077399677948
0.9993384406571136,0.5894824044850268,0.8300006314637778,0.055738577665539815,173.1012436911423
1.0009901349010997,0.6447010858210165,0.686833338154354,0.05686056009121504,153.2342241949392
0.99783574990066,0.8864444706255266,0.31094357115789784,0.02622480276564791,82.99545019590624
0.9993141711656481,0.36457454550311313,0.468785982803922,0.03594472275560469,77.93641113717075
0.9988951730904188,0.4549523788144864,0.5764924804554123,0.06416851271891276,109.52183446598866
1.0045918034445909,1.0457596815799652,0.46565663808104135,0.029077893921230294,133.97149474469296
1.0010734532305456,0.9948952565796501,0.5690796662536359,0.08655801732126536,170.6159094709597
0.9954735151439028,0.5770147430218955,0.7229804934995248,0.07753411647177301,153.08998280288
0.9976738541763268,1.068584263376085,0.9213331137511578,0.05892835980859798,253.9934634782154
1.0002313718548126,0.7490267040809777,0.6995974877079253,0.046946183909509054,166.18780510964683
1.0017270902625819,0.3812500894624453,0.42548811918583945,0.061544607058790154,76.76404005971995
1.0004822368606288,0.7929207174047312,0.4079088981077212,0.025465334962557415,101.00541528704883
1.0013432358960856,0.7524340024923182,0.3835035322071975,0.04046763771615439,96.62455906215405
0.9989934947943785,0.7452633333763672,0.14783526083224463,0.025030317872192072,39.32958320376986
1.0045734489933411,0.3897002415277189,0.6223814618539113,0.06077824732004221,109.67031979548369
0.9960569900230846,0.23300445113968501,0.5793290695892926,0.04850942233281316,75.31814448351747
1.0042811609535534,0.5712379056007706,0.9423683257030708,0.08798349465456408,197.39015591088778
0.9971898596321153,0.5871384982989492,0.3074987391422022,0.05059484570398501,70.10068324778439
1.0022191009790562,0.9501055541708467,0.9150881742949581,0.07216068398015604,242.73423104910094
0.9966984363148131,0.8668033210707686,0.1384642767618156,0.08207041400222458,58.828757674431074
1.0016494482704816,1.0427637010336193,0.4532729003610216,0.09608555574710057,150.03497422558678
1.002974724687494,0.3731082425496638,0.3406591862121171,0.039123975549782274,60.146738562201676
1.001130818129271,0.7094604316582311,0.8998205835160513,0.0888981684919539,210.16207572206082
0.9982817147032427,0.36642166817554817,0.39069155383657217,0.06762396017997734,69.05447758139047
1.0012261922164458,0.7508441000890522,0.9223258795822151,0.023727445247396572,209.54977661747265
0.9984453100002065,0.9929045045786311,0.8948182602199413,0.07262975477913962,242.78855476357253
0.9993533683738255,1.047077638135484,0.06877983833272924,0.05092655346022374,39.83479663134233
0.998272253762518,0.28920101291749567,0.4404067742539655,0.07974110857648091,68.51776776368843
1.0004268933315208,1.035285922742685,0.6802499066027212,0.07088270836182002,196.6730603894338
1.0021213906669235,0.5840330439152583,0.8402494392871582,0.0451674183496779,173.15733092883997
0.9990781959696208,0.9765939034412323,0.8574971725690157,0.050385941324700693,226.80410254318437
1.0004174265389365,1.0821791223155817,0.2737461118417659,0.04919615761996566,91.14713341436538
1.0027104363761838,0.7616738556602354,0.35232203106885573,0.06844489212614564,97.61830469368857
0.9986743261897355,0.2905677926216984,0.2457368344359471,0.08379821647098488,42.40245283356944
1.0008905956373497,0.5321833729423988,0.4556286685461255,0.0858348006327024,101.01902688912338
1.0027764812406683,0.9697458910085095,0.3195588078388593,0.051459970842449326,98.64083182710488
0.9989935386343658,0.5086576684215034,0.7737235263537307,0.09962566725345585,156.4488180849691
0.998288815173503,0.7299696173196246,0.9382572065290692,0.08413019343795729,218.80972596247386
1.0007983076581097,0.7422555566124225,0.4778371761133485,0.05903972110922397,120.36805938092272
0.99576513322625,0.9893006905675159,0.5147676115603917,0.03139073783160209,139.96299660367532
1.0016292576775239,0.38035061033547596,0.993616213382557,0.09343859662935401,168.4981587300403
1.0007963779251259,0.7179213450337558,0.23473495946075634,0.04039137936917687,61.78169720670155
0.9998745837069812,0.7026651643411956,0.49990955906069884,0.06056466839553655,121.41700043939647
1.0009337728579546,0.5609476475253621,0.12970441567780666,0.048998753493394706,35.541315441935296
0.9967991392477238,0.5413246394641131,0.11850179181046053,0.0601282552155437,33.37359770844182
0.9980664868771986,0.21120073554534569,0.015113894091268044,0.09997038550795445,12.526480236346515
0.9949833610283204,0.9313515206361898,0.2029809241127281,0.054707042602322314,66.41289266673152
1.0007593772470438,0.5353507052849757,0.8844730459283243,0.06225752217917903,176.10383795552326
0.9967122697572487,0.3895961949636709,0.663375633017617,0.09690683156188824,117.82445174164235
1.0005932344068513,0.5742459607850593,0.7351085870753007,0.02024214273900004,147.73455162319658
1.0004063005385124,1.0079845788406243,0.8685164272504167,0.02926573583303517,228.78740380167983
0.9955405777486531,0.7378112881003567,0.9942327374717421,0.032789067534726726,221.72476519596862
1.0030430244379762,0.9537253072332992,0.06723125946918743,0.06717813175070972,46.23439868389619
1.0014695665345081,0.9225431757922591,0.4650578196483248,0.09602139179579687,142.08188115603463
0.9989846584186255,0.8868081978257965,0.6417376296725847,0.04943160135402212,167.23246995621037
1.002653642977043,0.5984385408268422,0.40552885336764943,0.07989903266328499,97.76934113876786
0.9975359092906664,0.8885061052884868,0.23987281582606465,0.028517056063612208,66.36247383979713
1.003452070075028,0.22924515734370943,0.812743605100596,0.09714033386061734,109.3160855580756
0.9981182434468637,0.5761583612825263,0.3388757370665871,0.04287663111721239,74.36312761820085
1.0014279801714927,0.3856187232803023,0.5511110500722329,0.07133101270580332,98.37170208300302
0.9997469351361835,0.2031558994647335,0.9150601572115011,0.05078684576509912,110.62407218876899
1.0040326099645716,1.0182744106562234,0.26157484724160124,0.06563140067829702,92.01483758467816
0.9989205635966533,0.4814249972878543,0.38288388373108023,0.08875926276471859,82.63459862611052
0.9990792303739321,0.7037115409013515,0.3743028393920475,0.027960457721303664,87.81119815161185
0.9994818052401618,0.8802979534811102,0.83923605781055,0.04610913885574869,211.54187395962558
1.0005447839456831,0.7341387011963028,0.061125054977409006,0.06791559909691673,35.528851175075374
1.0022275498455864,0.41703430943124203,0.4316793304686958,0.02347618392228081,76.88787368618347
0.9972782798480251,1.0980738022083794,0.8869136733016417,0.06475898711216779,250.18379621271498
1.0006706074276417,0.7596694067333429,0.6010661885804935,0.028238016690996216,142.20412981327615
0.9973724665792127,0.7904360277036615,0.2695769706553555,0.026045852606170206,68.31734187806438
0.9997810050234891,0.49578107609329847,0.20167760462936013,0.08877938688613222,52.45433159774478
1.0005233071740003,1.0877943049973915,0.5877449889433245,0.06725673413043028,177.9050211744111
0.9998597045042462,0.6188401335669528,0.43423394627770406,0.048860722109487054,98.20270430277378
0.9996529479890087,1.0043648695931242,0.7184190511545673,0.09095860362192913,207.42058485138725
1.002691575194882,0.5281261299304406,0.639634290661857,0.09116058436706118,135.2278850354682
0.9970123082016089,0.3442079089581144,0.5260275329179538,0.06590943287659162,86.6592239413016
0.9976190762900148,0.3816003696231357,0.6093917104350206,0.0539766068129829,103.7059061639635
1.0011734850736072,0.996833782287526,0.4764901910369773,0.09076795036896329,149.62493814156528
1.000971689129118,0.4424583827882565,0.8228542117521239,0.06808263228388832,150.40272499927
1.001583289012879,1.0408628948963004,0.816086944500775,0.09404440364698081,235.5087425729228
0.9981803785546733,0.421260243690358,0.4733987927037306,0.055109339818266906,86.81063410141911
1.0014728967508513,0.6142288481613729,0.4811862352141514,0.0997635372314987,117.1314974704897
0.9971986222674236,0.6171594866198906,0.955076537739405,0.036454560332467044,197.35847776044665
1.0003194367944384,0.817592618894945,0.7787296308315772,0.02232178983215416,186.20158096442404
0.9989404369792563,0.7966325336755822,0.35837315098612066,0.08140699464228321,103.05733756270547
1.0006298435238055,1.090945889882368,0.23070164407218552,0.07944029872933475,92.08229294221547
1.0020042057361038,0.5791241001341828,0.9872258960965555,0.08181297771273288,205.29270934049725
1.0016298398220294,0.30071527542575494,0.44603471790708993,0.0855900938557519,72.57109747167505
1.0024009592511525,0.9141061147857548,0.8453406812313706,0.027299033782572195,213.72729701279468
1.000606959475113,0.3024586995318839,0.7498388649500096,0.05062065994620085,112.14898382584374
0.9990338211762317,0.33718507295011213,0.8397363699807923,0.04369984817188613,130.743614219608
0.9989575258348271,1.0187952078449898,0.4762977548950462,0.040479292293350566,135.93160428919896
0.9986029964078498,0.9623171262479304,0.5199021967900783,0.04564801928374902,143.99432356964036
1.0015280900534544,0.26975239447645827,0.16569737129863438,0.04466187807943406,27.22767821043334
0.9987828659544482,0.6078826729092224,0.6788129151948673,0.029293765529492567,142.02218897657724
0.9996950754355514,0.3959210593008262,0.3344434759758942,0.027966790111221024,58.61028518985364
1.0018523839198648,0.7115637107643336,0.04487435636467966,0.0724819198212621,35.225544802188324
1.000277155980339,0.5472953178231375,0.30668746901244165,0.0916019248770598,75.72826074011954
1.0035278463602932,0.736601257809941,0.3998572419845897,0.07443861965853463,107.7136640078254
0.9990734495000376,0.7962733639460517,0.9195070706384612,0.04093392647774355,217.20848835391473
0.9983758262724329,0.38128801662058626,0.29961425623165794,0.07254906084153599,56.89198119989203
1.0023096823892403,0.2582734982690671,0.39419378055864457,0.030605443068319575,55.940172910248634
0.994334896781838,1.0517331628159945,0.7685768561034557,0.09753042059601019,224.2610888246929
0.9977115294995116,0.268324475300601,0.8563253592792232,0.03311161637906154,117.66408552154286
1.0020006172117277,1.0083618170176485,0.7564985345873168,0.06586736100962809,211.52929188492527
0.9980067185774557,0.801575406914175,0.4668221785943206,0.07419841097288857,125.54744497176392
1.0004814989069368,0.41775861237464984,0.4472379400756319,0.09958159185980853,88.75732185192976
0.997485086420836,0.8473149126735626,0.24312491969500724,0.06218282873481813,74.76597869751555
0.9974739177720634,0.3140651297697072,0.7678480188479743,0.07955443403606784,118.35252166856577
0.9982814886321534,0.8673441294048119,0.8070312362115627,0.0202602754084582,196.78405198045996
1.0007895094220107,0.9206689910874357,0.0679423403297968,0.08145800499468868,50.58941852146688
0.9985180022272733,0.7000025500551563,0.14003161080888823,0.05669194980824811,44.17938716002874
0.9963108888632365,0.33372481145067934,0.4213871051426267,0.09255942191571111,72.2592279245514
1.0017487392895597,0.8660514923090881,0.5141623775759733,0.03668192539262152,133.73180717460218
0.9972965774777703,0.5725632490087177,0.9953230163417806,0.05180165613088879,199.57947196383728
1.0010522677313076,0.45603864663931093,0.03888183952928039,0.02669595100811698,12.059446030589243
1.0020592267594786,0.9448202937144738,0.4530449741572043,0.09645300594260166,141.70166158771104
0.9985125935836218,0.8931508521282718,0.11519833022981443,0.026417090992539985,36.11543389765211
0.9995035148349067,0.3975491848616324,0.1018859477854627,0.07434668074002748,27.768930148031302
0.9977543488988965,1.051214163439405,0.41427068328587596,0.03401653427520074,119.98259448424767
0.9992258406588351,0.23263752172719293,0.6308400197548764,0.03338910136610971,81.73399770052606
1.0006462290300482,0.8221524318194302,0.6388371580662453,0.08511128830431232,168.75094514016916
1.0012559480515657,0.8583150461176696,0.8569155268979769,0.05351927275196383,214.53765006133307
0.9992727794959017,0.5093238873718835,0.5050125910455368,0.046331770447908226,101.04225484245228
0.9967523708511623,0.3405422768545171,0.6768106718615847,0.03946955152501895,106.00467497933056
0.9975668004686868,0.2422491903038628,0.6515091373397983,0.05856877273054038,87.36128553993905
0.9969799905224538,0.37923506530513085,0.35244729373720335,0.030507884010635707,59.53851529483018
0.9989750342284963,0.5253258130510758,0.6078136616402011,0.09728474019484379,129.00199373601862
1.0036104215046633,0.9867438383587597,0.6875300558296684,0.04534695688445787,188.45184136842732
0.9981233372384589,0.8370717141280424,0.13409845308936413,0.0593591355906907,49.2261400917526
1.0005662457693116,0.7911511667829034,0.23270038002575447,0.02958294116821565,61.88766076297418
1.0004559679913338,0.5102147913034207,0.572696426599858,0.09020319017288822,120.02918071539347
0.9989802934537763,0.8934016901032884,0.27116448353624134,0.059466369657546606,83.59932512525398
0.9994280708166939,0.5610597163407198,0.6186518896217031,0.09943711319557992,136.32089254514415
1.0012735356454234,0.30393698116046747,0.920661028081149,0.04230790561711057,135.97266330715524
0.9983834275444347,1.0095281177562494,0.1109901522451691,0.08700917382302338,63.45262243197902
0.9998622949494788,0.9066979718793888,0.8438007137339092,0.02367014973876344,210.6617255385579
0.9964403854185383,0.47123550505568434,0.07516683406889978,0.0867528971542487,28.723501592676826
0.9977042347854982,0.5788340997263142,0.09132710777341906,0.0735816114639216,33.89199332365513
0.9998700273452685,0.8104356335982659,0.14367036635401761,0.04816885944686368,47.42661769735986
1.0003502075089747,0.8199147346052607,0.4814641106514511,0.09385179456202278,135.9521694548759
1.002427741313362,0.5914704929920909,0.17956319543806964,0.08557489644662307,55.03775533271693
0.9964304837946689,0.21770074615047535,0.6882129859098529,0.05749393538797129,86.441455159643
0.9972659342822048,0.6120153293740985,0.7107716222186936,0.058542695143045345,153.05482699159097
0.9963071750450971,1.0388529399489492,0.39565973458649056,0.0348828365913707,114.56694771062212
0.9999183649663221,0.8898385033517238,0.7713699363430301,0.04099869379381321,196.21539829510985
0.9992782365796122,0.33896817223584164,0.3615352990535772,0.09622610815487585,65.34977794754269
0.9998684814141996,0.6674866260613952,0.022774810774816745,0.03199717390166847,14.592145734565747
1.000366478931905,0.31868016184624953,0.8614732670911226,0.045605284869803156,130.90925347648783
0.9989749830435918,0.7601015273953275,0.3439974780607344,0.07313103673709098,95.40558301136173
0.9981779177078278,1.0385865022333747,0.7470400640892705,0.07669952101955073,213.7794000174923
1.0007696637001147,0.5496053198963047,0.4219920411901736,0.04685324048026113,89.8711938790691
1.0018859277249736,0.28859823132313267,0.5018633140122384,0.03634496349525777,74.52501565522971
0.9971649988115505,0.7527726177536116,0.10619342033339267,0.07267860089992123,43.90949782703876
0.9973625631136479,0.3789236123494225,0.790417127102517,0.09651559011364341,136.00817382971013
1.0022644139609411,0.5358016734458313,0.7962299711591302,0.03724058047596861,157.1879595149149
0.9985392372547066,0.3593090152668562,0.7417256429393401,0.030637794304811932,118.66389417403849
0.9978537170587254,0.9337307612608368,0.11343754973086351,0.04713992765656554,43.80159674366723
1.002791959665272,0.9425289326407869,0.643896920543939,0.06505008516448098,178.0387285590566
0.9992679538183908,0.3620215115404702,0.5477006890642363,0.04780011717835293,91.01338572036173
0.9983913449630796,0.9382495670678461,0.2189938769820467,0.054636896270354035,71.89051500558793
1.0044900906830765,0.4977560549889058,0.485545510650484,0.08086822147595124,103.00926106188751
1.0017911147048746,0.705032001993865,0.1842800842326674,0.02336775231765052,46.56260635879147
0.9996482826310823,0.8621867335655862,0.038881016101313726,0.07710289545527474,42.530083773852766
0.996537058791927,0.47498444949430474,0.9873048994184067,0.05801246977467481,181.50001083836523
0.9953663230590248,0.3550361298104519,0.3655130820877062,0.027446769717950553,58.757197888794565
0.9955255978300338,0.7010731410521418,0.8583064826119923,0.04385813461028455,191.09973341073163
0.9994738516344828,0.6659253870529422,0.6993657464771353,0.07579578836753306,161.14409847877658
0.9983584954838302,0.6236255036796505,0.8419866505723468,0.03871027335710726,177.3415738972045
0.9987096321116464,0.2589894865466237,0.5281841876265119,0.08461248806523278,76.67711241905693
0.9978988781319315,0.6587373570037196,0.7797364373237717,0.05959760126891951,173.2198912809457
0.9998629842072486,0.4060418155797023,0.8083897442852934,0.09072182220334765,143.8583258496227
1.0006358292037294,0.5152495430872728,0.1460321689778655,0.053858459254002344,37.41542823637701
0.9981705021145401,1.0564317142356927,0.9436790961963294,0.0735222338593133,261.28289269281544
0.9957359338605386,0.7472376533939058,0.8741707092505778,0.0929569305456793,209.106659520612
0.9997909123593111,0.963608188635336,0.4883882399829346,0.057209137745012684,139.90882856270048
1.0023912005467375,1.0843770426288357,0.06251400567269091,0.056485831064975636,44.41235445373195
1.0000477587218972,0.9624393495644306,0.3717040113777097,0.03071036497409261,103.95515232575895
0.9965653012240686,0.9175165861815664,0.39282092526876133,0.03725106058662188,107.07848577430894
0.9990983801657625,0.9745171011081413,0.4694888535351577,0.08261283359913833,143.3197264798693
0.9997743362096485,0.3118040447558831,0.9365042304772233,0.08597725932648467,142.70877276732773
1.0012468394167218,0.9413407325339465,0.3680967857876017,0.08169897001378038,117.25442509079323
0.999870213583482,0.938224776518211,0.7470205788670917,0.07829289955780915,203.9040097011714
0.997183562440408,0.5094205715888382,0.5969137708456255,0.07993511180539942,121.90804401661438
1.002335110585101,0.7310112779140092,0.7113763545471985,0.052531984788158875,168.44752136025824
0.9973207639620421,0.8151325998318624,0.3274554636897088,0.07625976304983219,95.90787257627267
0.9970956367393818,0.80740692631485,0.7822648431802506,0.055024068991990804,190.79330633012606
1.0011332888853057,0.6301994417614956,0.5357841740789481,0.02503886430104176,115.8261617788383
0.9987184177989955,0.7984438362290951,0.8455202525269225,0.04493612047517357,202.2041488527822
0.9992608717696629,0.858762196027977,0.07061006872780407,0.0866308137602572,49.45194243318076
1.0010701805252977,0.917395267538242,0.13558049925317453,0.05856984307778895,53.811397337947255
1.000634589078462,1.0126773658531127,0.558318058030494,0.04988715421221846,159.42277785855822
0.995321364417099,0.8424337513402391,0.692415169180234,0.0807887705794676,179.83096527907813
1.0002135803700878,0.754948314272208,0.351223108364526,0.049537430920134934,91.37831179755477
1.001679135084299,0.7349718537363519,0.4178671266233644,0.098942301159306,115.99386260499409
0.9995352476333884,0.5246851054298055,0.5817999424995219,0.057292224406609374,118.41672669204638
0.9994841087320464,0.9881025986132925,0.9153034389521331,0.0787735291763092,247.94649409273012
1.0000911883250618,0.3675335634119902,0.5496607418580045,0.061314202659456266,93.92791090778428
1.0012702915001568,0.5694623305773772,0.09753943828808698,0.04350841559040704,28.808897503916
1.001226657141059,0.43491699312714116,0.23098879802505376,0.046710454513025135,47.06378065015724
1.0011955199991691,0.47174445044432967,0.1911663495719727,0.06655202992336008,45.65797656510978
1.0027744146429922,0.2664002074728582,0.05266078428345188,0.04968731483415751,13.566591601546179
1.0027816840848711,0.5780797485295179,0.23723313392018544,0.0362012478390423,54.980188923971866
1.0006338122235239,0.37996574475646716,0.6433796922092072,0.06269100742379581,110.59818714066557
0.9999475886156319,0.9173962758110752,0.6024004737551938,0.03057147686066494,157.07157281799005
0.9946262672122284,0.6502475366451184,0.8299217198137664,0.07263269549931825,182.5558212372515
1.0024124786645117,0.4885577249910745,0.12055402232441376,0.07364481753033394,36.48926952332653
0.9997101501252983,0.6364344575530758,0.3063591731893909,0.05338890115654983,74.68676055991449
0.9998883596488194,0.8714676514366879,0.8686010962932253,0.05654110357041138,219.28271358549387
0.9993510569155588,0.5260604684097541,0.761018901978148,0.07768899651683317,153.91578769057446
1.0025363035560755,0.7915010013475714,0.77143778062383,0.08147910672848124,193.78205827971593
0.9990554023581165,0.35664485699070386,0.5822922601234308,0.04127833990647721,95.06556505087235
1.0012186969971988,0.6667703234645019,0.9431725358532729,0.06913018028274193,209.14058992382203
0.999407008447939,0.9620223042416873,0.8914949959857797,0.06583931964470031,236.96355859593166
0.9998703157919733,0.463289819283074,0.7907866456354742,0.08837485735779313,150.98494581223719
0.9982893878868688,0.7110980442034707,0.8144203276004018,0.07879385951963791,190.57291795126267
0.998967271011012,0.44724100095259817,0.06878232332481651,0.03261633731594566,16.963143768081807
1.0007597003631965,0.9494258991590563,0.6917328266570075,0.06889097470129273,190.4620507994821
0.9998132792410602,0.37314239794635207,0.7330928397695283,0.06848710973809778,123.6426805477733
0.9966944820122458,0.5373836473500873,0.3866737965763536,0.038334347787685547,79.3507100597568
0.9994618286685908,0.4638958773210229,0.6915749644434958,0.02141345029717769,125.51446766007524
1.0023367558059804,0.38913285301208966,0.9619705850663182,0.04808822119017281,161.22894363267517
0.9995237281745669,0.24969349685685788,0.9559330682372187,0.09120544017703033,130.66654162283908
0.9991113697070175,0.5028286263442081,0.5669974891180029,0.09493481473854934,118.56112447525038
0.9994447449971848,0.6297524233317544,0.36137290728329186,0.05492049441917145,85.49799061385664
1.0031071647531142,0.9141161148927237,0.7441249672547895,0.09780966713314536,206.10773160789492
0.9983603371422265,0.466041074239438,0.5562707047943538,0.04264501862679276,104.18521662826697
0.9954341429525786,0.5462901289656998,0.5169387575406004,0.025376615852888085,102.22711570066946
1.0033613657238343,0.2408227262051381,0.8569256001198283,0.0590935437920367,114.92344679095811
0.9959257028219434,0.26646297812531894,0.21356585258200053,0.04629123844272723,31.583086260378252
0.9981517725137232,1.0056273512322311,0.8216906947278554,0.0904762756638766,231.11399173778605
0.9967677656544249,0.35028322574399473,0.4255583894330128,0.02448081335929308,67.66696146014311
0.9989127560196716,1.0547803185740388,0.08504592927306434,0.061961362901082076,48.570554334015696
0.9934506371446415,0.9089718072695085,0.12798442346068545,0.07906369953976236,56.09937440919862
1.000133774946528,0.4586554018428629,0.7326186751136593,0.03297952433995874,133.75314751744588
0.9985582665098574,0.9757447878999066,0.3101257876381426,0.05403972464701333,95.91816850753264
0.9983573021928686,0.5799836280470578,0.525830942433292,0.0699759794390905,115.70808881064778
0.9978200532897832,0.683138436671451,0.37486834943703534,0.053813488539867435,91.4814464394426
1.0015641286964225,0.5281614778306701,0.5624743302377953,0.05432896252763671,115.36147193760775
1.0033442015658443,0.5414947825586369,0.5737528274925763,0.08536501897425178,124.83392303020787
0.9977568942060963,0.7997292054493685,0.16999829553153106,0.09261797504722606,65.56733419627568
0.9985410105098518,0.927207653443088,0.07909174481604943,0.08796763578981641,54.33007179140964
1.0006032945087115,1.0224869267899965,0.24196900558487455,0.05908793737872825,83.8872640636925
0.9968986979285391,0.41061627152670527,0.731468643633853,0.05734003132529479,127.79433100485096
1.0010139969407472,1.0810843531752663,0.8773680757394845,0.06708999747514945,247.6661206337004
1.0021310592643577,0.5121911435858609,0.049015126708747726,0.09838150741904032,34.442708595283534
0.9972610250182871,0.6746351142409579,0.3946150612343801,0.02289031765633168,88.6168101396699
0.9957337396467941,0.4680129604456428,0.3054556705846554,0.08390031302481381,65.80681771238369
0.9976801262213503,1.0242516203895022,0.7739502962672733,0.0752371676015909,218.2993228299178
1.0017960796797047,1.0067851098853953,0.7193419016627748,0.04313143857942127,197.064886211876
0.99859664965151,0.6497518856055113,0.9341026912756079,0.08840638390068283,207.1391046314645
0.995939520039538,0.4284950543821963,0.5704708822476794,0.05407196777943468,102.92568695887661
1.0003276184868681,0.6197718300884789,0.8590692636437351,0.05477217761007555,183.2560882652346
1.0034311864088066,0.6295076798968847,0.12806202400872732,0.05814262301140119,41.22416610815162
0.9965359476150966,0.6991212506142677,0.6104671778222709,0.05055593266236272,141.0422562175238
0.9992386666364271,0.6681458272900933,0.43036377497452893,0.035735875796815524,98.65747738235893
1.0017213263421334,0.9852632892329507,0.9612581077547185,0.04644518859387186,252.39234477955975
0.9982589864994518,0.7681515867931756,0.8177077953897506,0.048255560180686136,192.47414666032049
0.9958769668801568,0.4563396983007729,0.3170336393243977,0.06382538997704101,64.00614428975479
1.0015390508781146,0.8148711179647576,0.4636524694033153,0.05125127296282825,121.68018414525966
0.9961350416087843,0.7362633163128212,0.8049116402749383,0.04561585799330903,185.0482589222686
0.9946863936970649,0.621636384652297,0.3967882565468983,0.06603100917835666,92.47308731082114
0.9993759984810514,0.4193256127117167,0.2721590490417045,0.04881391209277054,52.652969335224384
1.0052018375806002,0.28749653111225826,0.5849744745487091,0.0871474297758336,91.27425160580225
1.001324183821871,0.47998338841771027,0.6012998944436863,0.04612139144912422,115.43327981837695
1.000861119605137,1.0308091972647937,0.3553201050244552,0.08477170805979742,121.23645208167858
0.9991014098847315,1.062738273753243,0.09714865264951938,0.04153420017006419,42.109391401773905
0.9956482299730104,1.0443461129139566,0.559030323678013,0.08983301376435165,171.21952315794636
1.00130428608782,0.28696137531025595,0.6489118297821679,0.056106916404148985,96.2071092809847
0.9978708168806516,0.24479332549264435,0.4832573335185915,0.06818773245097569,67.18613900849721
1.0003356759591417,0.9165220698457623,0.9944669947063723,0.043523903687384666,249.96457039848
0.9975209559629362,0.7056276780721764,0.017867392350842805,0.029662704317487958,12.562111135952023
1.001594699835408,1.0353542859857454,0.9364091955871607,0.07273291031521058,258.45965002060746
0.9981376567756148,0.973873227249767,0.8142791216266484,0.0394435015385206,214.11971603825168
0.9994983704466234,0.30054956997899296,0.4332720884755019,0.09919458225480407,71.50229017324853
0.9988333331495469,0.7126825907376713,0.7634174319641402,0.04213794687558526,174.21061899591845
1.0019908292047177,0.43763534754174616,0.3617988003859896,0.0851731715559911,75.21694216203696
1.0008627869994853,0.35232136327667585,0.5021375468451813,0.024666785021882322,81.0441399129536
0.9990459970782471,0.5284868042840734,0.7875776571560685,0.07767416352022474,158.97965146855205
1.0007404760566743,0.501361015769394,0.65663520444153,0.097176261748373,134.8856346336505
0.9970234830007404,0.797381591027926,0.7999492097946688,0.09562739616669422,201.50469467689533
1.0016008574816702,0.7332063873641688,0.8160841527266407,0.05764358626157945,190.91367393677814
0.9993355416670717,0.4144990753386352,0.938242522996586,0.05628332948882599,162.4837763837692
1.0019189131984079,0.3095803528554013,0.7233074326271891,0.0427016039412257,109.66532899262381
0.9992860332819467,0.5484309710841558,0.15134970755560614,0.09623984991184449,48.53901519906083
0.9970426808580488,0.31878162170344265,0.2925268567085082,0.09356013345010863,52.18594885058343
1.0010620305307425,0.832924098311477,0.8870511128233578,0.07312336114966299,221.86437168324323
0.9964494384403424,1.087749475667051,0.5009193504964458,0.06936595793424775,155.0555790513597
0.9989552573778897,1.0274500910140363,0.9773592013058271,0.02861573630470934,255.66189864674925
1.001492324086123,0.7382699615826085,0.2315903971709133,0.05040027105419886,65.00826570175178
0.995847563616464,1.0653870070755913,0.4557811696982614,0.09413606901005087,149.3615406442927
1.0010148992065746,0.5837139681601278,0.887348686064589,0.09775781141138878,189.49491046336863
1.000583724343113,0.9497885830001469,0.01016709152195445,0.06058571129080241,37.235170921107056
0.9972625595448613,0.5124304559468864,0.6730922703700624,0.021655161328131393,127.58470043367004
0.9990248039194861,0.6268225162050596,0.7608961873877174,0.040170564478692015,162.2819499154439
0.9984846744762822,0.9506035097379215,0.9753455809558388,0.06563896005123832,254.03244856352217
0.9999235281157016,0.3733101020706135,0.10986691366202486,0.05484998562381953,24.94542832473269
0.9991508745779839,0.45223553292284785,0.17617035679891027,0.0518850938016744,38.764126581161634
0.9990149718388762,0.7965236008835286,0.28617697666425485,0.07792541165443385,86.46348957554693
0.9999381678954017,0.8574570080829025,0.2413924523295482,0.0822964521052101,82.05363081279592
0.9987547444208216,0.9763870349213997,0.4392122915696131,0.049124168467819515,126.27133941492923
1.0015518797087408,0.2658782299504966,0.23236143040871263,0.08841638280756836,39.972159276076184
1.0008109939764185,0.8833232245274183,0.7081321299246992,0.039908480563279516,181.3957177833415
1.0028844999624775,0.2959253874207701,0.7249722248484297,0.05179450259040287,108.50156442386498
0.9990456042617732,0.20188731404701127,0.42267269251982,0.0512782768848829,52.87111067344341
1.0003764033144185,0.6433637426823962,0.2150906561009809,0.033918485125555016,52.4962036883191
0.9960651147483454,0.4662165810593036,0.14248703989131,0.052671357654142104,32.55368316716158
0.9995675709441909,0.8132468845094982,0.5394067156296266,0.09298912042193008,147.32107872334308
1.0027701147736958,0.26601251826948685,0.8038484256503576,0.08344344388747552,115.56981243406784
0.998495777353876,0.5812068528249354,0.5618182265162871,0.07460592640907175,123.47499808816264
0.9984568004764636,0.7672627947378106,0.2995048303816203,0.07832638714313125,87.3475643293429
1.0009434407305313,0.9727239216114825,0.43204100859603145,0.08429839158500396,135.48428790587872
0.9964541653179414,1.0641388836820882,0.6972513243580499,0.09353387797413296,208.17793686488656
0.9979065152561385,1.0346030785775975,0.8488204616519829,0.09639271795423669,242.13209478789082
0.9970063212291106,0.24881569796737457,0.8894354685416419,0.06962028434041789,119.63411918952778
0.9972470453703528,0.2567998237839359,0.23708941253596044,0.08060441753252354,37.506386171006056
1.0013530034088534,0.9192383418899899,0.45682916835010534,0.06429655722552259,131.50107455575846
1.0019097787343547,0.30538764384860984,0.6478995755159844,0.07170489826473346,100.65204853086544
0.9961023539943231,0.6910328255122358,0.2976443401166491,0.021701694542202308,68.23634414374897
0.9959847253943555,0.9012765001921195,0.44620790412427064,0.09610393125693259,134.057158056962
0.9976131638305654,0.5032933226198064,0.5523406897908728,0.05501721377594915,109.4667239524116
1.0003105656723659,0.3610020962898418,0.847312927682304,0.030813743725192654,135.83023772342165
1.0000044346359,0.4506389854368292,0.9527459936438193,0.09082151510192375,175.69409026784652
1.0016534664320598,0.7802719060861987,0.045136695907280464,0.09764746356870894,49.69356457688582
1.0013164641725385,0.6933165457886159,0.7301077291305498,0.07653433894828057,171.47612256643225
0.9996135261985777,0.9144570949995876,0.6435777339305587,0.046297619270084106,169.94224351031755
1.0009521467550742,0.49958615996424843,0.6858927318200948,0.06023707917419896,134.92655246571888
1.0018703770468518,0.6275186009033142,0.6467934841514167,0.08025462286722795,147.52891468376134
1.0013367023259858,0.881764055169622,0.5675553558486277,0.024210296864317228,144.52106475297944
0.9977623842664837,0.781951369688368,0.5227322674157281,0.03368900008399722,127.16560151960664
1.0036297828128444,0.5389491053506565,0.5495308739816549,0.026130090255260967,110.74504154573015
0.9955109441790356,0.5100852372727838,0.9665128427172348,0.0743025697804965,186.5002794339516
1.001507338385641,1.0546180270782692,0.6894372033343013,0.08130709450034171,204.18970713752978
0.9960630070841472,1.03418461683734,0.13100105830900308,0.053969123619540316,53.23335828982681
1.0012062137175168,0.3673303839328256,0.5643213319190035,0.033918730932602226,93.6967926859927
1.002084552683706,0.9154904289948518,0.9365135460883409,0.08822005908604509,246.5821261789847
1.0001613365798179,0.4207303108011149,0.7082754225527922,0.021739641871683108,122.34212552238671
0.9999353712358807,0.9612047474840961,0.9018446738702643,0.0723438882401636,240.76909107882085
1.002149587308216,0.7322102505625658,0.5476842053647276,0.05915608517502802,134.87872935709828
1.0016130535272412,1.0863143933566777,0.21846168118758746,0.07993401260910023,89.51256019421328
0.9973247675044045,0.7725909782412281,0.2008050235154552,0.03475089368455115,54.10940736426818
0.9998779759433098,0.5591044712623652,0.7640358427940737,0.031546925570939584,152.67631855839483
0.999291805453852,0.7468097047740114,0.43847838751083923,0.09884744919025365,120.50787163770781
1.000614306361761,0.9666745693673824,0.5973512157263532,0.025111512976573654,158.62767796506262
0.9951346688542564,0.4671473785208093,0.8034542454656161,0.05383304957389397,147.6261405547266
1.0022972571974602,0.45388025512212954,0.6378263463393928,0.09261453310862143,124.85571564508166
1.0012531536169895,0.7819028506375962,0.2526163255506889,0.0698220480426037,76.91958479483856
0.999174846009161,0.7787001358573089,0.9876227622649462,0.038036234379733073,228.47373433398232
0.9982617234229624,1.0302598393456146,0.56992786434704,0.09729968385160001,175.86254019889003
1.001794484851614,0.6732319729498573,0.604492244112588,0.0503788553891419,138.88681734531787
0.9998728296896009,1.029183208470746,0.2856615848907872,0.06949095412891522,98.43744696447538
0.998242319504484,0.31179433001146034,0.35379231252324095,0.08455770123978769,59.775943875512155
0.9993298023730454,0.35686087070286576,0.15038561080085144,0.08833446163960208,34.70507381953706
0.9994684872600138,0.2706801446864074,0.8059910981779828,0.051978688264132294,112.97796124801829
1.0003682265477243,0.5372672334624052,0.6637887520193123,0.04078902900564616,132.90884474350565
1.002213147092097,0.9273364099387016,0.6079475898411587,0.07915210812984563,171.4859360779791
0.9959997451170011,0.7822524661071852,0.42393529625097737,0.03206460801329647,103.94945361803491
0.9999077398313916,0.5424820353389095,0.18027218776761544,0.05558063100441907,45.099439374193025
0.9983954651755579,0.7782628728442682,0.09290804239130353,0.07124684078282388,42.62587583724144
0.9982240233195621,0.6584616244042636,0.6593044912850484,0.06312229396116417,149.3654440711138
0.9964272293768702,0.8560006770625164,0.2657069386576289,0.03179711500599629,71.64841412686502
0.9982084696408042,1.0145017837450236,0.7110870218587912,0.04315076886667454,194.82996646458488
1.0003613483850355,1.041273902816053,0.09995951916231645,0.0640347971696308,52.77464896795226
1.001125104436022,0.5011795373370169,0.9173094509427385,0.028885088857435674,171.6083285310485
1.0010540982135385,0.7392525936126499,0.8306792652886903,0.09292310359712257,201.22535425934618
1.000676909497063,0.2658232323077163,0.43019626020991486,0.029891091953612482,61.00572765718982
1.0014532343931866,0.5382478262537973,0.19701988417466773,0.074123831069526,52.11715082538535
1.002279445335825,0.2569851887802143,0.4428864631761065,0.059838823570273356,64.55392667525945
0.9985269168595527,0.6645569430785822,0.218101250181106,0.050976833014254,57.31105776204089
0.9984748959974752,1.0174310526330537,0.042083034213714905,0.08686747381923056,55.04023226319089
0.9998868905553856,0.8854035250538306,0.9058413950489607,0.051712654492303736,228.15226991711077
0.9965461263878281,1.086438853070764,0.35368258616270326,0.04417312868057884,109.29044610050022
1.0023235616970962,0.23437764973132275,0.3616509982212231,0.06282794890042707,51.43456600599205
0.9937172929270808,0.20359815470489628,0.13475319973550426,0.09591068925206879,20.55252792797603
1.0009029231991249,0.6768085001595141,0.640241910449609,0.08172640304090992,152.07692850465537
0.9996726100959007,0.3657496882333866,0.9359487436604738,0.043122324652261096,151.16778362433877
1.0008749321097106,0.7248409722632099,0.7271591565600185,0.02891879589289175,165.769805547357
1.002118399157282,0.9327471032695436,0.24792016678795328,0.03440668303982796,73.53925119061842
1.002755110212284,0.6919848682297143,0.2756333810281678,0.03918830438961238,69.65751477905894
0.99885254713459,0.9213175289876983,0.877748560037708,0.046448870809037854,224.88506608732746
1.0006253251065496,0.46158892439381843,0.9020139709010044,0.056261292885364786,165.42797863565002
1.0018926373040717,1.064256766620537,0.30188857410370096,0.08976463441072532,112.43197447948211
0.9972350500770512,0.8819875987027113,0.16889412047220245,0.07172530159734553,62.64284225389076
0.9992517734729414,0.25617358864641304,0.2739231422219471,0.06296981819512505,41.414880366052614
0.9991789766901967,0.8621848194206294,0.7164963118604983,0.09965957169295796,192.84811829875818
0.9975415680918013,0.7020973046559387,0.07160009290066349,0.07870911382115751,37.92322012932277
1.0019339782858703,0.5494646224761965,0.2708781730893181,0.03277507452488971,59.09444308338777
1.0006474872710218,0.35820042331637214,0.26657975114944915,0.055082034315296916,48.49652703404195
1.0015109461595857,0.3318746717690666,0.45407172097476706,0.06715655916765097,75.97404892420207
0.9990326610018041,0.7957281357930108,0.369995285060544,0.06501811252692628,101.83720339820798
1.0026094461753374,0.2946868041205791,0.2046591565911244,0.06947659630534808,37.11918129845901
1.001645896467098,1.0105511947233345,0.705374373652247,0.04485786144516443,194.07804468793537
0.9962607609603809,0.8649568821360503,0.9797057569944972,0.06615549395928254,242.5632657629323
1.0034890694838852,0.3934954678663921,0.8837010339038208,0.09457149631612792,155.25053818272448
1.0019014718086625,0.44938951355674506,0.36369936833141464,0.09326466755503912,77.96608803839302
0.9983674873247894,0.9695963243217347,0.603326966736811,0.05667644799845742,167.6788398369833
0.9997757401168814,1.0560976429712723,0.9439521189081286,0.07500343096852578,261.9694051672292
1.0028726780620232,0.4296647866805464,0.3059703338564593,0.06738682571538906,62.991592875503386
0.9948088449273306,1.0906589691018254,0.35877883510162256,0.03596687748673155,107.58620454060252
1.0006373962428308,0.762372161609316,0.9746509690626141,0.06439785968310921,228.525491031157
1.0001201215372277,0.37678783524155535,0.9438233698435393,0.060322574272804436,156.35682039316862
0.9971552057843344,0.37237770676209686,0.18817565595498073,0.07789368039260405,39.01784805091836
0.9992727211817636,0.4783481970186713,0.2648133256721565,0.049929481219802625,55.54468458971712
1.0017556543993915,0.26219330198653457,0.9342994767109339,0.06320988531921422,129.76029969395893
0.9988195661185759,0.9131348246273274,0.6746543059414424,0.06544736136908019,181.2451864765309
0.99796676715479,0.9976726299396006,0.9610048603097906,0.023978917283817534,247.7631795550483
0.9998892374510837,0.2799707294449836,0.16129170544573337,0.08432292257218081,30.68508881817172
0.9959751427479668,0.7445270120718335,0.641763487847404,0.08099544169518234,158.51684547451538
0.9999008600214079,0.3835826765612525,0.8613859832563662,0.06252496246510927,145.04103144593313
0.9981969054190231,0.6758441702322197,0.5532735261468642,0.0945971706619684,135.970537115922
0.9986595715284657,0.6042427624189346,0.09067013684433989,0.07359954242634517,35.339009941249515
0.9965203778213964,0.5294016483713968,0.19056905213056483,0.07308648299763608,48.347305958577635
0.9991891091142957,0.34707118333976583,0.17401707413880105,0.07401404797541085,35.568663662964866
0.9997090184740316,0.26407675894940336,0.08925972335789131,0.07660572706867676,19.560561885776394
0.9982208051222292,0.9516813921961003,0.9455093013803012,0.03886475191574096,241.45624369021422
1.0001277428366386,0.2838946736359684,0.5564335107085348,0.09325254611145745,85.71398787302775
0.9977812655025486,1.0315707455899183,0.8706033681749054,0.02606620966966343,230.75144851741908
1.0010631193052901,0.9718704565762777,0.6953120485449885,0.0350360329399733,185.77937729822423
0.9981004012939101,0.7233246442698045,0.03901984247520863,0.07966213272621989,36.08644460314463
1.0005220859063362,0.8040064011158732,0.08469962441243006,0.08316927652299017,48.01057361235604
0.9963516674534426,0.6091588466063093,0.28621615289496766,0.04642043709061584,66.13624526506351
1.0016166638267692,0.9495499325098844,0.9593534268184615,0.08981707939387726,255.71431240343017
0.9996943162345413,0.8504334377471705,0.25471118947264076,0.08922490260084644,86.63044186342029
0.9964257808450324,0.28029232832347684,0.7715900172870946,0.047174722253592274,109.335210861787
1.0017475158328515,0.9809183928742453,0.07194273193628349,0.025548758305387605,28.563815611241296
0.9989368990597828,0.30111363983298695,0.8570719017926652,0.07466186041745897,128.49183473957606
0.999132533359144,0.2598056493282204,0.17810271766620644,0.04128893329570014,27.130162124347237
0.9991585541526081,0.5017804846021257,0.7018385932334236,0.09474578645153062,141.94908420365516
0.9963675427647857,1.0511440527308622,0.9344538235775711,0.02988348157543717,248.60816992360427
0.9991740919268253,0.9990662980342151,0.9406766304432218,0.06181293776534312,251.69436457351233
1.0023053148833092,1.0353499434241398,0.9319877872587329,0.031864459901316984,247.9080679451776
0.9998859586174574,0.3598931553958338,0.06852141678687534,0.08934977977065436,24.143721397702052
1.0018181415449268,0.9893020677207434,0.8587694401128857,0.0742214810307744,234.9452425667451
0.997906661142084,0.3629509748937846,0.9443206360293186,0.02597954722884867,149.89777734369682
0.9973729528303341,0.5475894888409591,0.9078988898897594,0.033818924108461296,177.45262796394695
1.0020033666374117,0.49099808035658515,0.8003817268298311,0.05449070519502268,153.51098743685793
0.9995200275810399,0.6783413630723718,0.1162829170882164,0.03347874406197346,32.852668280363616
1.0035703430556837,0.7492116823755308,0.17327753508044083,0.04654324907538605,52.44852412786895
1.0021926742161047,0.42631089825555935,0.08930896774928875,0.08758578043131345,31.20232847358949
0.9989582340091593,0.5025882064527742,0.3891003662422084,0.09922607282204879,87.21260881849406
1.001705474387126,1.0762068662747832,0.8938612588288279,0.056164680031391745,248.98542270818766
1.000657023796392,0.6803186596442323,0.24230149831713846,0.02180529598850378,57.492846627180825
0.9973608301311849,1.0729533308930799,0.02664128495523118,0.0778833502836551,51.30676116687039
1.000466390929763,1.0958414481265195,0.47825476227265495,0.026351404290340143,138.19738632878813
1.000462965075381,0.6490131313553643,0.8465873431370677,0.03742064448441269,182.3352939965618
0.9997855189707376,0.694841915000568,0.7042467977898496,0.045693643484020045,160.2873259907327
1.0022070244895016,0.662828658412314,0.5546583994559883,0.09386768609248272,136.07394066123192
0.9988657404854708,0.21991404506967188,0.6343112723688501,0.07558382404932106,82.53427248172301
0.9998588188598042,1.083564711348686,0.31947723690974067,0.03115334947802577,97.03646519846131
1.0014357934137992,0.36144080762075326,0.8642951274828623,0.09301366621414572,144.51224877782198
0.9975289933473654,0.7752836397230229,0.6712606238423638,0.05974943875207425,164.08072672121773
1.0031568770204078,0.9004098686098931,0.906720372065951,0.0546708750307314,231.67661476825728
0.9995525084976358,0.41954977806292093,0.8321046999768001,0.057795812971741634,146.53780985959537
0.9987781143467591,0.7525587598490691,0.4726451089259309,0.034472591726173105,114.0639259185391
1.00371674563839,0.21773725032935703,0.4333801486579925,0.0465086579350342,57.47041062748349
1.0017342735949133,0.638809876335893,0.7628453283957061,0.09345356378561531,173.6811843354481
0.9951210396883479,0.7621026804499047,0.10618728947718228,0.02886579228311322,30.10765190485023
0.9989525846283026,0.2153306536360864,0.6774959936299286,0.05392489077161099,85.66865899402512
0.9998050448024705,0.44985437519486404,0.5000420824941354,0.04398955146114309,93.55076486372639
0.9944874803803471,0.6079372244557397,0.5057930756345114,0.07429848958541276,114.1317460892335
0.9979957153003679,0.8880309456730875,0.8264738574878818,0.07408488308039023,214.60427773842156
0.9982096202425363,0.547964541479172,0.3890353267378241,0.07869595646625163,88.07163037118443
1.0020134901075004,0.39287012951703704,0.8681357254492106,0.05753270809696004,148.12436155957596
1.0040667759219433,0.3818188471794717,0.6013702342237934,0.08233348446981945,107.5964657299026
0.9980832905612428,0.4669371261452958,0.9370863953857141,0.057964957847163504,171.9825783238132
0.9930677772704022,0.4625215149123652,0.12721702974051355,0.07528927792474971,32.52976098555416
1.0022499690438411,0.2878899178432748,0.7075535949778026,0.0963057463617717,108.1993474000949
1.001201443649906,1.0460210322248362,0.36802156717232737,0.03205659137737693,108.26368782358236
0.999932804421952,1.0439708617470775,0.8478384811165489,0.09831747030858257,243.92197771916562
1.001879259127448,0.2563692936895903,0.8614275697068079,0.09411013041545326,121.26712866303211
0.9992530725456674,1.0622882618359302,0.7013940494587836,0.08405707435475936,207.40346311056527
0.9983778712051404,0.3520154650828058,0.47352769390889254,0.03436050489584193,76.96434389758195
0.9995121395601032,0.4524419070992355,0.9322256932588537,0.04713955673266391,167.44712269074253
0.9998798331880171,0.6963022300303372,0.49762817598617953,0.056149196574383,119.35920049007888
1.0015870393642725,1.0739317593758753,0.6897869480570273,0.02240012750169911,190.28648074352512
0.9965272242759715,0.9536904058063469,0.9333352906571625,0.04616595252812279,240.09704952796332
0.9984750217000686,0.6205597074077472,0.4142036693683557,0.038633006080728505,92.0418053064904
0.9990336944629906,0.6125583408338762,0.37347406214027684,0.05722570677825217,86.81496945333737
1.0025627168243052,0.2294962719780042,0.8409671321016274,0.022995470978950553,107.59561717040782
1.0005589158261246,1.0205302863751495,0.2865748198324108,0.062089310999205796,95.77214023428047
0.9975336949788841,0.2050329211037096,0.8287827603582187,0.07275850866326644,101.65384172905715
1.0001280714501621,0.754080973443988,0.17456685473713715,0.07073575772966659,58.46099464683647
1.0003252678330836,1.0823878988887836,0.7346268997565172,0.08816555595764108,219.29922053989483
0.9984898351739433,0.5351303531787636,0.0463323063824038,0.0488075572300601,19.058288684798924
1.00058749953407,0.831458782214962,0.5788429287270338,0.06637999967551521,152.689249634512
1.0005928742786852,0.707233053166658,0.6907972692428457,0.08720163886997345,167.1605217410464
0.999270091175097,1.0987138385416617,0.883811647024869,0.04162949265686519,245.21657282610306
0.9977090878413971,1.0579746588914027,0.9493655617800605,0.0723459807991259,262.27142527487166
0.9998945981486751,0.6520869121856998,0.8959931950192861,0.09487436773625735,201.11279703557037
1.0012578555305653,0.2865826101066603,0.673650353932599,0.04190392422270895,98.38279013027255
1.0004714032554378,0.7670029551602402,0.6370252593937002,0.08425670569588681,162.2500642319805
1.0000325863645925,0.9812215536128157,0.3779539504541901,0.02449935628848568,104.99215614710732
0.9988780194957293,1.0847546869733073,0.9142947875572437,0.0663745226979345,255.98297238071964
1.0022363832941668,0.7934628742551975,0.28349270240208707,0.04133680766275369,77.285270037553
1.00289725559607,1.0657397957460353,0.6128751355431115,0.020777877741833654,170.40851653471483
1.0009220513531432,0.7751957354397432,0.2402546606178466,0.06747596468418206,73.18040204824905
1.0023622605956948,0.6077793267166856,0.3327438756588995,0.09944816854307517,88.12104960595593
0.9969324863933511,0.22528173220683553,0.5647561937831442,0.02520733788484529,71.05606683200756
0.9961772778304169,0.7009864975670934,0.7526144301386398,0.03409270981832781,167.50484024907257
0.9993884865283974,1.0897303477491518,0.6530683329556096,0.09066495805808181,200.50001592844293
0.9984392561280172,0.9529216412458299,0.4370967342377169,0.07884734403208798,132.27928050466636
1.0002738171276462,0.4396950823708403,0.6181291927210216,0.09533720689814328,119.18004316753593
1.0027066041094146,0.5511360923539159,0.4351474849570955,0.08923145499064661,100.48011849234456
0.9985655037212935,0.38238573114988766,0.9048499083131132,0.024444769437838465,147.16388855628043
0.998751947489102,0.47418772132520093,0.7770914512584151,0.08863059321977292,149.9744230548452
1.0017709147348135,0.8954257917917188,0.021859829721805397,0.09570740279585103,55.36045542779641
1.0002402682378135,0.4080004468759826,0.109960579577125,0.08517422845773163,31.700052143158757
0.999255569668951,0.7894694806467728,0.5419843921645605,0.028122445641087783,131.4791076220074
1.0026723047987602,0.6483504827662037,0.12360968020138537,0.047392240069969824,38.084681914478836
0.9995396779971186,0.2291605334419633,0.5138956787186034,0.03302687752098683,66.7264011034249
0.9983332160723554,0.37135891485795536,0.47811174203554896,0.07074876056056076,83.66635066136149
1.0002271315288482,0.9986445717441843,0.016005259576965705,0.06205173318035026,39.80465722184795
0.9977327790181922,0.7187231946042578,0.20938213559461183,0.02230213386929173,51.01205444152282
1.0015000185602323,0.48678701879743624,0.2596892782250483,0.062110073663498605,57.89693337098663
1.0007759007964896,0.8557316000693671,0.9171164822330984,0.08091525016294476,232.30600933258432
1.0011242570671568,0.4699726719675195,0.11767437134372737,0.05701508019043702,31.358624921690364
1.0001595283359541,0.5462837253814565,0.08478595990006359,0.07743900848981007,33.48638794341457
0.9974648814700982,0.8148489936009802,0.993293066886743,0.046758676438164753,235.6576658582142
1.0017917500039697,0.3469391465647773,0.2918490705876251,0.03006260302314802,49.029172145800146
1.001014960981425,0.9485490715043299,0.9334329697203808,0.09937195001523738,251.96290677233773
0.9992813084641959,0.36011293140862966,0.24868997678940033,0.04791660884515664,44.529442041228435
0.9988770385746998,1.0105408930007398,0.5149323117846827,0.08251869191762577,157.10685996271678
0.9997421514715988,0.9375658358170049,0.6176092536119975,0.09037821096542206,176.6845557504629
0.9986698352210377,0.8834777731950687,0.2338174490423544,0.06484890276772666,76.02597688073593
0.9980083233743516,0.2261062961719876,0.9200765513754136,0.0803438361005959,118.40505424014776
0.999807246994629,0.8682452389720128,0.011112899987045429,0.04163971921629295,23.332637843838143
0.9986059150204074,0.2597237107125729,0.9365195977095612,0.03784067012901905,126.93889698212041
0.9993225516477204,0.5124162585873533,0.6109883156038801,0.05763415760551435,122.15674299884256
1.0004595702898769,0.9945039303962295,0.8662831556486261,0.09953516190787633,242.9055174646266
1.0021149113932657,0.30063228841043194,0.31491739641935107,0.06380538657616491,52.28829139990802
0.9996847338674842,0.31069461349866123,0.4909929099751037,0.02506141113576928,74.05946098365916
0.9979136805350438,0.9504428972344361,0.8859801151148179,0.07844112588179394,236.41250251785323
1.0016797137198215,0.979433227819801,0.24543834860994534,0.08289398399534133,90.9835078945045
0.9967107266672095,0.6233081644657712,0.7659073016299649,0.03419449948714562,161.26976133335518
0.998137866089401,0.23593018281723624,0.8309458680199671,0.04513224719666419,107.8006279227522
0.9968371639450808,0.6228525288810154,0.013170708791432012,0.03131097214480226,10.857841656947016
0.9986235061557733,0.2601441210917964,0.33639005950062284,0.09045331404971936,52.21358754853998
0.9998276876262415,0.7789367948704315,0.2563499180445728,0.02725370430184717,66.01454912893178
1.0018610071640648,0.8421510550012898,0.1291359696273407,0.02446684513377778,38.69330802800886
0.999779070215548,0.31308309495793357,0.600789803241923,0.023818883136853614,90.17448191006616
1.0008502992286228,0.3243031506474676,0.5226652231993077,0.020246569955126584,80.19217226140154
1.0008538533974214,0.8051166815803859,0.325608274773759,0.07953273885166405,97.06239035817282
1.0005339891712652,0.9430508982292618,0.36605970051125336,0.045854385799718886,106.00368786912202
0.9984325064210846,0.6267828879556561,0.6561161854003495,0.038723976793680545,141.10968682317764
0.9977438064493974,0.9457206444992334,0.9102439981440708,0.09635878724741599,244.52775682457138
1.0034679421327792,0.7299276593132968,0.5806904139577417,0.06033960873380059,142.31981861179986
1.0029198216938344,0.6473945873814563,0.834689129439747,0.08554745453327259,188.58203142983226
0.9994290832708986,1.098805115793596,0.927451813654254,0.08139062852317785,264.81819648851956
1.0016437918806003,0.6924705124113183,0.2393768459668273,0.098416919662227,75.85168323630597
0.9995904628704483,0.7164858856752796,0.5542678136979698,0.023053858618413806,126.61813548856361
1.0011073174622445,0.4531216856717917,0.3011681841128154,0.02141149281740218,56.66935193785832
1.001045512808764,0.5242745839577261,0.14173011383715184,0.08631685816878068,43.98198155940787
0.9993052902017012,0.6201415398930876,0.13951450960154632,0.08070477795820385,46.886867660712596
0.9983943820477974,1.0536060225001025,0.23623437395353294,0.09747249060648001,97.24849685421219
0.9971306316199171,1.0722198708612878,0.42591144951645393,0.049530045716518756,128.80905320563272
0.9952265544901865,1.0131940034314937,0.8512664815171035,0.055887399627920595,229.60518278576072
0.9996923013164143,0.382271363146249,0.35040374404474006,0.06165718727158123,64.24836734404204
0.9984985023495231,0.2770769831906153,0.12076330090240328,0.07556756913835992,23.679435508103325
0.9975097560773264,0.39550464586956446,0.0797679692194357,0.020804087603920742,15.150539601557398
0.9989491564644218,0.8192802278733744,0.9568518988118881,0.0695323639809775,233.17855876660317
0.9968497813683056,0.6200592482949745,0.9443625419019143,0.09247752478725375,204.0782696894519
1.0013618678909337,0.20413009333158655,0.5138664909496999,0.09889802349691566,67.71430624617602
0.9987373902831019,0.2103030987088147,0.9779607421628521,0.082426668004275,121.44263781417857
0.9996091179215837,0.9357489033397155,0.6550235974808919,0.049952081771331744,175.83159303902607
0.99410632483653,1.0498106881352514,0.7870830220444901,0.09967405446438629,228.3130824947362
0.9972499753572441,0.49753759787628804,0.3623209927533413,0.0973149989498201,81.06441241909857
0.9984626082477717,0.5661178004224159,0.5846219070157538,0.0759572224836598,126.22064051020823
0.9982891079515417,0.26252955811312717,0.3709444131350471,0.07366685671890644,55.42175848396141
0.998966885897549,0.2467212325670267,0.5382919600010099,0.0947648115018787,76.98827613738752
1.0006574336150011,0.2892968443826168,0.9340512665573625,0.06024333784866481,135.88740674254228
1.000563680366205,1.0927667576128277,0.8357208893827626,0.08307916918044282,242.86121658474573
0.9996708561344124,1.0329758235826938,0.7066580332349451,0.02136382408772306,190.402700087261
0.9978610099496629,0.33771324827905436,0.9407297673348477,0.09711853731641792,149.9435315692483
0.9958386021957365,0.4275106117903635,0.08562427689902562,0.09987295188826191,30.17640046463748
0.9967459730996259,0.517245408379996,0.6655241838645417,0.06454249746153135,132.99967832413802
0.9995102607810699,0.9592676467375718,0.34066097722483535,0.07468952721499161,109.01524487307222
0.9986689313466484,0.7810588207483098,0.16347437354154828,0.06519528637156173,55.09252350203002
1.0004365982245977,0.608775508005154,0.9420543954991247,0.08057897605914532,200.64730341188334
0.9994827393691519,0.9921374727742944,0.12145387116494853,0.0906667791311155,66.65302963124202
1.0028439457677911,0.6536758331308868,0.5536359982762757,0.054283716758260464,127.83373526324607
0.9962576532162317,0.842681810321686,0.03896785145873577,0.06150512154814346,31.871615266269146
1.0028907520700443,0.5247157588039397,0.8610484974499681,0.06349137781510004,170.9096482899916
0.995307340947542,0.3452215108261157,0.4918064401078352,0.03828354714137058,77.98534593572424
1.0009439297052334,1.043355518943546,0.5811405632715843,0.07538771921465111,174.64804118096527
1.0000210902259514,0.7639018215773745,0.8645561602390854,0.02061574520408394,197.7331626755349
0.9990868687893862,0.8889292796102028,0.7445762641278686,0.0846663319151999,199.18839890993397
0.9979188950287041,1.0182395908550625,0.6246827961111163,0.04464016128574075,173.82256644940713
0.9980399534241903,0.6924545858371541,0.16975814394554348,0.0892012845816478,58.4111873615397
1.0003341550219322,0.5576509047470095,0.9472753039721115,0.044050054720988496,188.1062410720738
1.0004149048691138,0.3569801159649638,0.027839267006681136,0.08698464287301645,20.595414180129637
0.9999358635887395,0.39612644056187585,0.5052417262031829,0.04021163161704641,87.94746285298646
0.9985785968517737,0.7923914470479216,0.3549496235989123,0.04162795356120024,92.16474939486926
0.9955383067575339,0.43048474595125996,0.49970708216306303,0.06991656713640947,93.14877636904845
1.0035826988343217,1.096493169576875,0.5720949891844868,0.04489723320731631,169.03060643941183
0.9979322644617754,1.0554261937259708,0.2562303854695011,0.09585795379898214,101.64856950607953
0.9976349366967566,0.3054236507416107,0.31196939579460325,0.036897824696545914,48.03482550824572
1.0004291563266914,0.7913665993426084,0.1865947928973065,0.051107362039938875,57.31174154115507
0.9997523082716322,0.2933170742936235,0.5798290503312367,0.09395472119478471,90.56094135809695
1.0033025863190728,0.7694822236336574,0.5894081646647543,0.05384442485843391,146.5874510938088
1.0025561377564554,0.3032569366393568,0.48930955478630517,0.04930463774119885,75.96708033948318
0.9986279826272321,0.36106998846680727,0.5221090846364987,0.08686887385957613,91.07363283105678
1.000407502412542,0.8193637725087437,0.40844747253383284,0.09584195823090982,120.10725031939154
0.9990318928427903,0.7452277796879245,0.4481810662058373,0.026191210275430858,106.44723329301837
0.9961345070573882,1.0273898167333335,0.8762852286474462,0.05466636322720689,237.53723768284138
0.9973658384360284,0.4863443127762175,0.12003435905082131,0.05361412144492275,30.241675633797456
0.9997715899523149,0.7013825599527321,0.8352088637863033,0.027150763860466096,184.93068959809412
0.9973184447509872,0.2142201335403625,0.1848233484370106,0.04284929393035778,24.62482365959596
0.9994175259614524,0.3993512253351099,0.5264851906293497,0.020414234995219813,89.48319671155406
0.9977884581741331,1.0843067129430777,0.29382764091335006,0.09529109739332717,112.00432574866664
1.0006293428146718,0.35633073106375357,0.7917564493144927,0.08933248905547246,131.96905893658055
0.9991123510487567,0.3304101399602384,0.19644137217587146,0.05747636758615843,35.68273890808405
1.001250941907826,0.8793766032050583,0.5736455772005443,0.07473780972488003,158.13460239707422
0.9969536400761617,0.8657171329054087,0.18575103166870627,0.02639832801430452,51.59358285991226
1.0003859715312837,0.8503616101765752,0.11302167732913704,0.021502066389780757,33.73750894007236
0.9955345727259596,0.7604202610432427,0.40066666584336463,0.06532746634865051,104.36251358343833
0.9999910718838583,0.2923392481848437,0.09919328569967296,0.07587093131396228,22.38243301981902
0.9984900218430299,0.3212106568583093,0.3067864700097875,0.06105538098200644,51.39171837776661
0.9988106207078549,0.22471680084068882,0.7352684529634813,0.09869357542442221,97.46096230212368
0.997679974010591,0.45314176813559676,0.13622859606808288,0.09509612795611752,39.079987177523606
1.0013194931261236,0.3067761979292458,0.5183133202447271,0.03660711072949045,79.21439361044736
0.9998988202089276,0.6515423492318309,0.6173045036013731,0.07274878299366613,142.54967078835125
1.0057720891173216,0.3418438709508985,0.42501565866000474,0.024810903798294197,69.55893246623589
0.9990501355390606,0.5189579839312031,0.12398279402521019,0.023905869593795925,27.306073725412148
1.0021064450906239,0.954935291992032,0.10909351302942868,0.0789588799845067,58.59042949568902
0.9956866182357067,0.675684281078508,0.2888832033666833,0.048922075106628785,71.14907062802126
0.9973364487043982,0.4555794857930668,0.8615243809661265,0.0887249612972534,160.5554743300438
0.9993674749784257,0.642662628053454,0.5893658055108761,0.06617099243808601,134.55338579837212
0.9967329433452703,0.33774142699412746,0.16356862335619382,0.09264207928044915,34.81891514652369
0.9987947204464579,0.5948652440147457,0.500217032462168,0.058610288210733136,110.40478090945874
0.9980532967928977,0.925494785908143,0.5009818555072765,0.09900033721847706,150.6569691060297
1.002711027450264,0.2150632314424229,0.2623618452361501,0.05161447081320851,36.628430689985635
0.9978388554522328,0.6020662693167739,0.2872464096262149,0.05984992750422018,69.21186801238235
1.0018753623982173,0.3023295327719293,0.966028947387551,0.038854733738063196,141.95918378065653
0.9983752478751583,0.8186840935599355,0.8145883274140003,0.09157267744260034,207.00280854747095
1.0021883296509697,0.8345834543233595,0.18679094355622708,0.03347174282096357,54.86413587013925
1.0033239633728994,0.7865207643779288,0.4616826213273907,0.06142393639869509,121.77923247871604
1.0001588891297355,0.2763054304200239,0.3717172067360326,0.0890609385313553,59.226831932256346
0.999382456010694,0.3557961950089483,0.857021578767585,0.049000489082252616,137.43006406582242
0.9982988916564475,0.7072785424593975,0.6975620657322273,0.07550541889488349,165.474798613401
1.004345989488205,0.6124612494596495,0.3852176768224787,0.025088376466786706,85.13112027644854
0.9992910547987192,0.2373507007122635,0.5422300882935892,0.09437517745160574,75.86128386668787
0.9970680683917084,0.8246040664616192,0.10784588762635255,0.024689105841382925,31.604355821138824
0.9990265575198087,0.6114830023702031,0.414852071016599,0.061242937990386354,95.70533445526331
0.9956452855367727,0.7709008580859362,0.033820608761958096,0.08514022349376374,39.24362130051179
1.0003272175664601,0.9218835803557566,0.5866931767107875,0.09704459837590548,170.14460157533438
1.0020192600399402,0.6874241530251672,0.9348149200141646,0.07922756784595744,212.61843284444353
0.9997948369640461,0.7674771230332675,0.7287508502395487,0.06367847842885228,177.35445721791606
1.0014335835353678,0.6934084186373011,0.6162623921304521,0.07554813917373562,148.1668775784513
1.0005870094073035,0.7364274181722568,0.753056456825609,0.09843014367269778,185.93248822773222
1.003052200098375,0.9658302997446635,0.7146934008898643,0.043809383105032254,192.40873267070137
0.9995885162623276,0.834959285993526,0.39948708251141785,0.07897033968011834,114.95948701206947
1.0029734762243578,0.6162432440110555,0.20864096920676237,0.07829372187590224,60.67394370123765
1.0003740704349162,0.657555863245948,0.0834225675339159,0.0752305684075412,37.92588698488038
1.0015211010293827,0.7351336331831708,0.7677017444127574,0.0409032060281003,178.03025828711785
0.9977614871639098,0.7275091812824701,0.22036751194972884,0.06958364922105799,65.32795206304678
1.0010794719645113,0.9770027910993742,0.8701470059122388,0.06364009005110675,234.063621316223
1.0005094846979612,0.9074961833527362,0.9967398751615864,0.08970790749227453,258.14479875768825
1.000515713533582,0.702967399592775,0.1958326657700729,0.09193360093839541,65.80718659063422
1.0017580074352994,0.43569927767919037,0.3088901937210036,0.06129489639995371,62.565938321171984
0.9974333126926247,0.8993730369456727,0.7588861097329502,0.07141927495794254,200.22527541707638
0.9978387387609354,1.0099809256743724,0.4114499857764237,0.07734933756132181,129.85197772525743
0.9983668642664866,0.6435769273926857,0.8455918461306553,0.047381877110622486,182.15194981342108
0.997477020362019,0.9372878778936968,0.7151278228608894,0.09538837313970956,200.0366154803875
1.002331967458343,0.6641616040173602,0.21426978774416064,0.05551292947574399,58.83459900169407
1.0001276706064344,0.3572705128724358,0.5446886070598674,0.07798489452933118,93.40397953597932
0.9998811905968757,0.5083768382183124,0.6283862269384941,0.09573177036636424,130.4718710696838
0.9984671011268759,1.0980654747576397,0.6954855304364538,0.08234176577776074,208.6046970071337
1.001942047579952,0.5026421125512199,0.08264644651764422,0.06502914943375133,29.034677791137483
1.0031748417931905,0.8502064637728892,0.15041649003390414,0.07965599403105104,62.35853707674136
0.9973148142195739,0.9235152730367002,0.6751837938661471,0.05903246230228909,180.53589281212433
1.00005912485929,0.7701172628681026,0.5333231642263605,0.04927590616616043,132.4235371687388
0.9990717796345594,0.216246732837277,0.9582572587479502,0.045638898212801184,118.58146462482722
0.9997532681078742,0.666852274250824,0.3633858693526966,0.08139936933699027,94.22666355128604
0.9968451298848202,0.8736988257230196,0.62231482690579,0.03251778348884371,157.56117891304962
1.0008784721997925,0.8465338095243111,0.554678756247522,0.05334179002065373,145.11910103451066
0.9980149684264729,0.7266815631927581,0.4913123522233765,0.08340573099230839,125.9733255062178
1.0026035367361472,0.4088256228274948,0.6169092190743531,0.09483569550796707,115.17269980658972
0.9974674697053093,0.24726396551754992,0.13747791253191155,0.07660342814317662,23.68824847236482
1.0027469215808227,0.32455255825263735,0.4507485973029083,0.06553500270675759,74.80443633620052
0.9967348753315377,0.3257588892371531,0.5090404397530341,0.04850226299731819,79.77002582948472
1.000414986275911,0.6997259958461365,0.8976151694246448,0.03227068323709403,198.58395821791925
0.9997368614149937,0.2314111059538999,0.4612340762950235,0.020492920686693897,59.67069688439244
0.9965474089520786,0.31278772357809315,0.6497415373675111,0.09074698643284404,102.19938316872958
0.9993559226922175,0.472479599222726,0.3764944138724839,0.06348825143085834,76.81920854668715
1.0007818636136432,0.312642970545035,0.7412165200771963,0.0397381652289156,111.85689304813963
0.9978192976778054,0.5288541938768145,0.9857347717925655,0.054316147720666355,190.5771115299151
1.002959372671998,0.7443238642009193,0.3770010734327803,0.04297759491069123,95.75883475964463
1.0019326221223495,0.660544706185758,0.2712452886517097,0.058313094621688294,70.71605909914865
0.9988230985349421,0.9030638027116309,0.5535882994908303,0.07219200709498055,154.07605917817557
1.0005700424286217,1.0725722536495996,0.4395408883083316,0.06429363499045013,138.40868549585008
1.0035177090341962,0.8795480965931699,0.9752586970555541,0.0669039180378472,247.38954100751567
1.0001731757833254,0.7438040193703452,0.6137026806563719,0.04890481852319478,147.3663689654133
1.0039535751611257,0.38566047557226446,0.29202193376442337,0.02312244800272296,51.844609281833186
0.9987508481233504,0.48035266593583864,0.37083802294895446,0.022309354905512696,70.21515924022037
0.9962827817827333,0.20252642054556955,0.1138207833534247,0.028750506987747598,14.155252266869411
1.001383534972381,0.2664945872010192,0.6132769483070272,0.08111307408666771,89.85872928937022
0.9973377924358956,0.6635480558349613,0.09233748025451793,0.042084581319911635,28.82880118681402
0.9997945143726152,0.3213760617049225,0.29782050872772764,0.06939195959799259,51.57272750946777
1.0013920515381973,0.7982794125848447,0.2894338393183147,0.03998764689058214,78.18273382147424
0.9990025566326175,0.8868591775682395,0.6276102362222984,0.04296145083264775,162.7205864037661
1.000054119817135,0.6752283960877885,0.5673480943880723,0.07812564579828224,136.06869056353594
0.9988089750184129,0.4221706061442267,0.7780417386398999,0.06272736404488424,138.70184137383256
0.9982994076896807,0.44239735712874717,0.04579870864960563,0.05496084743476966,17.41496291518547
0.9961192123648659,0.8130570504496188,0.08707480030615844,0.09062611686263329,49.48983511969027
0.9994705773448206,1.0685206968341707,0.21142641282695812,0.08614621600249511,88.42704571462764
0.9995439542837312,0.6198047501584832,0.05803236063240384,0.07179437991332327,31.072082580734786
1.0001737339369448,0.46840168148017003,0.6194155315980883,0.05939749050228024,118.41158516387554
0.9999533119342745,0.7036685262046085,0.798007342698268,0.0327250176618697,178.81593083849003
0.9966417952221577,0.860070255867784,0.19772376937588088,0.03563969035810136,56.92439187276068
1.0003923682819653,0.81135809264162,0.3286446642631363,0.06363764734904906,93.63199859401777
1.0002282157257711,0.44309315870247884,0.47786962138198796,0.022971974526231537,86.28673283871552
0.9981061279337351,0.3464539871207286,0.3346326707321862,0.08219530189571243,60.27156935517877
0.9989184906292041,0.5321450881189196,0.4680229938941899,0.08589153928488272,102.56721415352047
1.002617839546564,0.36424335444329403,0.7260060604202596,0.02553231954863109,117.59980882599785
0.996659514933873,0.38663420031825246,0.4482883615114632,0.0382649002771246,76.50623008747243
1.0035799485492143,0.39971911048038333,0.9768950173217579,0.04349714062095612,165.4740554444626
0.9985375833414909,0.6736538089459705,0.7313050083994279,0.05074090102016536,163.55069450852056
1.0016884889451223,0.9076395546959253,0.9071733705854567,0.08499361948075154,238.13249290811018
1.0004856561524071,0.6573565490298043,0.020521395116832142,0.03371954787710101,15.237290500854783
1.000221922565825,0.9442207161334557,0.8425908986480893,0.08950781003698224,229.16627191174817
1.0020678923991455,1.0727422490664793,0.8274015186233493,0.03371104770130767,227.38836244742416
1.000504477736641,0.7443952259987183,0.4654198194574907,0.0256371620937976,110.45326425200847
0.9981508752926679,0.710386697093176,0.2370011841658559,0.08208532737621686,71.04296210732593
1.0011736082525542,0.9091746840283674,0.8413011909299126,0.06202238281702989,218.84580550068515
0.9992713937942098,0.752988126841484,0.36198135745179777,0.07198854631259823,98.40173097509842
0.998521330799573,0.5225287881665654,0.8073810186167031,0.07751581513637937,161.1710465768948
1.0017505603320673,0.7034918317071521,0.2073191409897624,0.06201658238916638,61.022021554563594
0.9984228662482397,0.5269966475139156,0.6785394079952721,0.09644179806244937,141.66645887083195
0.9979225148005226,0.9871555740001978,0.6287548043866449,0.05653266845643477,174.87855481270472
1.000419990463142,0.8770801691237855,0.7564478002762534,0.038420152068535114,190.98436755584606
1.0017708287019091,0.8234997401868385,0.325624569272433,0.05747458861727277,92.5471212492414
0.9950804193370846,0.8766537564180787,0.6445951898636646,0.035384445118713165,162.70486716588053
0.9981801573601572,1.0617329089871945,0.6522412901578992,0.02488035699238977,179.67915669350313
0.9960823844199687,0.6095331329378428,0.41355271504956276,0.031920192938588166,88.80862068833329
0.9982138628726469,0.47459886854755634,0.020972597579827508,0.05006951596783829,14.606055505605923
1.0012054026101567,0.2521613932946429,0.8578422994996486,0.059224863195181957,116.85876316495472
0.999172605123645,0.8934780537582299,0.20936658199233474,0.09074626104311612,79.42519411405931
1.0004539585001522,0.8337570891785813,0.4255794849768721,0.026754027241456094,108.14303737477434
1.0002249410735478,1.0424115775643474,0.8400559826187133,0.03278254664520586,226.383494989483
0.9979807688533253,0.28997761897759405,0.5562465611788036,0.06535465071790231,83.46688769297918
1.0007600234064797,0.7681261377032493,0.055059186934832485,0.04459272192082349,26.970446711389684
1.000666092765276,0.3698295034824549,0.2644726368436103,0.06946867045392754,50.91866582051949
1.0017225553005493,0.7072402357469374,0.33519338441703916,0.0627556092014314,88.18545704369137
0.9975408021997929,0.6479667359412858,0.1584749712572857,0.08642736104969317,52.663437547462365
1.0023166264777095,0.2413044313791693,0.25212383270009964,0.04904998527963772,37.24376549527153
0.9978936262000677,0.7601540556294037,0.8550692858421348,0.09207214750936464,207.89256783624495
1.0017403609258033,0.3922277510060487,0.6734616652787485,0.08726703613567924,120.68900704759244
1.0007973008037958,0.9349203400405774,0.4157960878918711,0.043210840963759406,116.82243552174589
0.994819447237224,0.9436001682155228,0.06596016668761175,0.0505142971648727,33.70435781765377
0.9964026781095365,0.6024232789754693,0.3574264109811013,0.06452759439553138,83.38522888086493
1.002255217249465,0.3453118987567493,0.43270339534197433,0.07991277333195221,76.063825477651
0.999420356565952,0.42785609194726315,0.33027940565787073,0.025968115651382205,59.98965615185699
0.9977140011872492,0.3002440052286445,0.7467938242641409,0.04187752369687238,109.83427825418158
1.0013848748769663,0.7435532687606192,0.39748325752831176,0.036927944439512014,98.24727671690266
1.0011375929840938,1.0989017273101325,0.0824201090848628,0.05626399444706748,47.737086170452585
0.9996347089538696,0.6844063753404317,0.7279265677450761,0.057993340625167256,166.1304292015721
1.000172414939445,0.7180917117607455,0.1694839036385067,0.05913976962618418,52.396237170426616
1.0003356055068042,1.0135710927447148,0.5748398138455924,0.09740733298080419,176.27178002869198
0.9990517124137726,0.7829190316996788,0.9595381507758347,0.03627590758917923,222.76693234490335
0.9994125904091382,0.6527207579956326,0.09893287520679417,0.07130949614100969,38.76175817564996
0.9999260739570951,1.0476175201410929,0.6734037821038802,0.07049650556295965,196.14229134667698
1.0011216382667987,0.30742194262044265,0.15992831375993682,0.0811931823866751,32.52121614895128
0.9996242372874272,0.4785079548483201,0.2078664946874049,0.057183039584076056,46.72175964899782
0.9958446647093209,0.563958815381458,0.8157955702338682,0.08222661393774194,168.97735309513126
1.0026288022141487,0.7627936203734342,0.2157714133090371,0.059459839842724224,65.41134487632775
0.9983312692169157,0.813718909194544,0.9945073735614008,0.04512319901751159,235.63514048075012
0.9966421418773362,0.8224888049180601,0.9282365312816778,0.05179428381704711,223.45220172100613
0.9994744559986193,0.45732918778327536,0.12116906161701736,0.02564560735303835,25.35212114947211
0.9976182056878081,1.0748747240444714,0.6086717281073175,0.08328631378683513,185.1878862821519
0.996903525630808,0.9384098294394772,0.2409144637353181,0.06203773555605635,78.90422730208257
1.0032757539591246,0.8104832109215929,0.384144441985927,0.09184483185559476,114.26303530896178
1.0011569288656557,0.5032238808592818,0.19532443326443458,0.08919665000088838,52.55649523425183
1.0018253191052744,0.3761084347929895,0.19643871267643756,0.09444501477400649,44.73777130013019
0.9975891813851655,0.7753973654494162,0.23725776923645744,0.09722560685933462,79.25418589709898
0.9984484306722067,0.43479524572368744,0.06575387240629746,0.05453472900548159,19.92962055355798
1.0037792293903267,0.6087306939231933,0.6547349719799602,0.0732312271739861,146.3485474920439
0.9984306714978077,0.918469890678375,0.6866535618327945,0.041289560455096304,179.0903859083511
1.0015513510395373,0.7190491496811826,0.475545212075044,0.020779581368154575,110.39403114523361
0.9995407347655221,0.7252874422696249,0.22675721534556947,0.09784097161280166,74.63167293559758
0.9995565251316691,0.5632613222418139,0.5949702899187866,0.02620747456529937,120.4857366368604
0.9977713350805799,0.9087280553195296,0.7016213472400195,0.04460484215456527,181.99895154642095
1.000607224705659,0.5777119854156549,0.6570167166377358,0.09787256351143953,145.50442000158876
1.000805074845975,0.24141179220124814,0.6992143274257082,0.09050161918642673,96.67636424337536
1.0018481227859088,0.9594930827309327,0.09375470748674111,0.06671624387302023,50.175846951584845
1.0019533523078519,0.6282913373213239,0.01893269031020401,0.028257200912390548,13.321036372753383
0.996957831752171,0.3888814992650737,0.3157016784476403,0.06418992524751312,58.53220857670203
1.0004322542081903,0.646220808981641,0.26886690326133234,0.07247385819404041,71.91830035564084
1.0017805781025357,0.3601628332887659,0.1431555468121432,0.03357392940363182,27.32844146141531
0.9980963869226056,1.0228667361138009,0.5693660263653708,0.03268905657739315,157.61653738110817
1.000983364328879,0.6974068336747197,0.36968925483774673,0.04649595261528591,90.9306994195926
0.9964286114899732,0.7322635484507249,0.16674715086437908,0.04620551034165108,47.6048529702212
0.9958291359053215,0.9649108089673439,0.05912538410593506,0.0733370534090409,44.71758728566215
1.0008370934413835,0.9493106891236571,0.8197976001517236,0.0775303204436461,222.05192744567879
0.9981175846228851,0.3854375282206747,0.5334475818035965,0.06322596565976835,93.10351505666449
1.0018939817259047,0.6190484562370466,0.707597745351677,0.04249025245521838,152.218524366993
1.0016346971796517,0.5904278957913187,0.8000631262759466,0.06786856677017826,169.93345574702215
1.0020144466070011,0.31872381316276865,0.9077446980400358,0.09263435838307715,142.48923756130512
0.9999375466726951,0.7408088065112226,0.142600648222929,0.09262896179167189,57.92675935503672
0.997430924211104,0.7720431185629648,0.46815488408640465,0.03513220765428908,114.30769201731476
0.9983296860866568,0.6168300419441531,0.19127077855611457,0.09612798327919096,59.60019130702665
1.0028496680355652,0.26195956489409383,0.3227624168345402,0.06926403278013822,50.32747287791966
0.9998331504952891,0.6633143245292116,0.8827234087042716,0.0795583092267063,197.73490136438357
1.0028697035572158,0.6254964738400979,0.8254780434956543,0.07010702009621361,180.76909096688544
1.001529514865223,1.0788271456100755,0.4579708655545211,0.08217534069320219,149.3615387401618
0.9991964268121217,0.7051597447298987,0.790667543134638,0.07832637791459185,185.0706439541643
1.000230228962937,0.8357598595195337,0.11063799764127642,0.05345660187016868,43.035156657725395
1.00080165339017,0.8125107368088751,0.9946506276199784,0.09667567675917675,245.50927194290458
1.0028220921323205,0.6047888223645917,0.8434998454444053,0.04850656520393458,177.76143274442248
0.9983021630933165,0.6821842904656239,0.5316941447955328,0.08731915822564339,130.95138940219698
1.0005987648219539,0.8413351348872717,0.34694839881595446,0.09306700518416397,107.70134312298268
0.9992751911058484,0.2961638185651613,0.3942802987896566,0.02891490100823025,58.81380720420299
1.0026476402636173,0.6414119813895631,0.34810142306339226,0.09698471604508585,93.68717791668644
0.9987082030548176,0.8399941416375958,0.3422015566034575,0.05770503949019841,96.42028574172116
0.9984980059932307,0.5315782039937774,0.21522356293031422,0.06638737716951992,52.440900606564014
0.9973653575378305,0.24228065803706406,0.05698573060657157,0.09004282265767954,15.173242513189962
0.996744485809354,0.8656662019944521,0.09095275395804407,0.053146725925059896,38.274536018518745
0.9996629093621944,0.8927993812956081,0.3289670148509418,0.046906426522495506,94.04962885517227
1.000147277767686,0.47884649807697066,0.8395476796327158,0.03279168290638711,154.8206236323336
1.0019791848470319,0.4258370390568317,0.06554409651668944,0.03979728334925406,18.41258519033613
1.0008587115520573,0.8863979546593626,0.5724145374585471,0.02072877421418893,145.0861213528354
0.9979828847140542,0.9907670258924606,0.5218214549002214,0.03289324250253776,143.24519508353893
1.0046851433864907,0.7601616918550715,0.3476853624273421,0.03348039223581234,88.71533563084819
1.0009442905167467,0.8556199549288883,0.8201151757275519,0.03197773272485784,201.81769067911335
1.0049847013275623,0.6126539179793113,0.8841806028939568,0.09708468389976654,194.8341547038663
1.0007907366596502,0.9587370368554444,0.20231671919626817,0.08115490050718735,78.95015075768231
0.9980716827954695,0.5097441901657129,0.3456108009046303,0.07673825537208168,76.39400132494188
1.0018004049680327,0.9948729717496556,0.3190701487019006,0.07092131303506051,105.7891792381111
0.9951180698769604,0.22885102414950026,0.4996003317523916,0.05298836715614677,64.81912932091927
1.0001215202110207,0.5812339199737857,0.5376295281477956,0.02172330343750745,110.74257772598423
0.9968777769377541,0.32009012447967045,0.6984134160056824,0.025765376852839195,104.59335127649285
0.9930235319640113,0.6245199737949353,0.6490874770430953,0.05878168653908322,141.19860086581713
0.9984954204230834,0.7944759005911233,0.9049077177886375,0.05748957430210004,216.42237113482284
1.002194372158934,0.7277960401835195,0.46015913633484545,0.05489046552698597,114.8392819734832
1.0019392742776116,0.6430619070375998,0.04264486634391511,0.07044825606453825,31.32159710845326
0.99888552424007,0.6355629596084349,0.18154356840611682,0.07265804396563234,53.40458065478788
0.9960326399225612,0.5244571831037709,0.5690159596465952,0.039013457375051,112.00912932697747
1.0017531761388707,0.5109833403269092,0.24085076311989176,0.06629490369229346,57.08211605279797
0.9990240845509464,0.9845751396739002,0.23386710010428888,0.07727829740190754,85.61197716181334
1.0003784394009154,0.8410309466450128,0.25398549968823114,0.07831367020536385,82.71728518430103
1.000134424365882,0.5773302942748676,0.3604452701778718,0.05397588909080861,81.38498503653256
1.0011565996087552,0.8834714745091985,0.47592811952937936,0.09347415139900828,140.95276301533454
1.0025841804107531,0.5233382824518649,0.8278833218098298,0.04259992223309991,161.99745433186933
0.9979307176133333,0.935554099438908,0.08011851004999637,0.044656379450222855,35.41389067495362
0.9984387338737298,0.5510895429540894,0.8987731274256869,0.06436785480399924,180.65476451057538
0.9975423612375433,0.31316619032548754,0.6822780026129411,0.06401662417931499,104.7542150183055
1.0001586897301897,0.9683182705786519,0.9127062567086714,0.05361154415163448,239.89718279180116
0.9977899905512316,0.6514528679732174,0.6489070659522476,0.04080382744538251,142.57557223961163
0.9991417706500045,1.0143529926742478,0.05846425655298568,0.07433286951950582,49.1703987644363
0.9989671290008788,0.8988297049214613,0.09746651326216772,0.08064301534180837,52.93618691306568
0.9971754515619848,0.5779082429419287,0.48113844925584714,0.04381511533320906,102.07185030524988
0.9998046601191741,0.2769704238033236,0.5426407758964796,0.023676813944267627,76.90968190795479
0.9973940595811835,0.9614758669530996,0.2623670679750244,0.0749107162450586,89.56217551167657
0.9979927191334627,0.9289827581414205,0.034898529063879156,0.07679202912617564,44.358611186577605
0.9984261690759861,0.6490671515076275,0.17551344035962488,0.06986389869779597,52.22567264547638
1.002221077487147,1.0161324103745946,0.1143341526725062,0.03842615271803965,45.03895512197846
0.9996281645330077,0.40652845416745387,0.6598834445133127,0.06193823546027759,116.7425197073548
0.997583625930843,0.6429602544686388,0.14748618871802835,0.07343464313269686,46.88830849980309
0.9996178269253273,1.059650300831878,0.15737595895125167,0.04714715646903528,59.61264345173328
0.9975112394607065,0.5718404714041806,0.29769899870905864,0.08342924284611582,73.39938739821201
0.9995929459377497,0.8549975748854794,0.05601577712278146,0.08711933870556865,48.1930156820232
0.9988965872829059,0.4614372975932354,0.4007080641636571,0.09871979144671446,84.99651118373333
0.997485510796666,0.3000806902293047,0.41844176641123093,0.08317978753684017,66.99148266661501
1.002989005219829,0.27483615895609387,0.7847601295918731,0.04444956971476459,111.80216535698133
0.9970807821205795,0.659710934594761,0.8242388832248615,0.07341260482447211,183.61772848759114
0.9991411705243226,0.32309540830320715,0.9535474112633808,0.029934560030753427,143.19795666849916
0.9999555893944548,0.5288985130511425,0.28950851825333285,0.08145861261471093,69.11337113807951
1.0015407956400066,0.6260931505751234,0.8642063839568251,0.07507523017321091,188.84836759720886
1.0002612200624998,0.7946674183819233,0.9941815074011623,0.0697069424911697,238.27038682632852
0.9993782571645347,0.6163091472163866,0.6659967238191393,0.02999120185768276,140.81100402602584
0.999667836217277,0.7662331751626776,0.9523998190460669,0.08449437100439623,227.58838896620932
0.9988324616812057,0.558269194001535,0.6318082682442681,0.026508414638416324,126.7355844622735
1.0015418446604398,0.26502627926067956,0.3779852209604308,0.021703817221609932,53.36097938957084
0.9983424003701857,1.0989344862362587,0.180516327561595,0.08069634353030473,80.03532236813675
0.9971192547372824,0.641292549070525,0.14078379963697427,0.08198559320040935,47.7149521863646
0.9995078991467524,0.3328542829531652,0.729936002649378,0.074182662171884,116.71754269655804
1.0010324703043192,0.766246807618032,0.1079945010087443,0.09650536296076459,54.97977748987523
0.9947346720917242,0.46025045629704253,0.6484942475764528,0.09089486328741021,124.72835520778915
1.0012439605046028,1.0188135763762984,0.37802783827887093,0.06937836466794318,120.9902724770123
1.0002483285205521,0.5918713756380551,0.34310926843262063,0.06944063738120819,82.15137278249205
0.9978450920529817,0.6136781230203909,0.8153700434547625,0.06419051461397139,174.5344352416004
0.9995580916935682,0.8889849052226939,0.7724397935951922,0.05040223847510067,198.3108313909362
1.0038785961477608,1.0100530189448025,0.5905807387483609,0.09178389625862948,179.12226263019625
1.0028578453065986,0.8992035441639625,0.10904225009923267,0.053739056241481536,46.222010233418814
0.9980075667820858,0.4037592749173862,0.6991792739159757,0.07272588974333064,123.51431186840472
0.9963206289915176,0.7773972472321824,0.4468877286148318,0.09697900218886157,123.68572254314927
0.9988426186164479,0.27150707661372464,0.5389791753389208,0.06479810268728751,78.65900859066699
1.0037310775351271,0.6354071517637288,0.7316711989554832,0.030164806104986133,157.53999570802472
0.9988157836544792,0.8949285040129857,0.4202583947192624,0.041297613143731926,114.16042954684463
1.000055619605072,0.6171948874292009,0.778310907464103,0.06104726139082288,168.03332368597324
0.9977170628695529,1.0628595926440938,0.702019794751616,0.09403751526191687,209.94504348310525
0.9984779260212203,0.8867483006075685,0.1515468238855371,0.03641964182440796,47.77633124864275
1.0003950033615197,0.8695679867755151,0.25499707140715894,0.048938860015882546,75.95171013099605
1.000492989764196,0.7852934427929721,0.827624620840114,0.09786641289719301,207.2307370687014
0.9955358355489602,0.6429099010797885,0.18698079585048025,0.09010495389952505,57.89823280507068
0.9997677528227819,0.7180561931972171,0.7979368223401835,0.048221715071522134,183.24501548678978
0.9990965743356215,0.7534530902147138,0.13954040479575266,0.09035438715940912,56.82271050950118
0.9996041781088023,0.9364372147191864,0.9852295116142856,0.09656690404034571,260.8020437816697
0.9979018808702217,0.9157402660782934,0.6871775369069606,0.06196746684471367,183.5385523245856
0.9987553816490238,0.531815095855846,0.28678679426162546,0.021959520734729922,58.0729768211113
1.0000985537568876,0.4683309544682431,0.82825181838422,0.0511683349879046,153.58000572678702
0.9990308873780065,1.0927724011077387,0.9516058917212694,0.02611769987883199,256.4269324559157
0.996791475153394,0.23686142736782073,0.6062942846528881,0.047380836795849764,79.59747344465165
1.0003312933568023,0.7240209105388848,0.7765928373928396,0.04476154702490751,179.29957984278354
1.0000012127568234,0.8944352930889148,0.13486443053022157,0.09093511983442323,64.40912442197134
1.0011162035671155,0.2172349671780054,0.14043898880967087,0.054459878438221546,21.738784015269232
0.999769252069571,0.7045241366358876,0.8922806384149466,0.040990277997654874,199.32145241563134
0.9990759034387457,0.98616203443545,0.37223756554547,0.08591207714327963,121.5840133102057
1.0034373790961975,0.9568356261454531,0.13470373948016184,0.05375248047324417,54.34838669954786
1.0010779809263795,0.4290422854200714,0.1598831139882898,0.05963471988565294,36.70673677542726
1.003284376395204,1.0892336533190634,0.1490446770333087,0.03793788698274409,56.087628026579125
0.9986244214802084,0.6562629071557382,0.38659165671944595,0.03352488260241809,88.20999817412883
1.0015114487800427,0.7830993676018025,0.4155782130065199,0.05537185335220582,109.3461537194874
0.9979254980175872,0.5266936759005014,0.42277510409887575,0.03160967540874173,84.50477316353545
0.9984254506288784,0.656822428789249,0.7178908464243056,0.06719493975137777,161.80075566323677
0.9981679545007508,0.6532598194164752,0.3746577635100317,0.02745336565243867,84.08087239092163
1.0024392148161716,0.4106357695327164,0.19219299339749032,0.029597081985068482,37.2283707123043
0.9995103501402608,0.49199570006150917,0.8488074445080345,0.09814843999610977,166.7190389518763
1.0007251380316742,0.34113043126450937,0.18775459598379585,0.09173954301602052,40.03177066818114
0.9997154780558385,0.49086932336758615,0.6850329452359388,0.042807026486568575,130.75569533291065
1.000513849594408,0.5985557008603046,0.289150216634557,0.027852147522664544,64.1401256949166
0.9990209133378648,0.971189189558207,0.12920937651089484,0.05664012750079872,52.87243147860079
1.0002022249052704,1.0304382895130741,0.9852731836721222,0.09283672672692404,272.7059778076142
0.9981989876370101,0.7135727181095737,0.3059664918832073,0.02428971136422981,72.4767812801806
0.9994903543441632,0.8774986760094783,0.6724079855957342,0.02017282230520862,167.1846979777989
0.9967492501473041,0.7278473279397051,0.4347301947385602,0.09777590608439388,116.98113312558223
0.9987278611104904,0.5116283253734278,0.2908147694890207,0.06269776534595448,64.22762475506818
0.9987842297231954,0.35971635520243617,0.010945534834496127,0.04596358234298768,10.028969612833976
0.9969829715632618,0.9211232563143599,0.8923695227699955,0.08648446572484225,235.37115878996653
0.9991577322682729,0.7685870353431141,0.19761685187855793,0.08841772728197521,68.54871406743155
1.0016752540672358,0.7813330871935107,0.022754752622857876,0.09158696095524922,46.67164595164195
0.9935624812232605,0.3702097890383221,0.3752499289494594,0.04221696933261494,62.49583766722844
0.9987057158406877,0.21851147758033707,0.33572447489390056,0.024441990607205054,42.57134803580021
1.0002880846765096,1.0187036815645636,0.015177629836116605,0.0726470177672353,47.25002057025699
1.0009322950744712,0.8048795297962612,0.8962677055199737,0.08843860323085499,222.9611607686796
1.001930978226805,0.8370574898108776,0.8371809340617299,0.06606735650098337,210.30960675659156
0.9995653698069714,0.8905000803132452,0.014710693921935874,0.0684015126084888,38.68267739324688
1.0005213615829167,0.9331625945292426,0.01940313921943488,0.03894125873146764,23.998900111333228
1.0014104117514635,0.2787718314751383,0.20418462832890427,0.09233085433773594,37.70457010643287
1.000804515239625,0.6277695582969429,0.18475043820927572,0.027088430535295104,44.316901050300714
0.9996190286351655,1.029171016853253,0.4139423910395861,0.03426092478793599,119.53420265684298
1.0055231265335018,0.9636043825669696,0.06020165798987111,0.07791727370714926,52.68699919986045
0.9995422242600326,0.34993238038973185,0.2929328681992488,0.09644978628059143,56.36215497675596
0.9949035431378652,0.6904328654674508,0.9470210718607787,0.04856264300805728,207.74080961345865
0.999378583508402,0.6049733487449167,0.2883533743459925,0.028965728309299034,64.0777422600724
1.0007726752679884,0.8090136283132574,0.7152559624636339,0.08285457640300727,183.40961082798628
1.0009671545419225,0.7751893406112551,0.4611179590858817,0.04816148204859813,117.09510364163532
0.9997592190248257,0.5938332204691276,0.7786066661481242,0.046847061198050155,162.52647616247924
1.0031343180497265,0.27794584081827056,0.2207853172416376,0.06983555713072238,38.322077982547626
1.0018705088335407,1.0015956804697852,0.42864765589516896,0.05564289733917811,128.4471123628265
1.0025898639766684,1.0029182663287997,0.9022303484604559,0.04513119605984737,240.67231276781004
0.9995124070999547,0.4991076515182028,0.438669593202868,0.07891492125298812,92.99946696120742
0.995766162771173,0.38758946577144215,0.49113966542261017,0.053291214637922996,84.9918353517375
1.004610166407822,0.9513676325434601,0.3454986972764688,0.08583277008995467,114.87032450178242
0.9980014645959813,0.5549049038924154,0.31404392278544,0.06069949241341217,71.29323456595472
0.999585693583651,0.31037644223461675,0.2606837661787813,0.07792232838859252,45.919813878542186
0.9992464110942187,0.6480890599436826,0.9082641076123256,0.039358980673578785,194.28103212582357
0.9978627584548215,0.5623257331582323,0.3589977181170291,0.07529828839578222,82.95823510021461
1.0027551514602315,0.5410911791090509,0.7884662982721814,0.027342171257868923,155.46324043135945
0.9979197943477798,0.9355029773062671,0.6277672801700358,0.0922480833360594,178.67237027605546
0.999929126629094,0.8120093112226152,0.5752363792135231,0.05076071664499224,146.29660106853527
1.0003297503473907,0.2025028300305661,0.21046042773122497,0.09477830121300906,31.57847381374353
0.9992660384150783,1.0845371488129132,0.11353979607794734,0.07731409049775832,63.29547324273392
0.9974688256138843,0.776843236059136,0.6825217204477427,0.07566970689137677,170.47622705430206
1.000611757185799,0.6338437554138643,0.8531676174637537,0.0946999575391594,190.67186541797585
0.9987153497836547,0.9796529499976057,0.03868941018229652,0.046568815665921595,30.128519854048363
0.9997105005086928,0.28057380847073354,0.2858416146745257,0.04700935454812773,43.92881899230366
0.9995950180470321,0.7943704218596652,0.3648752263104594,0.0388201043460002,94.24092234168177
0.9967783484554658,0.5348944249669786,0.6407579172711513,0.09031211440003957,134.45417054198845
1.000132333193652,0.7713964436772163,0.28453529170806874,0.07543732672047368,84.13699854497202
1.0002611443126845,0.511161040075895,0.12600960279009626,0.08732142030394996,40.522735685545626
1.0011720176128003,1.0043772410920953,0.8451832335257423,0.06865512173358584,232.47600695737964
1.0024597551665377,1.0934377095580772,0.7733677624668006,0.036626012546516165,217.15755949273762
1.0033267637077345,1.0423665500829131,0.6632857481074674,0.08018353226623107,196.53912338371012
0.9967762538748993,0.35443827706110365,0.507864462520217,0.058772196295959506,84.31297938457965
1.0010917563740993,0.2832189265740581,0.4537062071512289,0.07615304772891904,70.5456330222845
0.9988896981097422,0.604519528572995,0.1323410909925369,0.02657676153721674,32.03086063498483
0.9981838155311258,0.3078710360219287,0.825611614182498,0.04978334229259812,123.1379697690628
1.0000029970296347,0.26948302987396977,0.42307260283356873,0.04784445283617422,61.679993817237346
1.003217343142123,0.2894724397057123,0.23592746302085119,0.0399424412662521,38.25832498897415
1.0000801656087863,0.7635186299306949,0.019408645428664495,0.03755372354588184,18.90781283512979
1.0020956009277129,0.96178364263771,0.02268083679358439,0.03348934823419765,22.66549019057834
1.0024665717208787,0.23264001810116877,0.043048784154809484,0.02025721588219481,8.117067464389947
1.000772132516638,0.3805138277746455,0.814295329074288,0.08079608469030361,139.01583836018648
0.9954844975092706,0.44581240512237774,0.715280685064998,0.040885625483846944,127.95170741499209
0.9986040848358878,0.6001770396914268,0.8902490755178992,0.03445664225799924,182.38522965517208
1.0004556629551542,0.3308379261086102,0.8144859851979419,0.061362313714694694,128.12218537944716
0.9997798035434601,0.6167662747199598,0.8884690058893789,0.06438827037714702,189.5981427266307
0.9994676649517055,0.48910820696115,0.24704820160779817,0.02330651282977291,48.85011330582341
1.0024250122410494,0.29947970866940554,0.3171720057486229,0.09777687795801243,56.03631614683968
0.9984919315634556,0.3832010306761946,0.9069936133835066,0.046729437120566056,150.0807238647546
1.0036537189081758,0.4169367237791606,0.9598974651044017,0.07738002528159295,170.56490181574816
1.0002724331487411,0.8549564791761717,0.4773682946001072,0.07925223615617759,134.60496929147848
0.9971004247590816,0.6334372612459324,0.05287104476030083,0.05889958289368971,25.464958653127837
1.0016076333093646,0.651279596398529,0.8066489120857202,0.07828068567257733,181.83187274632883
0.9937970503433188,0.7096205275907761,0.720808501221894,0.020853321191198912,159.13853995333992
1.0049817361574154,0.541534688975482,0.4418641491500445,0.028455192206221468,91.23483047404324
1.00038550589208,0.23415568439222315,0.9130328349243745,0.09848553565414515,121.9178206608338
1.0001165147220181,0.2784546335263053,0.5946629543039065,0.09064404191956536,90.02990310030765
0.9985232711863922,0.6870593763600601,0.33343503011994113,0.05694510828445852,84.13113179252855
0.9999307433682149,0.7166711692710506,0.780112396123335,0.052318596650346355,180.09549971992024
1.0019316335355457,0.29387913681601924,0.7602626158458254,0.06707554751209434,113.97118897331052
0.9964689057527303,0.4457545452391816,0.5700725049410676,0.03300209838952129,102.48301541659407
0.9970110052285431,0.8408641298562851,0.19251717245285,0.03343658633320854,54.471441015567734
1.0057850213675235,0.5032273136058342,0.22510905893968056,0.05617053826547751,53.39371600686553
0.9973740122744162,0.2990106636540372,0.7616281328082751,0.0553737367679345,112.50787609092845
0.997971041490649,0.36891157982644807,0.21661741708840318,0.07737432062318121,43.40868818950025
0.9976299139065544,0.21440832365080073,0.46935515696244046,0.023477221680058433,57.8569936998407
0.9965018826149511,0.2533764275634012,0.5381279868873581,0.08042081547450212,76.08553247322834
1.0043944637488764,0.20266100636614018,0.5044128011109575,0.057091266277911015,64.78227163833935
0.9977309117137511,0.8607370841211606,0.4122944252081097,0.06780724706860093,116.15945037253056
0.9994900061752169,0.25758559614885457,0.14118956477914224,0.059249397861229486,23.922513749690893
1.0006438823056034,0.6295312920774684,0.3360891063428312,0.08938307870381167,87.93752204013146
0.99812429786941,0.5730800322626408,0.7266234455755809,0.08189820688591383,154.68360331052372
0.9990018088901101,0.4436991842788995,0.9999177985497119,0.06687625583712707,179.26915581885922
1.0010441307455673,0.21064792656573345,0.54921343768572,0.09458496741318266,72.67122462410538
0.9940235136754632,0.9405528998301471,0.4525844604711515,0.044994615496835824,124.34664842952509
0.9969962134695147,1.003288420566873,0.6563302074913755,0.07423358851037304,187.307644912929
0.9981219263725034,0.6278098348283101,0.0997619784439065,0.06516967009662838,35.4124782046228
1.0016420059118245,0.38691450998598464,0.8708857830555489,0.03169161457065034,144.7452479273257
1.0003083520250566,0.3400013177244598,0.9251919656595832,0.021114874026815923,142.23081039929934
1.0019398151069148,0.7873526774631785,0.17591129492276453,0.08974960663044274,67.01093642157537
1.001474430077841,0.9467946675101064,0.8051499827278166,0.044009537406293986,211.03222705263565
0.9996521374546292,0.7338676700510347,0.6653559496814215,0.07493966865083201,162.53663596457005
0.998504369877945,1.065271081709386,0.13736210072545216,0.07006604660093398,63.801103826300846
0.9952246158143443,0.6452016408360304,0.6417248680180035,0.0671957908553672,144.2635602648648
0.9979663010318357,0.6382505033330259,0.9117388322617891,0.02715647034879349,191.09295147953245
0.997637726420246,1.0966203498485885,0.9018248304644761,0.029039921279643926,245.33933693627213
1.0001322720028536,0.28258469911787154,0.23430546179063866,0.03442651911727462,35.971590707796224
0.9997665417356206,0.6616852677668931,0.3659475135364345,0.0614072580447621,90.36028819011608
0.9986138860429609,0.5031254545418762,0.20546101976184933,0.046665450737338035,45.57100876669898
1.0009689277772407,0.7655849680333071,0.7895099859791374,0.03655083672958416,185.50550538494954
1.0017804957905951,0.746721771511919,0.31200954033971623,0.06554127264224018,86.71188619786619
0.997350687145165,0.5673869067916071,0.3312403108426726,0.09381838944005183,81.41563308430568
0.9966926227476814,0.7999665025062932,0.7360404535874794,0.049570173260688855,179.00662495955578
1.0025813751430195,0.6514859908060411,0.5418257215555194,0.08258013143646205,129.971475803433
0.9985447816137555,0.5326205136584599,0.45413059294385394,0.038182642775329755,92.2222555769169
0.9995758389739228,0.4029863021666299,0.8387311739136084,0.08128081881211296,147.05935544884272
0.9995763623610068,0.3293374391954703,0.9694419861761644,0.047794949973813,148.50447673767934
0.9990692936583638,0.3099439705635194,0.2927847697231455,0.08288103936311188,50.88861177210191
0.9962759431119973,0.7332819908295511,0.17902034821858845,0.0908842135353888,62.33320393850033
1.0004991903901166,0.29614384824068246,0.39387055308366264,0.07118152060513784,63.00254167298755
0.9971519416939508,0.3395761252711528,0.2790951282385011,0.09530896581594951,52.286662194927715
1.0038497550921774,0.6201127062188797,0.9589825445535276,0.038162884961056104,201.08018855132812
0.9988257336466582,0.8539043372718795,0.5281371414891382,0.08117142455562217,145.9728090637791
0.9972733944293772,0.9450651149468041,0.8695723074700756,0.05934806800501459,227.7091059996815
1.0009449215235913,0.5012410657711479,0.38939596951804484,0.026923209828426407,76.67786591164764
1.003140863059737,0.745849930854638,0.10847633840326913,0.09041017693321915,52.73767826731495
1.0015480039125202,0.851545719229774,0.5170789668217266,0.04733561264625809,135.84552207763073
0.9981629260646475,0.35900627884153813,0.1393356897632916,0.03231720974809156,25.230479374612628
1.000950028136449,0.8227208986827697,0.6633351882225037,0.0806974952481211,173.19545646826577
0.9988883387497242,0.7364537755978182,0.19190240757533872,0.03763494769034436,51.79593919290676
1.0010190853677436,0.7021030148333454,0.2506007779886361,0.04217109123118428,64.86929222601447
0.9993818776016992,0.3499210120541685,0.05940048425321097,0.07684781433442872,20.102277176455004
1.0004375849747067,1.0906402883476627,0.7287355199874833,0.027888830227821435,202.8454535409752
0.9998602431060343,0.208669548164932,0.22230584867764067,0.05141634288692412,30.171992881937797
0.9950522559768926,0.2816912783483244,0.9531776095027081,0.031165988374263494,132.617628591989
1.0029981472758642,0.37042270681837686,0.6990973184342204,0.09789985623692671,122.30777472182746
0.99787278234112,0.5172080622164159,0.14281964988072077,0.0695353528551183,38.88370277192547
1.0025028769631341,0.5866351043833016,0.14681437651269005,0.020553980656733035,34.45309404290367
1.0011863971256338,1.0584106903351627,0.9293625523659881,0.031260972484704545,249.65201508602675
1.0015986658254645,0.37820678748491454,0.6967406603610464,0.07601823128919999,120.50748946375592
0.9999195684399876,0.27812603469701613,0.21168424285488482,0.09190574496488739,38.01709347710704
1.0027817746894045,0.9478854683908595,0.8287717524169496,0.043674921294875726,217.07194071199453
0.9995479322466191,0.8641365049990308,0.9486961745965572,0.09930708303092481,243.85874706960632
0.9996061918993264,1.0687602489201125,0.8405403573260013,0.06498876854986788,236.90722303268552
0.9996503292395509,0.92276091613508,0.1347987441680641,0.09718084720551959,68.22494056709542
0.9980718586702177,0.3077039720929317,0.9831419608087684,0.052680392479345126,145.20318963670263
0.9995778040907486,0.44915895976881715,0.4821987050912907,0.09837640633571865,97.68315458734702
1.0038358728559584,0.4533482066033129,0.45432951245589187,0.02633916555222343,85.1255249748188
1.0013954570267605,0.4996458761128801,0.3129002464798569,0.06043181576474853,68.05112456743376
0.995313449857685,0.8383628952727038,0.8289286038040476,0.09596603961034654,212.27149856287457
0.9983402695099325,0.33985706795345055,0.8717302081078657,0.07089423559079677,138.21088459189298
0.9974660568127646,0.5329715536866679,0.42137387525272696,0.03693232577152618,85.69420785372296
1.000217253321619,1.0024410047173629,0.22744501938807646,0.048784521644668025,75.61747632191481
1.0018911036398137,0.5024574151512771,0.9074866620267111,0.04156170502813451,172.22739251560324
0.9956975790924828,0.5544402942319525,0.20611970172774158,0.09761937286480284,57.37345663950316
0.9975665348785655,0.6292456175520933,0.7088028402781663,0.059145704133365395,155.19715358900237
1.0006618017728361,1.0491723359860303,0.16685072540940185,0.06593600139444378,69.23047188894185
0.9969573066036443,0.5203752066998507,0.5593854221401031,0.04351708480639168,110.75443565334552
1.0006761692423332,0.4501727816168849,0.4628712578393603,0.0470663737063023,87.98727115770657
1.0006659135297993,0.8799396242057422,0.6482201828307007,0.07515536275702794,174.98438496963303
0.9986397428690471,0.20732279499764752,0.7255489858156887,0.04188716742232686,88.49222911998214
0.9951909585141188,0.6620852764894924,0.3985870852881006,0.02718827815607811,88.7980447706451
1.0026934282396571,0.28820435355928486,0.29163514409688907,0.04255768543596939,46.022966101208226
1.004172602254839,0.8226545672196621,0.35460861504870095,0.020592714257405557,90.78411653856648
0.9995240425812495,0.9875774390601535,0.9716358799208881,0.02738004810617862,250.36800659561663
1.0024527433144577,0.49722686150599227,0.24835484206733446,0.023236353972690277,50.54274489508322
0.9995951775352436,1.061064393256906,0.4989517948536438,0.024134324581089786,140.39305884422538
0.998681544599928,0.7029825985115359,0.8236471288170654,0.024171957729576875,181.85216807305255
0.9961127132336,0.46522027050088516,0.6748764232062924,0.051353104953660134,125.14762189432327
0.9990264039217571,0.7688823386508228,0.8817745670015232,0.031177097213685355,203.67726383213616
1.0011734322731918,0.7136675472786502,0.7711996625201456,0.05268349746334995,178.29208937699573
1.0016172552517593,1.0424897146861871,0.4565671004228345,0.09790913191886236,150.8774555309646
1.0035640629984095,1.0568121444519134,0.5381771515613522,0.08933721578869705,170.1786368261097
0.9997668781398507,0.9489758725375095,0.11835022923043607,0.07854208330216449,58.678538962779726
0.9975233690780885,0.33989960478085357,0.7500179891601966,0.07947646069963427,120.82283421252197
1.0012304271677714,1.0744695166743918,0.16935579424538083,0.07563206734235364,75.39559986249259
1.0013072750379668,1.064296082386769,0.6158002252818474,0.05591882740343357,179.60311333424448
1.0005320207878838,0.8496590300284728,0.7982415193807954,0.0757672072369364,204.64453362311087
0.9980886650719536,0.7659329694224797,0.8239137928032412,0.03803053570950718,192.31088352896825
0.9998263015032304,1.0753116494384647,0.010405796600138418,0.08610029431910705,58.34277545628197
1.000519593477887,0.8781035491217375,0.17827045289025892,0.055257434781318227,60.60204316123111
1.0005048333752937,0.9946963401257065,0.8221943471262756,0.0942230397804463,231.69221034313372
0.9998023372627524,0.32418131156492885,0.9763432866431019,0.0670421477344658,150.08628707121397
0.9996440833783076,0.22061146237823653,0.8457159442232506,0.07776667119444818,108.69793100814638
0.9989314251724611,0.3268097852768303,0.4350901523888118,0.025174239849043056,67.3930743507388
0.9988979941978757,0.32228636415713996,0.38627598578709404,0.06217629034312802,63.45786438895823
0.9985729510291184,0.45007613202570124,0.23218260055476012,0.026252526609225547,44.232438784337035
0.9997049117342245,0.6915857982178277,0.8107246560494533,0.07737360933706565,187.34048075339
0.9974308949084126,0.8144550058498974,0.10910209851891889,0.04307239392015513,37.371724743947425
1.004474007221988,0.8453556304674212,0.1523343304130432,0.08873044808728119,66.29068962206838
0.9963407205645685,1.0463659710368978,0.6628918730540757,0.05712262755194873,188.81402908963065
0.9988339292953952,0.8942320323155803,0.03569483006642988,0.09400872296101827,52.5032934389651
1.0007173618695346,0.2064454606794927,0.8331068349390464,0.07578152455475831,103.7619790960527
1.0000366072583144,1.0173667608752557,0.7647260065031339,0.05708634027107133,211.60208600251167
0.9993410546789802,0.8286506739958865,0.4661026936420954,0.0913506651256453,132.31616075432134
1.0006989714919565,0.8217468080526291,0.8609569419396232,0.055851720970889654,211.4243269210283
0.9995928209202936,0.4906377797958028,0.4444323568588991,0.05060023034357207,88.64375155637521
0.9995949141523757,0.7210324178386314,0.13554113684214084,0.04304340422097758,40.785891650228564
1.0034779052528022,0.7660793605146226,0.9321502356315877,0.07047983348051207,222.40418022832986
0.9992760408075334,0.7000937458054308,0.47797382609871514,0.06907475259702767,118.21335437957487
1.0020937399239886,0.5243953039312028,0.13778415635469723,0.09892689445452683,46.579724251112
0.9985975260784915,0.6841843922587736,0.9727786913842829,0.049183995008968306,213.6487132236876
1.0004928046077868,0.37478320253512737,0.8286318019034045,0.028717186955130043,135.4431578247016
0.9986494925116051,0.8045917898495794,0.05673924347847519,0.06564723704147962,35.75439370943559
1.0007851809534924,0.6832105719741045,0.7407305010423865,0.09539653529233198,175.70927595896677
0.9990311584243887,0.6452434386917643,0.8682902622053253,0.08762598018938628,193.45885491928317
0.9946039435764475,1.0680786426541655,0.040408232574501365,0.09740249882829177,61.929324956444475
0.9985163901045119,1.0561241556085403,0.9048865118240362,0.07346367739305634,252.7186595470133
1.0005701398627243,0.8871960400850445,0.03162584843608859,0.028702847123923583,19.002285089962697
0.9979639373599205,0.5049002638222739,0.8455952721383267,0.023401857798661333,157.88976034949425
0.9988939991412948,0.8388633876364022,0.1356263564029802,0.05694946140721195,49.181610791640196
0.9973676044472437,0.6396105850719827,0.4231609843540788,0.033017286741512025,93.84260924461336
0.9991625490798701,0.2336114862211564,0.7997717303518471,0.030503032170323456,102.62710879036604
0.995463951106066,0.9269240124966203,0.3166793273334121,0.09360111958556161,105.35211199785289
0.9990210899321901,0.9392826600070618,0.12613015265264876,0.06775789209276259,55.16471496233669
1.0009755034989878,0.3367610565831617,0.9821542672891912,0.09985674524885704,157.01921808549713
0.9991094814317092,0.3690984711788183,0.8121904500661701,0.08108132864966842,136.58543744209646
0.9953489327621935,0.6556468843580927,0.3552908409876254,0.06212046618385622,86.1898871270709
0.9993755608305581,0.30927149322984554,0.8937038033463379,0.0693014549625698,135.10116130618377
0.9986561526683166,0.33719563555475096,0.11175163682509455,0.08121722257874497,26.67904131927645
1.0042364559228127,1.0763038170626094,0.3332272938503022,0.05556348956929444,109.97132789236349
1.0016717286735901,0.6781571973075795,0.9688454058131932,0.08840046386045973,218.73733480506135
0.9997466237012985,0.27904148851432026,0.7963756696547464,0.026066007580730445,111.99666841541625
0.9994065642085926,0.22342040832102916,0.7968750165541707,0.09654707022307021,104.41414065533405
1.003456994408397,0.679604502043224,0.27524721273283703,0.05473226587612526,72.63779418523546
0.9953409846348407,0.8334992606018481,0.17618549110121898,0.09166205332620976,67.48975813431474
1.000145765397669,0.22126188456573648,0.6943575024596459,0.03674796098694645,87.86977449211588
0.9981989914645909,0.45299880993202035,0.2837143160311489,0.03653957147289365,54.70873028997141
0.9993129378293506,0.4779127013461726,0.9547634757105102,0.03911123269841637,175.08825164524413
1.0025226623455021,0.20831954956274346,0.5534020281134647,0.053712414362574984,70.56628051165467
0.9995088542522296,0.8879912386991309,0.17033866404956888,0.046657373681109525,55.921491554966394
0.9987113164265634,0.9512899525849878,0.43384086798219085,0.025622818542844917,117.23168025399133
1.0000940136726388,0.21316378608228886,0.429010947613468,0.08805380280022639,57.97149628180625
0.9986855362473751,0.6141072877654432,0.9586923111688082,0.04798074008307514,199.95602050053753
0.9987628386252391,0.9930188425857955,0.08280344992334332,0.03349378034443405,33.28510576051269
0.9988847833320676,0.8288907730195207,0.9318307252021728,0.0771182998392151,230.85911535587678
0.997964942093112,0.3807364889088006,0.788639158309115,0.04962731328706532,131.09907715356974
0.9987382183649698,0.45935145024050233,0.9301346014814047,0.02414706721589617,165.33515253016236
0.9965556115054054,0.7900175424276286,0.6519195948982967,0.03274292963449917,156.0102452569896
0.9960508937404694,0.7988355124539377,0.9535261721926572,0.06166246625737802,227.74590418346878
0.9993648071318143,1.0832155398431462,0.8288894858419558,0.03547579651184618,229.03248789185992
1.0008299669614982,1.0384893807200823,0.45884027357284635,0.047217354656459654,135.85131143910678
1.0007902928542527,0.6944686497894914,0.16845235115715831,0.07032554211095281,54.300557644559206
0.9985274544638604,0.28762215113440504,0.21591733511007882,0.050080922142296806,34.71860912285433
0.9963989944414718,0.8672928271397062,0.2545989734983815,0.046371315376252664,73.50323835091967
1.000720844225282,1.0830529149365584,0.9342916497687686,0.026685062428401345,252.63295217354968
1.0006968530871152,0.7080355427025409,0.0829097292895776,0.08848311956454039,44.90656734362989
0.9984106640480479,0.9802127401333287,0.7189279283313621,0.06925401398176827,199.17015614481912
1.0001813271592384,0.43821837714241973,0.13671035541435006,0.06317825976781177,33.646792927192905
1.0077834953457179,0.5831402953940094,0.6405497319486033,0.0834616745301213,143.67814706530447
0.9964006077644715,0.3710852724734467,0.9469624065522749,0.04869459094515684,153.1230386504575
1.0010705678668281,0.6543340653961578,0.30386151369339326,0.0992184370736046,85.9467362407047
0.9985155662502044,0.6075307255370617,0.30583825447476465,0.0994808285373627,81.5225148966644
0.9955526706049374,0.4470340824642719,0.5637063090379003,0.07066672734843982,105.9890066981971
0.9974177986484095,0.22220544485899704,0.2993903136616188,0.03668055179075848,38.76748952996894
1.002202529640689,1.0965364929462773,0.8083407890107739,0.09958350749774748,241.86391184999286
0.9990550309750429,0.4094786730182563,0.2694459230497948,0.046081776057708995,51.052540592481535
1.0030112998529574,0.9668095868425557,0.25775152528307366,0.09983913912843899,99.72683003958429
0.9976089233906789,0.7456945937135617,0.032921661984568924,0.025445426992583436,14.040685872166762
1.0003773737594601,0.22922188709654373,0.5024336398603849,0.041875064134420076,66.38853844640647
0.9976299231316075,1.0268994337494801,0.9198990063317364,0.03932297009473557,244.80934854258297
1.0014749061068284,0.7393648028572486,0.5287012490499529,0.04952858931082957,129.23280448340313
0.9978575622109036,0.4411519729026292,0.6134538349773494,0.046498462009129535,111.46674261260915
0.99846461455953,0.7355261821564327,0.7521729142994588,0.09971348944402922,184.8379691308858
0.999377281339355,0.29016410956452116,0.39134180076737146,0.08717114601044329,63.10005350715744
0.9982069017343113,0.5233879635212407,0.36050461739905976,0.08649706707503367,81.82945052991073
0.9974729911978808,0.5414557868874776,0.4087701244903989,0.07916603731105211,90.96732833823779
1.000540759325952,0.9001221424564476,0.18359058324495173,0.09856617878624577,77.71872291370437
0.997302842500316,0.34974644641627467,0.7133370976441019,0.06554483563999491,115.63256498734
0.9966900035915438,0.2659021235311496,0.6561728437021811,0.037195625990468745,90.42565542035805
0.9947813946408303,0.23828938289323986,0.23021119910780458,0.09127046282210778,34.996239237089014
0.9997429430448198,0.7818360775827291,0.9760992985550558,0.03564157878367121,226.51374670191896
0.9961687191914368,0.36584983993550685,0.3191151319160715,0.03921771938346917,53.89785148401222
1.0035390102118267,0.541463407004416,0.965405648773577,0.044344940065578056,189.496676254131
0.9971418235100984,0.6953487183826107,0.1727410067440367,0.04301582878030277,46.804533263728956
0.999923089555732,0.8567561988106986,0.47128090256271266,0.0257732026611591,119.84803531669058
1.0004909809967482,0.28005408150233807,0.665948808564894,0.03799701846717737,95.43210574950388
0.9977130984391832,0.2919048479717809,0.11914277608746644,0.052073565296649166,21.370583762289016
1.0033740452630273,0.577969624849336,0.6087096400950369,0.025067856602928977,125.80042071067288
0.9994245865546905,0.7288537739108918,0.38949765020189975,0.04621883896467441,96.7644161920278
0.9985609323417196,0.28662951443747164,0.45940923949828893,0.07831765481020324,71.05507327904553
1.0002544909961575,0.7551217149161225,0.5188628236146354,0.031796155708365484,124.5284295772978
0.9994506087553844,1.0540246432352733,0.4788603053749457,0.0668967550407301,147.24327046829444
1.0015929688703784,0.4100041313625675,0.18304045510393954,0.09838015591461688,45.673280115455555
0.9994731102796278,0.4054385391144112,0.9945840802899686,0.07966319027741088,172.2163036737893
0.9987837243020808,0.8720090810257597,0.7559627788200964,0.08479866934647497,199.54533074284748
0.9987985283360595,0.8948194863899257,0.20206573390950638,0.058365141851424995,67.0739714178647
1.001503608404326,0.8841590038203686,0.012569296489066002,0.04313507293659445,25.690403944035893
0.996895638841342,0.5102349463798315,0.11240433486176539,0.09708757308090261,38.9069516960584
0.9944852700336183,0.3354031833962784,0.5788975973414703,0.05642960792092269,91.4874570106324
0.997635149643893,0.4640463416639852,0.3719555917598044,0.030959531237643237,69.92469118110864
1.0044133027021438,0.6859406891447217,0.8528984877169093,0.043519381728032394,190.67526723234496
0.9979929923334221,0.28892649291767275,0.5109154925669941,0.02510375267165113,73.49777886546036
0.9972883034936627,0.8251039808215208,0.48187209239194817,0.06656916101343799,128.8219139686559
0.9984934063977977,0.5061909886317952,0.6288359172441972,0.06581449540676497,125.4203251159696
0.9981929090272514,0.553003973044354,0.24014265458267325,0.0602750471733149,57.04900577650773
0.9958531323123472,1.0773666639820794,0.7828820214594568,0.09201121755528428,229.5086255402842
1.0014778654319925,0.6187884749994705,0.2452777602839664,0.04283075243245424,59.69052180737452
0.9985890589818107,0.3422644621879898,0.5131399429566159,0.023361312255179314,80.77818170488803
0.9984146326614659,0.4256880073898302,0.6014069976425886,0.0800600745796147,111.73708894138286
1.0000502209616529,0.41786372993840204,0.45430853225736195,0.0902912932551961,88.4481525321533
0.9978249786023675,0.42943551067320196,0.2091911693245062,0.061131925533729675,44.03471018590358
0.9989957939489659,0.3025822883668226,0.6290646504702964,0.08833640441076954,98.16693562090052
0.9966992531198642,0.7309482457913958,0.35817050780889026,0.02138946619860052,83.71114826404528
1.000062071789733,0.33562830343820005,0.20231327689392348,0.05941632010950956,37.40870343727124
0.9982467249409211,0.9692653187047549,0.07908968954197039,0.06930933703954979,47.24961426563999
1.0019786501522647,0.6239748810482267,0.5732802886452557,0.09786799956738898,135.9011341294849
0.9999606816285028,0.7701091306454866,0.0896483502065461,0.05039516992446323,35.264860998237
1.00302058789804,0.7227066148684413,0.26404797393856,0.059639593072219,73.89557079191837
0.9997333002505675,0.705882002988409,0.11603802409904634,0.05259268959888043,38.84337434709016
0.9986345773719416,0.6411891621122772,0.8643003918105259,0.0971930910157407,193.3084555069011
0.9961167702374516,0.37399884162655406,0.3086767755736333,0.07793316434918034,57.48109873214099
0.9989320093272069,0.25123609984809253,0.33917405783488347,0.03055203112189746,46.72461346767318
1.001112924042762,0.9347491999151036,0.021664385920564688,0.05952428351445367,36.47065261604041
1.002867068548014,0.5624025329920282,0.4793820060900863,0.05348004105724424,103.79608289244459
0.9969064735001228,0.5793232273307032,0.9987163655844639,0.06551200858131943,203.26486303822782
0.996445896906128,0.31473721134428945,0.18308220438032782,0.0667342797145824,32.842374252811396
0.9997202631380643,0.9089688441747696,0.4628338453478699,0.0998367484087864,140.6528431111438
1.0021613843810433,0.3286890008336648,0.7255756967569482,0.09120786713322167,117.80161469380795
0.9999035872940573,0.30648269843067927,0.7174774505351783,0.03935407721813963,107.21232039335325
0.9986853789657878,0.7504311447572416,0.5600820900621329,0.03874457955346908,133.7648813793959
0.9993587700597073,0.5782224188039091,0.7439593164519932,0.041824618984131604,152.68468311280435
1.0020289430577864,0.8743118178389424,0.48979060000722074,0.0630304118157572,135.53292901062702
1.003528933116762,0.6587364870880004,0.2818862838549245,0.048300872144480436,71.40630705742183
1.0004772609918369,0.2543621241620389,0.28167895834390494,0.06719579062916751,43.006879814855495
1.0034665505068134,0.25289831391638373,0.429821220092811,0.027728717462391268,60.133953485354425
1.001373072221035,0.6917857397127871,0.36047937404638214,0.05460465321213143,90.60865586168978
1.0000682756689032,0.9176030140473355,0.42227793009231174,0.0996681389838993,132.29775979641863
0.9959553746689325,0.30585085882188157,0.25113640379076685,0.060768508848684996,41.14996816336867
1.0035094059943421,1.087651117188335,0.5213223880521857,0.03318448851621723,152.11461823435712
0.9969236370342593,0.3669484900097569,0.07036175453615624,0.021596735237928197,12.829684438724598
1.0014965464634324,0.7552165592594491,0.5970463067325943,0.05210795329467463,146.15348531745934
0.9979972879684764,0.5440913767571883,0.8354581354881446,0.03338241707020166,163.47711582728252
0.9968693226917636,0.43608033129276813,0.6988418786941979,0.07975617060094918,128.98290063171606
0.9990583524701525,0.990475935212987,0.5463713238975961,0.0604954662015772,156.91803518805057
1.0008206343050676,0.951619735389287,0.3043371402835903,0.031073028486801893,87.03734472445478
0.9993553276793927,1.0472314849825608,0.5126080699239507,0.05999320761681054,153.19770774673776
1.0002148654685339,0.9228731670031565,0.3595525851498736,0.020506707375818653,96.18261662064316
0.9996788477761273,1.0289659246012717,0.9040632584419003,0.0757521261788531,249.7681815034087
0.9984107318874978,0.2775276401424479,0.40212754446019333,0.07500192334373221,61.584165853274556
0.9969162170868422,0.5080738054037737,0.1643463666322672,0.05594585595333429,39.274138066746275
0.9950694175573859,0.5213275798251165,0.6821732208402171,0.07522040776600526,137.310462354751
0.9993772026494508,0.2451400098466206,0.831441225717831,0.04708255739286882,110.49989484293866
0.9981565382680007,0.6439854965356037,0.9000392129341155,0.06342344400230102,195.13739114086067
0.9972895602919302,0.30183828186569384,0.1475734926055211,0.04296331683836098,24.753082756288734
0.9996864805604132,0.5560186745692357,0.7431193279446575,0.05057770383995126,151.0276049461723
1.0011357598926705,0.2787313000029068,0.1166582490151305,0.05705139071754524,22.2736050378532
0.9978404200247036,0.5880453794943694,0.5138188675675592,0.09322480746293738,118.24132071993324
1.0004283070287563,0.9432948505601433,0.2723629809570467,0.06823108128105237,90.02363710733283
0.9994193277576444,0.8418163126232661,0.5835890165085295,0.0979521692682346,161.45179978937432
0.9990222503492231,0.6676284322148311,0.4833826745185623,0.03351504397775776,109.28828305460019
0.9981622190042055,0.32667904708965506,0.04460813834150869,0.06047696435554682,14.089964750800448
1.0017190499385376,0.21337900340491928,0.6547184200537856,0.06552479413603383,83.9912612929889
1.0035741468583517,0.2923210153205108,0.27397732479031195,0.0912120552764223,49.139694910850665
1.0003523248445045,0.712561137354667,0.37698420128648524,0.05533323844556905,95.14524422933806
0.9984272671638026,0.7196277975099408,0.3564308867388682,0.03728757302928697,86.63849640613353
1.000425372678339,0.41612361777679463,0.7494570377155043,0.09632397726858567,136.91088835916196
0.9981766015600201,0.5547153110241534,0.8255888901700825,0.02285634105771231,161.78840731493034
0.9986466398039069,0.6949109909373599,0.700521378546195,0.05358121497500738,160.68965684686412
0.9984020183678393,0.494902411906163,0.7931952032493933,0.08785209135852229,155.64983432601764
0.9972951602097798,0.7908130755748972,0.8669928899981597,0.046339045009401295,205.4845684544878
0.9986626775631796,0.27865124844926187,0.8228247545334875,0.03231028574175643,115.42751398051394
0.9992034250147798,0.47812662512863685,0.6984848470367322,0.023587396304817015,128.6048043604132
0.9980161757672693,0.47076375637726015,0.43749023505278223,0.031152897134162708,82.3448715553613
0.9994161710428126,0.8904728122180641,0.6067288279284595,0.09902586818105802,171.7882456348562
1.0014551388529547,0.5887956048506829,0.15628617647398388,0.047591445417592346,41.61206758683352
1.0026294398983637,0.37945826424873297,0.3093732964271435,0.034585987972581944,55.209514972742056
0.9968771908677633,0.890364554532133,0.802193049513312,0.04400585101764351,202.90506067027803
0.9956362760645194,0.31233017772885263,0.4836603080256281,0.045410928441055556,73.7303992991379
0.9989177420452309,0.21563123569608583,0.2722624632980303,0.03183540246710523,35.06864806388711
0.9998737622785728,0.6467884859879878,0.8989023078952953,0.09298252163600146,200.32124123142648
1.0047084120877172,0.6366999755373579,0.35563750029040825,0.03621390748704148,82.91513167168222
0.9970840381785342,0.5747148650791422,0.24025280048103007,0.08231905644565238,62.495297197685716
0.9987428568022156,0.8234473231596919,0.8140329203556921,0.06364800213344998,202.12046711361228
0.9991460450687194,0.8351902285279065,0.23554969819470944,0.09552386134717705,83.06068757031835
0.9975208969132578,0.49369650847487356,0.9340477552136237,0.09534859176287218,180.88490718163538
1.0000873717963064,0.4205371312447094,0.07251272419791296,0.07203288483130794,24.573725784092744
0.9968246833774117,0.7757050019619316,0.911205040177618,0.034234643543182834,210.6839058462242
1.0000898752442688,0.8288522534679477,0.2426221672350527,0.04609219099135331,70.09285703896376
0.9981860181622254,0.8297162694081377,0.8915930558397391,0.09007751508647978,224.6975650534131
1.0016015321655831,0.9094505999381404,0.6807063278435933,0.07403834494120393,185.38180596971694
0.9982291080646362,0.5189783717259875,0.6612589266347719,0.07248510888090363,134.0525527064754
1.000097461543901,0.34572041910484236,0.2619554506044843,0.026220930210329813,43.34099099709448
1.0005372654017957,1.0849010906850358,0.3480629311303895,0.06798057331024893,117.07600922877299
0.9975244825187581,1.0749043743121103,0.10432229790325163,0.03211307162858326,39.49567385982721
0.9996410533893145,0.5055232205952978,0.07284064179393451,0.08777566431340386,32.04321077140497
0.9982770744323315,0.33926232782727905,0.5318313960391936,0.08215683076443925,88.69979379611698
0.9981825924785349,0.4660233327346346,0.5542929902082752,0.06911886241501546,107.47409371809027
1.0019638431544817,0.4726732978928169,0.07356778402194322,0.031185838812256464,19.421595647282516
1.0023952209737619,0.6424186301568018,0.7555879084756724,0.025791937349656874,162.02107677510588
1.001560586673614,0.40260598390524016,0.05618217118172475,0.09628001407069267,27.646070899858614
0.9960744052059821,0.8176424489548602,0.24444588638339654,0.05007405336269999,69.68004043649029
0.998215054488348,0.21818187618767812,0.4932901533075963,0.07271811820719455,64.73952818206635
0.998114048018882,0.3375772987918778,0.4940576363260608,0.057388221790089025,80.43039345777873
0.9983523109651969,0.6897268492469115,0.4918036807090393,0.07599511360265167,121.21522077482484
1.0001008196266776,0.28998435401736233,0.676649121957491,0.052740189813736155,99.86395915072717
0.9927685676750936,0.31336461192953413,0.47599594936600603,0.026265609030639025,70.0491646483764
1.0028045114685675,0.5518744826282864,0.5720760171465543,0.052474243386904054,120.20387590273634
0.9982225362966392,0.5043234925544502,0.30102707284376895,0.05313282595576156,64.05413618310422
0.9989435655251167,0.20451889188438688,0.5775183126503329,0.09942987555932982,74.3748121966234
1.001651083576982,0.517933192345198,0.11643749562986361,0.046241716560370655,31.135387502928438
0.9991493968567288,0.9453329181481087,0.1757639834252992,0.033122761781443126,54.888979100200686
0.9993080369785271,0.7256165990452321,0.4869117432330083,0.05453168335272497,119.4595953309335
0.997999551141036,0.8337868432947471,0.8087692118881941,0.039388614750243994,197.4742783250741
0.9952566798674428,1.0696172804011626,0.6132296371416718,0.08638433669142571,186.2175950372598
0.99604680220177,0.6374767399382327,0.8844594110034045,0.027505771378249805,184.76908735140233
1.0028102032122825,1.0728447516884374,0.8860032650411861,0.03792583933027613,243.13874844766332
0.999946074505877,1.0430208917448907,0.17405838684345623,0.04210938841917042,61.19552790323763
0.9989821044888118,0.8408537676689141,0.31248987298907294,0.02968104819974817,82.29204249910657
0.9999867534076232,0.5824204096818242,0.09738671612536526,0.07262326071621145,35.82515209534358
0.9984582121373766,0.8723484281640692,0.13952294718210106,0.0631826267482851,53.28436142602686
0.9954349240965783,0.40818939127236903,0.8248638430559284,0.05769485427396363,141.90453585731132
0.9978254432895574,0.5228489715465511,0.011343527921509703,0.09148282035718346,29.46477374843073
0.9994871408369312,0.888449196095378,0.5431312849006131,0.03800761305277339,142.12355437579043
0.9974438285722256,0.983018097240584,0.5070749292556833,0.04186589687129941,140.95260024574225
1.002666600891915,0.632205521886177,0.19965875971109354,0.05881363650942033,55.15951066805337
0.9992867168718488,0.36724268830985435,0.8585294544037749,0.06382295930086836,141.44236634911215
0.9972308756035093,0.3977349914627619,0.9198920563215185,0.027841173917537383,152.39191417143863
1.0048509802142238,0.43637940487376276,0.8199825625273054,0.08806405398753087,152.3916886020359
0.9976740182916422,0.4319522655336809,0.24867651142295438,0.05326927217201821,49.50396205811984
1.002489937531017,0.5063849680616236,0.9220231788673416,0.09482029561807231,182.51661189276368
0.9982784338855509,0.7809568810807983,0.9850949096458086,0.066199102378494,233.10481179755914
1.000959545561881,0.7792045017910154,0.9339054277149366,0.09203592315911449,227.6190677859535
1.000549457863742,0.4041772152554419,0.8732342908718438,0.05476291576573332,150.1092390946929
1.0001390386640676,1.0175156725724455,0.13423787685877653,0.09193088923139986,71.31340750400017
1.0005858769668177,1.0295956066064984,0.7718793964438548,0.06884819936784552,217.66173442585483
1.000096749185561,0.23194319747056114,0.6023254802589192,0.09091646633614722,82.42597465778277
0.9971480330873311,0.5182239098615264,0.4912623183280319,0.04507473200436181,98.35075663959941
0.9992479283119379,0.9317126185718483,0.5866043219216227,0.08798190471444134,168.184630710421
0.9987945562276715,0.7879318082557907,0.6996917138264013,0.05699890963154727,171.63456321687192
0.9953195495584811,0.20836458417733467,0.08872658865794968,0.05362112347241606,12.855016301083936
0.999461870973268,0.8918026311588731,0.08176981834147791,0.02825810962836979,29.137396585559543
0.9942676884067945,0.913901732197449,0.5019039935726738,0.063083093071556,139.11658657511146
0.9978098164857593,0.6977371392834055,0.4045670727669816,0.06645826029605656,101.57725073980913
0.9999561298765579,1.0997327804601646,0.2796806329522566,0.0807157383018206,105.19447959548609
1.002741358649938,0.940479508008303,0.16653136420929818,0.06411033429448496,64.43791263740394
0.9972732529936998,0.5657021719077968,0.38196458386182414,0.05260371951210811,83.46332075141095
0.9945039208764059,0.7503411883042412,0.05213309370390662,0.02566519891168082,16.78843917993231
1.0006165823604571,0.7848280835694674,0.43656162243798036,0.0664623115624728,116.4136683344314
1.002162786279363,0.8115858131271436,0.7227172277746631,0.04419795998391972,178.26518292738544
1.0013375829017552,0.9383300559783647,0.41003916512253,0.03771542319878281,114.28640305404781
0.9987088976269185,0.7922286986144593,0.06571245650989008,0.07532499082367151,40.511666994552684
0.9956440537292189,0.5436051643998794,0.5539411207521695,0.04957137186746903,112.94805981814818
1.001272858244094,0.25766030848625143,0.35533448727241396,0.0215848128149009,49.55368144822137
0.9990502597809665,0.8888493468439913,0.32493916130695377,0.09492170485742753,106.3567743833089
1.0001527592566326,0.8242862761104519,0.6790582687757134,0.07167849853785957,174.81279221855948
0.995848209601622,0.9520393271432612,0.6389340291236529,0.09959169055400487,184.09836169196893
1.0004765768244708,1.0519267938781673,0.2435580534820869,0.05766773561297801,85.15173398614019
0.9981446389479988,0.9157815961504252,0.07678821254771044,0.08923641572686256,53.8288567099346
0.9988250100143955,0.41455444225088606,0.8574586088040107,0.05861848103119685,149.40388205841174
1.0023097107586005,0.9101227597401897,0.5614234212224488,0.06015665472649798,154.6848366236875
1.0023633170735093,0.5388522613160265,0.6612817572017985,0.0737219922324287,138.1768273897692
0.9988991715014038,0.9322565287404594,0.6819656650350311,0.028513546219768718,176.82820279237785
1.0017309381368291,0.3480179599194475,0.13136457269874108,0.03608356627233017,25.27529018253466
1.0016706306242602,0.7189335278605125,0.9409781898936143,0.02433121239526989,209.0109507889978
0.9967076968521894,0.45224242336593046,0.581744610969539,0.020669232079264424,103.75165833180608
0.9983046156950374,0.4409030393206748,0.8794685211793548,0.0445690907889256,156.20480287706147
0.9979004664659935,0.22865070869195886,0.19329262441247747,0.053047145200900314,27.611707865914582
0.9971813674676154,0.259175033154696,0.8715661474704912,0.04330318946209588,117.88114669629158
0.997188961967008,0.26259542380714607,0.9566236531415467,0.05500621847703252,130.5946825361761
1.003024626868818,0.5383273543895727,0.8543301413866604,0.02280105381141942,166.53330980781422
1.0020645193955109,0.9248237239138017,0.13752918916340676,0.09630130776334536,69.63354302608099
0.9999699906676286,0.5571953222399428,0.12379306458727313,0.09344201741079362,44.070914683148146
1.0006294384583998,1.0757641751114306,0.9520893551182187,0.050777141899494366,260.6483079335927
1.0003534450694205,1.0214494556579792,0.11633920254533714,0.03838910823427637,44.78203041997193
0.9993016524647667,0.657122234024982,0.7241570116934267,0.052812525220687384,161.29062762874702
1.002130401647836,0.950113049345737,0.19902938200036707,0.0215685505811421,58.22838582542573
1.000317200616921,0.8405301319836649,0.5309118275314874,0.0667981852038889,142.11393267189288
1.0024285713798624,0.5543068996673157,0.5083871498726116,0.07504754672305923,111.89227535355224
1.000876030272931,0.4221326947963526,0.5060590857926606,0.058980061268193204,93.9246497946508
0.9959576038815143,1.0580028969779132,0.04970886910168141,0.08723964846315393,56.2268335704365
1.0008207141409236,0.26938740981917997,0.683525823137134,0.032151712587861016,95.60071052489701
1.000262693143971,0.7958979608131718,0.6223005056725727,0.06363347963405455,157.54608043504766
1.0014941521119594,0.8539002018449111,0.6424139964049551,0.06545670965953676,169.101861338525
0.9995915998704318,0.8748380928617043,0.33975069321459067,0.08423823230305763,105.66924442029085
1.003942902537291,0.6016172321194921,0.5496285708562922,0.06634143488050188,123.86766947821332
0.9948056580245895,0.8905055178505132,0.8304655450249805,0.06453537776680544,212.3325619143032
1.0012753662645797,0.9916894184204945,0.7688681357976623,0.04785963545185097,208.195182401867
1.0004346987950468,1.0142140792603132,0.9649863764256923,0.08118587894340916,263.66803492600957
1.0009969180431195,0.7429517608817475,0.5592064656904023,0.08617830434101559,143.60654664819174
0.9989872670914867,0.6760483878838941,0.17178640771658163,0.08251737213349887,56.40130699785266
0.9990792588687286,0.781156020273351,0.804495985858709,0.058159097606242896,193.89085007001506
0.998538718285289,0.5833120252897521,0.03879620131304577,0.026166963802865314,13.070329636756298
0.9988100128521407,0.762192870963075,0.567504554074528,0.023347773137414318,133.40246494808514
0.9987614734907831,0.41969322506569495,0.7489306496963747,0.06502203124040053,133.37208255563348
1.0004756342182985,1.0338817880844422,0.5005449243104831,0.06162003738420482,149.93655126532735
1.002148887313381,0.8887150570948603,0.807885417445441,0.06292197801682463,209.24592568463763
0.9979232296173467,1.0258327688606748,0.8785467767821231,0.02735530941541283,232.4086304326254
0.9989497823577869,0.3332721906577498,0.7114328309339953,0.028561041436160978,109.58180314162723
1.0011770911720788,0.8493796436850958,0.9638594485399428,0.059381955348567675,237.78323993570615
1.0023567505558988,0.7324052374386787,0.4181852306596254,0.06572624367402805,108.6375449869106
1.0013973293889056,0.4799524553164661,0.80282709859253,0.03453763969944243,149.1454693119304
0.9989596595518124,0.8281069041444717,0.9979381183316579,0.028588495718153126,236.01081457798608
1.0038665745212143,1.0323091145661503,0.5136241362202463,0.06745451336527114,155.6619737331725
0.9995644787964388,0.7475396452431509,0.42097060615788795,0.05471059359798662,107.05469675053587
0.9973489745599962,0.8693049488550821,0.7428873005068539,0.07962579830258198,195.0747169836832
1.0035252938510244,0.7638832808175484,0.50059749421173,0.0508721374143251,126.11543531422706
0.9934712999311113,0.4161651798501219,0.41539730119579904,0.0968971831780263,80.3056403043816
0.9988380508417554,0.38499151961362255,0.24072155927994665,0.07259457041541141,48.09448179812773
1.0019603010580325,0.21971836104991654,0.12355605492562309,0.06445613424245508,21.01211187673408
0.9974826146564209,1.037598278808602,0.299611508279316,0.0834214868220414,106.1332612741885
0.9997339164336626,0.8759559243434263,0.6656959366431293,0.06815118714156572,176.65522318585374
0.9989376766317698,0.9011975969362662,0.7124031434463803,0.055569755271587806,186.324418412494
1.0012734297219288,0.5533888063642749,0.24694726866660835,0.03627248006197967,55.13633438828657
0.9999209527664032,0.4221742093576695,0.3321050331363517,0.04710824284019703,62.72629929927007
0.9986036214546287,0.5322230859212944,0.8570306374050042,0.09234178818127022,174.0591489154871
1.0007974264725645,0.7086436536479164,0.18872161620099,0.056868123077713925,55.56958671543606
1.0014054878911274,0.9001613278523504,0.757243492789215,0.08969201281257036,205.3318950477116
0.9989924075988216,0.5346799230713466,0.25953006980033994,0.028702423248383492,54.368485300979046
0.9991645523950675,1.0804137253123993,0.4104884135017544,0.05864876973819541,129.1171299410796
0.9981278153728067,0.3314030710847264,0.5129198742030225,0.06779439838448553,83.65486802071666
0.9940973769172015,0.9967600021392453,0.1892541948957347,0.07877658960348316,74.47168238963968
0.9948497733680939,0.7383598230575155,0.8354525584298632,0.04720274046628403,191.65282181880266
0.9994440755283756,0.8287924536439595,0.11924253491330188,0.03338419421706409,37.930447821864334
1.0001808733463626,0.20364110895901968,0.020198337369091067,0.0838583483485072,11.370665212900462
0.9992937006914775,0.38380689429460524,0.4172241935129836,0.04812497154480838,73.13109933650816
1.0008198277620055,0.2792588012804105,0.3975942621445698,0.028379515101012505,58.01001611823352
1.0000343990529248,0.7059127891681338,0.7905699174544476,0.060822847628475826,182.44595555674698
1.003501947955786,0.5346768478679702,0.20791654626107342,0.03244745418908398,46.76660366965166
0.9993543763515275,0.901163714899466,0.7183161476357641,0.05571137354190821,188.35428281496507
0.9982812118845816,0.2598026789129654,0.8920988465635407,0.08722207458440585,124.460759860895
1.0003111199799724,0.6791877490101556,0.798864730068581,0.041626371450421265,177.01231570109834
0.9991833077887269,0.23313412565767644,0.043977921885369045,0.06437866912153205,11.386848310884943
0.9996620995679022,0.6919137723772543,0.058344596813802226,0.05687314228723696,28.953558092301705
0.993106612597131,0.6970105886710822,0.3987920794278797,0.04029043961344562,93.16984130454898
0.9985479220699518,1.0647430894199938,0.9513612823367829,0.03707426882919554,256.19045994487624
1.0049572882315434,0.5341857527389092,0.5931756521625584,0.0463962801278163,121.88390082791358
1.0044021235036904,0.6589851324061226,0.6750812186820991,0.0734940109176226,156.784453257545
1.0018896169392009,0.7546918849174629,0.345624929168222,0.04118655096110713,88.75589416429574
1.0003733918754072,0.9592754736778177,0.14634270322315845,0.047344731488723195,53.44463544496193
0.9994522598485532,0.7938811968264599,0.30461146801832933,0.0690024371685575,87.99573276428896
0.9989000085671097,0.2487015082130125,0.8466880085132681,0.03797235625707952,112.86082089018504
1.0006346880956865,0.370032883125639,0.04658753317916542,0.07634077736567678,20.276542285255914
0.9978906340376807,0.9208001133845138,0.5361721831750613,0.0985747458170607,158.00662133827353
1.0018990044017029,0.7592342147816797,0.385840732812615,0.020105761437746495,93.2028681893529
0.9958401830004271,0.9168707481274707,0.33171295504632686,0.0601784738009703,98.43090654963788
0.9985171852959054,0.5783408916302486,0.48605990976925995,0.037430334496384526,102.45935520355948
1.0008307672125516,0.8442425400881461,0.8857220921840083,0.08565022882644573,225.56423244525482
1.0003424368909266,0.47831440090479266,0.5077083129818935,0.0667421455984533,101.30209368300689
1.0039951921910615,1.0670664660515778,0.8713773569150439,0.048486306342894026,242.0839177903004
1.0019890722837141,0.41689317398441816,0.3655273125419797,0.0934836057329704,75.07858964722567
0.9981883767340958,0.35552631399507967,0.18217670930343102,0.09252460848657017,39.34103219784032
0.9992218116069294,0.9442922094930359,0.9828752405735812,0.07962237120061488,257.83431428743074
1.0027741668832915,0.3632612717196832,0.19789812491393194,0.03591268942509039,36.65060021642074
1.0043144084593068,0.31121183037790134,0.8273006337957429,0.03160253180421009,124.48510083091611
0.9967223910769643,0.6095791974555522,0.7345817844081729,0.02738172286950703,152.19952980214936
1.0026146226932846,0.7283360453440024,0.32727174312938156,0.0893831041531763,94.71218926645474
1.0042106321445734,0.6523296883468228,0.17604621812948615,0.07359652414936033,55.72045398524517
0.998497959556677,1.086620783626019,0.8011615125659415,0.07914437442850107,232.25391961556878
0.9987259665213376,0.7226631173027287,0.14075023843381868,0.03954062994097847,40.70796479185276
1.0009116587577784,1.0643318523514813,0.3939364286777904,0.08719611627959514,133.56299883211136
1.0024422718916834,0.38016998609884356,0.4997516690222878,0.026568854545260267,84.63819052709465
0.9960463384968953,0.8552341553490044,0.18066979033231073,0.077076059654841,65.10398992775026
0.9986195680063522,0.47262102890828017,0.7128520904696708,0.02782633007930989,131.06289342517283
0.9996520864043361,0.297954553068268,0.5784815130491542,0.06286031831938245,88.38606986130793
0.9999882259697075,0.8384146043462251,0.08137791929381467,0.024627720617560103,26.956991261359747
0.9998106777908663,0.8571186073044315,0.4762193987139094,0.020661154515534817,119.77889660080405
0.9992831514928074,0.7433610564329711,0.49064113906439233,0.029933690964372622,116.41165971334834
1.0020873884333268,1.0401788989116496,0.44349850397317,0.0420788401514412,130.95912455916164
1.0022029185876504,1.0883749309092805,0.8174453964403784,0.06118712975799892,233.43123131059673
1.000594961817239,0.9655908186197923,0.022044049273912125,0.049825114100093715,31.404812073650987
0.9962054294248452,0.277513299076716,0.6683847917192628,0.033096985089437016,93.55430768270276
1.0006337585300389,0.31143517069593235,0.7225855970080401,0.03033448058027826,108.12201000916644
1.002740124884068,0.8074717791927448,0.03472240748933359,0.03276861942033933,20.926363736498843
0.999025267392024,0.4255217608265664,0.18221890437222593,0.05411144990469283,38.64097878257542
1.0036077605596423,0.4948505113524635,0.40377580798335766,0.06596568665441739,85.66267510007327
1.0026427254036268,0.6904571196520607,0.20908397108121674,0.08303936153523153,66.22953170968634
1.001811589348529,0.7739941452137029,0.6673645381151431,0.07795719862498036,168.4486954383567
1.0035394314459078,0.9751472469140878,0.19446347425587213,0.047692888699073996,67.07737647756574
0.9993462519789293,0.303417913664142,0.3147136639848675,0.05292783133486917,50.394517855286324
1.0005069732973702,0.9330494377699003,0.7180384763142992,0.027361073292466207,185.27576703963874
0.998315061262636,0.6857354010826908,0.26834543694303625,0.06894113131333189,72.91089377679901
0.9980820755516677,0.9079935929396243,0.4428594272493403,0.056442248626214456,124.14994897725796
0.9986213819503162,0.5826304114952152,0.9629787517959572,0.0310935558948505,192.79506463675264
1.0000278599900192,1.0472860718479802,0.2962784402071765,0.027120522319157372,87.85611034454541
1.000704379467451,1.0210698640285374,0.10987161445228662,0.0808658444298066,61.84218048772095
0.99957723880371,0.8482961606838897,0.98914208900788,0.06736508645866189,243.85920052668573
1.000350287760362,0.22189650534875022,0.8359936656952199,0.046127116879868396,106.05986335304397
0.999372699564756,0.8022936809860219,0.2031774669492138,0.026475963471922156,54.427166789756825
1.0016918868332279,0.24928977063648872,0.8274262501137073,0.022308614055010577,110.17003939964468
0.9989344246559433,0.7048893074894051,0.7267087175495115,0.02138354553035425,161.68030868347256
1.0007656276022214,0.2988861300943048,0.9832635580661292,0.05749847779413732,144.45863404684292
0.9993637433349313,0.6030167497318368,0.8850506674549936,0.054829501263505054,184.97626128614323
0.9993021567060844,0.6426520923681631,0.23552376012052728,0.09354189022670437,69.58145839637888
0.9993744611000366,0.7893153210354014,0.12890456749160142,0.09562728341000178,58.79125106675741
0.9973256813801142,0.399009401752513,0.9871644005769378,0.04950652091372227,165.6538217772432
1.0022122704060443,0.8389061238294084,0.44800470133410075,0.0203534531243932,112.77092396049437
1.0006610172183295,1.0603676694965418,0.15940090073468255,0.07172073566136264,70.39119201792863
0.9980395682296566,0.8878281044514398,0.9457426220438966,0.06864651956207155,239.6211365397055
0.9989453745968022,0.3187244916221887,0.303104033261473,0.09152889673620443,54.08891560984142
0.9998986479781183,0.6415572574817368,0.4155835410313042,0.07209004059993235,100.92186719625039
1.001366811001297,1.0746083639169004,0.7628400419867968,0.029832692293897765,210.7173332762061
0.9992861402744823,0.7756916215243781,0.893801614972434,0.020482498909804178,205.35678272309332
0.9967034696437693,1.051642940618113,0.8449731175800259,0.0478655605841288,231.11426851961977
1.0006765772596187,0.6230845217469374,0.06012944778861728,0.036940711561762686,21.58563488551232
0.9967238131845267,0.80522525585218,0.020989299225369053,0.07613575450038985,37.14976027980981
1.0002400089825485,0.5629233424237235,0.42089759168144336,0.030075168496150696,87.98416598879083
0.9987645422647629,0.9281223887236536,0.6039615453615069,0.03440820964842875,158.78996521716385
0.9990073064510286,0.7798221471233333,0.5196065725823565,0.08426601077458305,137.8371731874666
1.003501931994418,0.912273136596442,0.18770503996280535,0.030440778575408133,57.38849127795163
1.0014300308222355,0.23740484584731414,0.017218481540932175,0.07526995647752982,12.658980995571596
1.0041802746341262,0.5561598757943316,0.11341858073976534,0.09489499397114935,44.709180392423434
1.000133232379525,0.811784779072769,0.4459071128990016,0.054336380849086235,117.6865409443779
0.9999961278832916,0.4675117915609562,0.7660579820833574,0.028622322248263485,140.07422879185486
1.0019143081507524,1.0277140825841036,0.054051844353890544,0.07777381763606978,52.97056114730685
0.9983163037604084,1.0900896894595515,0.1967574641928771,0.09664656013899012,90.10922897807336
0.9993996889358165,1.039087947369975,0.6792773094625073,0.08978662436134732,201.51671112556636
0.9967044644832384,0.9726049405817818,0.8562336283311166,0.046327336183837206,224.63012341570672
0.9977497117769767,0.3315737896749627,0.8320461428673257,0.0988407252486948,133.16782416753256
0.9992334242139457,0.4226522422118322,0.04044531063030662,0.022218290459035162,10.098228245947837
1.0019485591281716,0.9065079548795678,0.8292404903159196,0.028593361376855322,209.32013416846087
1.0001016580361408,0.5227116911279267,0.6394791825095426,0.02709435066604799,124.69849088152341
0.9986028032708898,0.8787236344911309,0.13017742889264305,0.024088210137758602,38.61775451569895
1.0000889492265919,0.9911699632328388,0.5492706555140512,0.06810064784067182,160.17591480161843
1.001100725177263,0.9394358718574094,0.2183227327777058,0.029402058114402586,64.68710068984853
1.0036182519783072,0.5833001676078358,0.9643841835812161,0.07016183495712856,200.51954210945914
0.9979932324230312,0.4988622515709606,0.1571330271489264,0.03862666066135209,34.89920907834966
1.0039917771988327,0.22889453882713776,0.6142505480156485,0.09371447880621203,84.76380621099202
0.998961560006376,0.39284090157108137,0.1920088010198995,0.0674265819186511,40.214217606889406
1.0040248874087856,1.011498074899186,0.15163410960307844,0.02052797876018504,48.22470026493056
0.9988252030924704,0.5114528977415516,0.14105555504830875,0.0231898102584145,29.974025335844487
1.001516586133333,0.5403157358901804,0.05638729509344215,0.0875252355685024,33.05517650648153
1.0019614612467427,0.3458228856919803,0.3927183125014374,0.06349803999928666,68.27578213614049
1.000780277250319,0.5552957647229186,0.6460556747713462,0.06439069258876529,135.4512326291948
0.9990712683953774,0.9854574810258523,0.8651627071165934,0.06125856067299544,232.85281186041988
0.9976741169557464,0.35972220666062826,0.5253308205412824,0.07011376819661833,89.30290059214786
0.99717333106256,0.30180481707340223,0.25723449456304853,0.041608687626261,40.192305229199405
0.9968272715449152,1.0567866965951889,0.4667318153022895,0.06970501290640714,144.4408486749287
1.000158513453307,0.25999986434041533,0.7345492655108146,0.056532559304778685,102.20806633725863
0.9976750937892721,1.0871499612015088,0.4734669428153626,0.09880844441088808,157.6765204297614
1.000436940915466,0.30244854825219286,0.7057652491128584,0.027789994800577818,104.10612547273502
1.001183380330269,1.007461950282256,0.4153703496995698,0.05197719161163425,124.30465737069738
1.0015248667606533,0.9974416906547892,0.1333720764016643,0.07732863316791548,64.51774372611527
0.9993355283885677,0.45038199945021584,0.5834794227215871,0.03889511345751345,107.32063431036471
0.9999811133436594,0.31705279471626857,0.5408706441995166,0.0901910003212843,88.41707393947763
0.9982158327825407,0.9827753119953562,0.15588292970072154,0.08853594583494687,71.50482226281042
0.998862652988872,0.8461709541644471,0.46971104785667045,0.03160133845930106,119.90620747527237
1.001227583009795,0.4522796689107816,0.5037623977457385,0.09057345125459562,101.53286120079491
0.9979367179641971,0.7044000845026706,0.8296895226271223,0.03092159099601508,184.16698870125902
1.0001035040059552,0.37051196267796543,0.5342173410704614,0.06591664842079382,92.36320000265187
1.0004907280129645,0.9857055808440174,0.055455693118321304,0.07090065542865379,46.537983435711226
0.9965773383353864,0.5036427398352747,0.18410126476162028,0.09739077410995603,50.189437527378175
1.0001427588756726,0.23584719544672583,0.9994135258626523,0.03146676048861331,128.48100039366335
0.9978411074906463,0.4541624388865622,0.635778643126531,0.09821980783648972,123.80404862396938
0.9949235095941746,0.6947641618578037,0.3130356388813171,0.09838426138842757,88.3867451364901
0.999025139454607,0.48074701351819454,0.4751999844392351,0.06317442241204332,94.84403712637487
1.0018228429891676,0.5987588270880302,0.7774169582374277,0.0893220022872087,170.539432735005
0.999322689973391,1.0965281574106405,0.11209028875747047,0.07325073181512014,61.4821953339636
0.9982529029696854,0.24558345924796854,0.6532872406584233,0.07103588733533393,89.20891606092857
1.0010587954795582,1.0644731584109077,0.9057571280372043,0.0662948865602628,252.5867067916687
0.9975107973487956,0.29543898860125695,0.7810112671633308,0.09840585803534742,118.23767664151069
0.9995076701857709,0.7917527995543221,0.6958556806557925,0.06799226259124884,173.89209527592828
0.9964068324814915,0.20005702374872517,0.9967845811668499,0.026978787888614148,116.64774381471517
1.0022837852159048,0.8761056438031898,0.33730981335790244,0.061052397822466034,99.82241134391234
0.99940864861464,0.42369715031599015,0.680438843952845,0.03360069660954774,119.59840469915594
1.0019660420925642,0.6006931611934057,0.5452769584510647,0.026974368584209475,115.61043692754646
0.9982253212626624,0.9251270441537212,0.0627496145385581,0.03646991825388425,28.118135460250244
0.9970310417596111,0.2614886260907457,0.5493811244528773,0.066978039921323,77.86491425400459
0.9997486164056903,0.42257973137663885,0.2725747382886252,0.07323604324166323,56.5567464066944
0.9986634654866456,0.5274326616579832,0.4864829606305511,0.09777049907492456,107.34307151003782
1.0028123712597077,0.8573280794529137,0.38424348480182624,0.06581085174887048,110.99957152252637
1.001151480976346,0.26129553246993265,0.026718011264621533,0.07793796565389925,14.231057031159253
0.9992695602802509,0.3110944917147978,0.2281501813563378,0.08207635381396317,41.75959628387193
1.0002202531290205,1.0427439882640193,0.4309543022650401,0.06785360981354133,134.9817957340535
1.0009507374871303,1.0164641488628796,0.9048644529745775,0.06829788508641783,247.47336768344675
0.9981534277211906,0.9472707764522887,0.4032667163740803,0.08045955644879048,124.2547452875728
0.9970871123889882,0.7505899159881559,0.4720120903583659,0.0360137923434484,113.36994193292173
1.0016660095084318,0.20617942431110617,0.7467769129120471,0.050952121255977284,92.34173127412299
1.0006027811014369,0.2802530725270251,0.19482521889219864,0.06517999507998029,33.527749239955995
1.0001445678931988,0.9309472950816362,0.6350626263499334,0.029177743089376325,165.9025140955914
0.9997182941782341,0.2807769917897295,0.32752902963624564,0.07952025216180598,52.621445679517365
1.0001243041596364,1.082424008879531,0.4359180501247901,0.026369700712212618,126.18386565775876
0.9979455989837855,0.4156710815330168,0.05171522021982478,0.02336087600556895,11.480196802653495
1.0023575033953525,0.3461144644818443,0.3609412438492782,0.08895391223765389,66.28923069334616
1.0023417151768146,0.9507910992562081,0.06558095401067254,0.0907309980529231,57.56438180754958
0.9987429275262426,0.316681208198726,0.888900742431396,0.0818820141335154,137.02769296217008
0.9965250002871708,0.8383840680412817,0.9896956174630465,0.05954862376803939,240.18811566839602
1.000001259610875,0.23477003037540328,0.5910597542040525,0.022956870528828787,76.66202032686442
1.0026640741848283,0.9738145706041093,0.20908993273482684,0.02841714113343026,63.88088147296861
0.9994807444484658,0.9197750527364963,0.5643581577916018,0.04114329155718299,150.7423944903706
1.0016211005307092,0.24419596188050074,0.9307246093695357,0.06146178011039172,124.80943259035638
0.9994229126601134,0.3164614655424121,0.6891755220877563,0.07454929784704593,108.01885055721482
0.9998628371854593,1.0063604040378076,0.09792047960421235,0.09664005251525543,66.45986287297819
1.0010309889629128,0.42853113802424525,0.20805415425923482,0.08850479279463981,49.151954617696845
0.9999112730933659,0.5739399589568686,0.8413865893983792,0.043222216535325236,171.0907209047357
0.9978507012956268,0.7943563464573591,0.022160856785509376,0.05287181664016635,25.89757491782791
0.9989467029646514,0.6512824564371511,0.6291154279517747,0.03888366222765527,138.49411612385342
1.0030400466053961,0.8984538166538198,0.9054879058798064,0.06531859043524563,233.56465502928853
0.9996453686407432,0.3872258526098405,0.41142203826845875,0.09299272664734644,78.17873331786569
1.0016223897279937,1.091795493908805,0.7652713214927255,0.07992192602175686,225.88629764965668
1.0008960329855778,1.021208767007184,0.28791661019510795,0.04586926002977038,90.98518587946677
1.0013935953193989,0.8948549438559479,0.9798950872274756,0.02369992778239566,239.88920950517453
0.9964038209943108,0.6595318576453948,0.8149191152428308,0.09504795642186643,185.40869974509607
1.0010711689839846,0.44660372450267644,0.15242386034230448,0.07853060126274675,39.65863479919801
0.9973389667700644,1.014042424179328,0.354834023996855,0.08202476041253648,117.52359045455762
1.0035174716622195,1.084529116366932,0.2510266803698699,0.06446881144011814,92.4596093323276
0.9968739925632101,0.9111868770894467,0.7208381427435834,0.09882538582579925,198.9284074997947
0.9957369854055564,0.9952003849529785,0.5278327511473844,0.08921862581740027,159.33155244074567
1.000366416819262,0.9958021962350263,0.3738639768442771,0.07293101743068499,119.30081172828164
0.9986767526206359,0.8124649621192186,0.5653111986205285,0.04978645000420408,143.16419048815692
0.9991840361749352,0.20013190959584143,0.926318163339772,0.079709088649428,112.59221528821121
1.0034007559935365,0.932568946683171,0.6288650012617575,0.055872881406321476,172.09943395021008
1.0015539642274314,0.38140925601888165,0.6684789652721843,0.06133744546996141,114.95835055954387
1.0014204136031675,0.46705596349601675,0.6712861059778571,0.0845982708861298,130.98815159462077
0.996285091679732,0.46843697031367393,0.8859862783633949,0.07156452355460952,164.6405810765222
1.0016941491667941,0.4820179630173913,0.8404788224399832,0.05254542884446142,158.752697369629
1.0007930878072155,0.5733368258785634,0.7727134492702405,0.02391294494200004,155.7990078972166
0.998796031645012,0.2964534064594996,0.06913342027763093,0.021536321857878456,11.687506975162023
1.0000144862475275,0.7557120970981983,0.9358670603550867,0.028512698250781912,213.4920330069075
0.9991920507191524,0.5958453539938,0.6052733077102787,0.06607568948950719,132.31804557361488
0.997862411366795,0.4411453334335242,0.6109726785356852,0.020805237258382993,108.09249105226252
1.002075674529644,0.2936661807285965,0.8786175319490628,0.08097524583755149,131.1378866544478
0.999280422355072,1.0233419198411073,0.34447933420172183,0.09403133394580232,120.43059797683895
1.0019484508915655,0.4129073871925766,0.2946239194161274,0.03429684741539242,54.92556646458479
0.9979225723276735,0.28054829723345737,0.7796243354398102,0.0535832420406647,111.34477895518825
0.9977374127414685,0.9680992441541234,0.9189794691671409,0.07309768315431255,245.10267157620143
1.001494728258105,1.0679466245240021,0.30127905445920083,0.09768740857813953,115.16140652452538
0.9974567084474646,0.4734804174384584,0.7037776219892915,0.04029657287122114,130.44731908827993
1.0007215915509966,0.3942919437991977,0.3923686886577432,0.08224372898227804,74.96320952823578
1.0053556105507062,0.36183781057632797,0.10423450620992393,0.02979800068730759,22.211158821075287
0.9990445305010178,0.9252942067822718,0.6924496117734663,0.027605746808225248,178.0140884348358
1.0015354427176353,0.8614513008657383,0.7285926360901203,0.06640993279683663,189.23889811826936
0.9991511406028399,1.0308374507307874,0.4707829937662752,0.06682376699198117,143.26511314284102
0.9988290512462655,0.9937157159379961,0.03957547396628025,0.052390819369239755,33.861847675612694
1.002326812337253,0.718174485787511,0.8676669495474579,0.06531465123194335,201.23097815049042
0.9989494065480702,0.3785021670056463,0.7555269578193375,0.03531282571469917,124.47074433640262
0.9973225573766401,0.7404218101646702,0.668976471485012,0.05686816349930231,159.48421668138042
0.9974846808295198,0.4737676629527255,0.47219206731422475,0.057440119553516106,92.26183045614238
1.0026118791340393,1.093459303338364,0.1665874182669316,0.05421226461535722,67.17168233492686
0.9979541069324048,0.535799203058912,0.2594146085260535,0.09757022674266477,66.4301509168265
0.9999581105648526,0.6424609226899758,0.9012827117734337,0.054415084026295385,194.11842068328968
1.0017845463684687,0.537528528896543,0.11741624248056794,0.06918842479752492,37.09832309539041
0.9999559428657837,0.8846025121821064,0.3375615245807237,0.07129720500275831,102.37995368381218
0.9977315412808767,1.0911944326526153,0.877358516671522,0.02741584737955788,238.73845457443838
0.9977700674117689,0.5687538269853429,0.618292834060751,0.05695563568010924,129.7840940245096
1.006088381700291,0.28422384440438586,0.5105756368848706,0.09169778255190973,81.45967422826334
0.9981088208421387,0.8690472417731792,0.48176261826236916,0.05914424604798958,130.53459878158304
1.00007107873136,1.0295626608244892,0.8497456059551471,0.09431356596539939,241.80627362290323
0.9978192584939676,0.49212299842053236,0.4362748395780341,0.09467176545262654,93.62552778984747
1.001319415783733,0.2619944883885312,0.7627127565828128,0.08865263153320865,109.2193755346944
1.0007811642786666,0.2753772173626762,0.36571052258323883,0.05760410832667259,55.68916166022075
0.9987747015397378,0.6759454925851918,0.24465087457223997,0.08736464907641218,71.9859022845252
0.999715404183465,0.6127634733844383,0.2866090621565873,0.06806168209463875,72.27758448093073
0.9986276880288835,0.5607651524332213,0.026218186361965615,0.09332889342954376,32.742311812342564
0.9973914547592793,0.2708684406466406,0.39652968243377373,0.032781284860592556,56.14432699772192
1.0001162163357291,0.6695888290823406,0.6875092057952681,0.06984917919784268,158.39653172439495
1.0002520953068141,0.923906862913642,0.1898092878207245,0.03310449503090917,57.89524467201164
0.9982038189361334,0.7077569020172274,0.24675715405156887,0.09321748012885346,75.87517450345098
1.0018449593782872,0.6335021436479826,0.41184812800029175,0.022732362346785332,90.85909835593395
0.9997781242048198,0.8782476783074042,0.9685270997987965,0.039223501227695134,238.33915462961076
1.0005943432452815,0.27227496806752016,0.8294410642522533,0.04688928626609368,116.61412885179413
0.9977032963716707,0.8467538579786893,0.4360077684467148,0.08491497759608625,124.99379807690286
1.0000570892430016,0.5939881596316876,0.4479053414987649,0.053103984923338995,99.46802665886219
1.00079680601096,0.4704101167337768,0.4535732542938141,0.06146827971151814,90.47972033917694
1.0013057592025074,0.3091470223229775,0.7523578057711967,0.08688072955349803,117.2581380529586
0.997026492564464,0.6269394055874601,0.9963102818862615,0.05528258830880943,209.15846520165962
1.000440325282264,0.7046544599928573,0.9135277898500668,0.0708566198975543,209.21147852022358
0.9972189048915213,0.9877868764424693,0.01982864374822917,0.08960671966804266,54.17173851359928
1.000514548031869,0.56333494056658,0.7011376022091707,0.08078264699986126,149.1953067294416
0.9982877916075508,0.8588584607050056,0.14435211497503142,0.08991436679088097,63.05942043204158
0.9978060404723329,0.4041982486884754,0.8429180982379791,0.07381787146504569,146.47505868600751
1.004608716225449,0.6014733943517171,0.17450331385017867,0.09105977795943973,56.9213992839085
0.9960407957854717,0.41301355786788585,0.9722751384738312,0.04025149423379207,164.7581244505627
0.9985149233696843,1.0349531061919295,0.43590696266541806,0.03386831997387167,125.11588799228815
1.0001395331407523,0.6363480932918577,0.40580440313702315,0.07875298751101976,99.81900130493085
1.0026562655280302,0.5316135141109373,0.20398025553599622,0.033669161066992415,45.85830849970125
1.0030263029372832,0.7721488370494212,0.8356590374110384,0.0993374600225718,208.3760031912667
0.998142591050116,0.43259109414545094,0.4149695759982036,0.06312188989342728,79.19711763666396
0.9973942667790423,0.7103255888162712,0.46298291247498075,0.09005995623953363,119.60248575197602
0.9996700222221174,0.33486469861209694,0.8892846466233904,0.020902312397870694,135.7916626809842
0.9973878853448084,0.343111668109747,0.8913175326502637,0.05960223953094006,140.4870727280873
1.000092196029211,0.38486726901653845,0.7839955286992236,0.04779865938397781,131.58592554554423
1.0020492113525405,0.3442628451089279,0.7977063902652733,0.034878041049871134,126.110066096335
0.9992097717456697,0.26624272376014435,0.7525482992330734,0.03118619328316284,103.60534346823539
0.9980576852628231,0.8542524833563321,0.40550224327509743,0.06479115400306461,113.52656987158468
0.9973555979568177,0.7123096040068175,0.023953304514058853,0.0698499761546032,30.335309548786313
0.9988516888979575,1.0393407952194302,0.6902580317980878,0.08481055217271158,202.54139801259592
1.0007205792425706,0.3528156288680368,0.48518333703912986,0.05628296298053641,81.76939975459106
0.9995759856287922,0.50239837625262,0.6904392999672876,0.03888549230565629,132.517374025006
0.9994513149023202,0.4041802030893997,0.636511941161037,0.05743005733075471,112.15680183993749
0.9996348737654602,0.5422985785684946,0.04202194607470798,0.06519219251435791,23.991593982785844
0.9981199667203808,0.2917195604038942,0.8785137382673819,0.07837747948899418,129.43725173388066
1.0002864545532906,0.9400301445409951,0.9327022083962707,0.06551956681671398,243.50978206402075
0.9987634477627229,1.0895797224943626,0.8803218051269704,0.04883422235044441,244.77520045233462
1.0010469786566636,0.7651040385683217,0.1790171555876299,0.08245629050222293,63.75304950332304
1.0005217529388126,0.6328440426734605,0.2833626793710629,0.04260034478350554,67.90775780259156
0.9964191841349884,0.793340368894963,0.5396924704497181,0.09941327012012431,146.0508433821471
0.9983239628144664,0.5063240679477339,0.6822958674931371,0.0984236968746179,139.60864841318192
0.9990807293739198,0.4112465618684622,0.951042285523131,0.060490309281543087,164.19476991419208
1.000657463032433,0.30065572851265154,0.5498101026490048,0.07306036004155848,85.80441153858067
0.9989728198594572,0.21521748617100195,0.996511031829403,0.07307315633972476,124.50229007558568
0.999019810925111,0.7666534405058216,0.8358096963489585,0.039257208042990335,195.3148979173384
1.0039811321536527,0.42864242550329934,0.3223927718939219,0.08005141595862621,67.75078048236992
0.9980527168356318,0.91411446328756,0.7185671963503333,0.06942390930650076,192.37298046352035
0.9999504190586321,0.887176624884104,0.2230498951640766,0.041553823186830055,66.99436951327766
0.9955200026798384,0.6497742682960299,0.3046854928682182,0.05877232967790082,74.74554502872775
1.0017565806122364,1.032889885448212,0.3845181473505938,0.03244997129989427,112.44165936294337
0.9990361269919333,0.9704609848989871,0.3818982344465145,0.06588595283101435,116.98170447222566
0.9996827947144056,0.546402037607417,0.6854403668127296,0.0740795759742251,142.75419669479396
1.0051471750994165,0.7310036533720397,0.3667484315489102,0.054554487096054496,95.86795306633655
0.9975522652232569,0.7237013439437723,0.5363867421440681,0.058121093813063254,129.99643580275864
0.9981639249331362,0.9749389385939935,0.9578712451122572,0.0749727656063272,254.69232632629908
1.00162126392932,0.9505887763971808,0.22840152268906952,0.08365515734801278,85.82638946596376
1.0012229519692524,0.8923765279563378,0.43161808462658263,0.04904897832633692,119.71095668413301
0.9984693477148016,0.23553352976538175,0.1567804985560074,0.08978706273041263,26.84245693044602
0.998676801993198,0.9727763154089686,0.09770039101672819,0.04879440396785835,42.421291237318314
1.000279043689561,0.7967963855302533,0.3893374937142064,0.04245289450304447,100.94067654638445
1.0002758670246577,0.9084222229199008,0.34677453427877675,0.03583287009479766,96.3659081022277
0.999877741186561,0.9688804869217478,0.3507203771415328,0.054849460858770335,106.19053308802603
1.0008802411628437,0.9614739810072479,0.5149482612544345,0.06773101043769594,149.66663453977685
0.999864781832996,0.7498936308761908,0.12248436280500306,0.026863325514061148,34.673459042298475
0.9960765364489553,0.48732823399806524,0.07027948325591145,0.08287431216615913,27.84137169840767
1.0008914835935652,0.6843675036946143,0.6922349283594648,0.056830169464339025,159.22867344715695
1.0023149199042283,0.5742920646070933,0.9611687007034437,0.04233506611557286,193.84238641945996
0.9958657953598334,1.0630385948990826,0.8726407309630004,0.04962265691980479,238.91355140690055
0.9998040532618233,0.44788106472096834,0.7075376555841971,0.02311530146647253,126.31483674662195
1.0021180357707757,0.3779704634195358,0.3343208348561784,0.0316391360279194,58.34906568436793
0.9998204829625191,0.9256018964161605,0.6588626920037288,0.07326682435899538,181.1669117258403
0.996936967932001,0.3998405145145504,0.8563405377665723,0.029612233168824637,142.8774522954406
1.002594958390846,1.070314732436316,0.09592371338158097,0.048249100304910225,46.65638820438352
1.0005078882293732,0.42978257531494757,0.7828520515677444,0.02072494689725179,136.30869213388655
0.9989966792657797,0.8942057293165113,0.887289972605626,0.08483478428014404,231.57232717245304
0.9969324715663672,0.27115673249898953,0.929410883202428,0.051956609010846075,128.92232864621536
0.9984841686752569,1.0506272706754116,0.8763765532787336,0.029135365058818703,235.2271951456878
0.9987641999222765,1.049464473183081,0.5914390138977679,0.03161355219348444,165.33038127681795
1.0002425650827675,0.3680896950545745,0.6019721083112184,0.07713099141639458,103.76027851785267
0.9973031385064264,0.9501451176611551,0.30853157371057205,0.020487123865722375,83.65611445641775
1.003271968493112,0.2209176038038097,0.18977024925662592,0.09988252358580274,32.44907749614106
1.0036191985504324,0.7315329438234033,0.32581486431772355,0.06277359023445636,88.6883760413777
0.9993636939111695,0.9335903805312973,0.4598905699484623,0.09727038805227989,141.60850630813604
0.9977089102294707,0.3108599374635418,0.020046536413473127,0.09934423441515787,18.580651902929276
1.0044649075265053,0.49546959254960665,0.5333309805916276,0.09112163757898512,113.04036433566415
0.9997418178892638,0.6121641306691046,0.07575909245660083,0.02896924264718905,21.854611232416914
0.9981626060045031,0.8975419409815297,0.9602874175104965,0.023571705252317533,235.17710662466814
0.9960453975136302,0.8954187765392383,0.29046936236145066,0.06603150696253884,89.097316219133
1.0015441160815826,0.4235828746310296,0.6251100586720517,0.08708865854586942,117.5722517068437
0.9960858300572756,0.42142499974955844,0.9996132441611034,0.02796559672848301,169.49866855949898
0.9980957210121444,0.6885446867337452,0.3362838853813972,0.039396344713988486,80.72514592262348
1.0004435801286957,0.3881960110475383,0.18029254068069994,0.08047044440850167,40.54558302101259
0.9996162676400542,0.24712189618392733,0.8055889925206673,0.07023533828796721,109.30123338027738
1.000019194899299,0.4614098238521402,0.23748416344489942,0.05045226054307678,50.004827936017534
0.9961194765497555,1.0049195346358872,0.5767390744073945,0.049918626073775806,161.66257174397657
1.0003330815850342,0.30437867048791517,0.6821723575562657,0.030444246686202242,101.1966624312409
1.001954141808923,0.6970600009834709,0.6593157594043375,0.03507183793479496,150.17794890492968
0.9989646507771545,0.8346623733126035,0.48314029201983905,0.06368449037045047,129.93682073691468
1.0023333196534128,0.24049907881590327,0.9557684677972695,0.07500894950659667,127.97893370382138
1.0010951261109828,0.4651831679240414,0.9214434909457824,0.09311146198206018,173.95859838571138
0.9998488415636528,0.2177107683134285,0.49268038419676774,0.08896097189609566,66.43753615359032
0.9961313970513128,0.2932262740578624,0.1145826328516545,0.07604798540382303,22.862087942450273
0.9975990819569444,0.2580489097482661,0.4135489554290888,0.08732468318154094,61.50602149863897
1.0016496900014031,0.9834021022600994,0.9286385032387302,0.02291611661988828,239.45030151638284
0.9960092422078539,0.881116463116032,0.32329358891161597,0.09592180685762558,104.49793781520816
0.9981457329007204,0.22630742252778055,0.2797992874184171,0.07280051884614461,39.65282436802306
0.998403733961391,0.7757894862127526,0.7509149067054443,0.08243173252927655,186.17704099000494
0.9959104167352018,0.5479353038210473,0.1416379871704803,0.034301912577048864,32.483982858122545
0.9998785743614491,1.0569038486594686,0.8423407167027479,0.09216275683691795,242.22961100771536
1.0013198827285368,0.8995167180121972,0.49434619860442125,0.038016012282748035,132.10054334460625
0.9972700872914303,0.9272848892944692,0.5397338817001569,0.037435633229931896,143.5431131205553
0.9996683386117126,0.44206267359180934,0.45168456754460795,0.03425404143707991,83.06571531699586
0.9994484386930007,1.0938274030144333,0.07669698417746619,0.08411033702153965,60.893193595763364
1.0002719818696855,1.0882023041728415,0.20747260293209618,0.02723618675557094,66.35048029776067
1.0021572825993643,0.9716912759183598,0.9738696035737142,0.06306942788459549,257.0927225733656
0.9997546887056119,1.0308793229443858,0.6637987248075794,0.07439955652958072,193.2661144818443
0.9991983272136169,0.9899584158958579,0.4939289165842738,0.07460521156846067,148.12162147946452
1.0030043959093224,1.0683029666517443,0.22285565269162783,0.07119914736163213,86.86654185399925
0.9983659174981792,0.3488917944545147,0.2539989332976936,0.05524516412496612,45.15009257606118
0.9967059426316788,0.7571014276858246,0.24127316762823403,0.033414085836561094,62.06613091153076
1.0047786834668169,0.6121159870273891,0.7460322566292572,0.05405937208757308,161.55389916510802
1.0040895830529222,0.9689371371934543,0.13304247249264833,0.08980292297408034,69.4280894745018
0.9954483483863947,0.3792979727220669,0.9098757184510187,0.03523298181627729,147.64860304039416
1.0019615760424896,0.8199855341651983,0.5317184071718545,0.04127714016978366,135.51892310567297
0.9984657827804043,0.3349997300937967,0.834648330256624,0.05373249534194388,130.12647001165288
0.9991432059654003,0.6931040745207111,0.28510809394212233,0.04062488522842321,70.7811039058821
0.9977053781337183,1.097917172956589,0.3111389017201627,0.02455088273913914,92.62376668058346
0.9982714930051922,0.8729792406432575,0.7615917141832753,0.09048615375698914,202.22498705878556
1.001540245632042,0.2742274978727276,0.5451695396898819,0.02890026858008949,77.6733410881987
0.9978711759105353,0.6358403714823933,0.22323029820240697,0.030736875491574465,52.347761892156086
0.9982499276814004,0.3551934591678589,0.3805114056564453,0.02474612384219138,61.636362154533856
0.9983261718343642,0.8884669162474499,0.6459432888950136,0.05352734337411752,169.2134659864409
0.9964670012032265,1.0507011284739352,0.3313720363861367,0.08569573067604634,115.2460296690773
0.9997383218658746,1.0276690306918743,0.5123936043802163,0.02874498178594527,142.8855897671517
1.0015151089511818,0.7668023970374873,0.7348818287572075,0.04829142914902432,176.15935304001005
1.0031755552867425,0.96746124973461,0.08930294144469589,0.07521487265660298,54.377366682199295
0.9987163223916947,0.22607510988738955,0.32617855088121234,0.06800152127136784,45.329012707454126
1.0030059661959436,0.604154968366312,0.6322560760571023,0.07907718613234574,142.0048188472407
0.9976267255641316,0.20172826751844053,0.8864998063699483,0.06789005395932289,107.11363523598624
0.9986166217340654,0.8505652120386928,0.8483692234208462,0.0988700126436947,220.13188981118606
1.0020488541341626,0.6885217462058228,0.8320500611960863,0.09468978418240179,194.96487794274813
1.0036916040350974,0.3049876744282496,0.6617833351940205,0.09242159369828871,105.00371740193867
1.0016145471835023,0.3460066985644433,0.37254712708063986,0.05581083155011024,64.08547547450763
0.999972177737093,0.818622344182131,0.5309373131043289,0.08940942613429534,145.43995789603952
1.0018429304708638,0.41720839995285586,0.8229843638427887,0.095811363153005,149.21474459052752
1.0005248823372368,0.28277542612283674,0.7867994829662796,0.05964495201362685,114.09349074055604
1.0015644767720702,0.9079581876804117,0.3685476815885232,0.07775479892141766,113.63230903356254
1.002016145215906,0.29449580356033195,0.6697875682150023,0.05127206402920974,100.24787237409925
1.0040249102265957,0.2966506057229371,0.5943344142067447,0.027767336062620246,88.6734499368792
0.9988229989294632,0.2783102322109825,0.7804857570357495,0.02944108107733017,109.5820365153287
1.0009458739073982,1.0319895679474531,0.6644028120102174,0.04195517913779438,185.34388919044014
0.9974970295946329,0.7858814150444278,0.4754527974343479,0.024200271651831137,114.68624969068236
1.002194072558577,1.0113453442502325,0.55853716320728,0.047087696049375787,159.2589335724677
0.9969475009314182,0.4660189899905664,0.8074221423814761,0.02086470948805176,144.93029632397895
1.000808588104601,0.4124224152795884,0.8942331004513654,0.09070269453023365,159.26240078862617
1.0004600936018446,0.6843556018532488,0.3668225027717955,0.04385262710268993,88.53811985091585
0.9997499253138156,1.0305766949331048,0.4042882590136482,0.09574584134864145,135.8069543839125
1.0000258525644117,0.6647277487475995,0.08978942994263599,0.03710000214340055,28.163846621215953
1.0000994757943373,0.7636492442088092,0.5939765852731838,0.06339918579228385,147.93188657483722
1.0022001573040475,0.276851064841619,0.42044510860369166,0.07453946118098487,65.33530057683407
1.000061314759427,0.2505507547208851,0.12667213324893478,0.0737621283064571,23.322810656491413
1.0002353079373505,0.21305629882427435,0.45985457557120224,0.032585670785187676,57.945015185327804
0.996760711472883,1.0404482884461954,0.029871238531884947,0.08945056810082622,56.58760714649452
1.002962375124839,1.0081738410672745,0.5364278109315248,0.04019935718862035,151.83840823544955
1.0010793755694898,0.43611731292813943,0.6254064294310383,0.03795706728425881,112.81100263702598
1.0021724511005932,0.9972585627651989,0.7162793365137614,0.03142836711133233,192.8680813195371
1.0029907589071845,0.23912177172811472,0.17014651108812953,0.07129248292391156,28.8931203963254
0.9994645389808146,0.6641178892030618,0.8543228299793526,0.04137362950427961,186.26342655671723
0.9958048327564821,0.4117139351906779,0.15569900846953671,0.028230157593817716,28.611629843880394
0.9980799368312497,0.8228456106189554,0.20796901016065775,0.047900925183382834,61.75693309784958
1.0019209009392918,0.5403480759905932,0.3834199153647976,0.033071302827874044,79.84494171246763
0.9991811607797011,0.3060362426540083,0.835216637499554,0.02516959274740084,122.28542090247646
1.0003834869210522,0.9628420552461641,0.02170281832231013,0.06961360358084671,43.060401376738014
0.9958762021508765,0.9159243382927569,0.8250645421939482,0.0616396497838846,214.07196672146972
0.9972479910622569,0.30787189907309614,0.06366419413457548,0.088611463495104,19.275837976920684
1.0011109461405898,0.9746683441839934,0.7248433279472131,0.05454550059786817,197.55218413252513
1.0010815484005886,0.8223181763447482,0.6415351860440599,0.07977982089693783,168.50125837451412
1.0009118374858663,0.9404552594512756,0.721413498580477,0.09994653758622278,203.68277290477008
1.0016361711826114,1.0816344095041883,0.5120510958337424,0.05674702855854856,155.32278437213535
0.9937889437278072,0.8568179578062054,0.026093081512348335,0.0602812659962922,29.378137430025276
0.999539905492367,0.9522018062674538,0.6154236238462751,0.04194392204030781,165.99819118515387
0.999736009183387,0.6406532032209835,0.649195619827624,0.03390228497211597,140.71060523717017
0.9935919985865616,0.5237976292394135,0.401478598703761,0.04485199539751385,80.8964072604058
0.9995650542813241,0.48339815870093794,0.8419587261853668,0.040620397193134844,156.8855128324883
0.9973327205093235,0.7000084466718213,0.9959226604210073,0.030857136105435758,217.05364478410522
0.9964172260753568,0.2806484614114907,0.9297552569955951,0.0368485441783,129.89182780496202
0.9987156024187948,0.3880075056759462,0.18022471650495936,0.046293345894319535,35.038251921586436
0.9996051163953289,0.3448769914151887,0.6796779445129214,0.08884468362160382,112.91006294793272
1.001023204944301,0.7846106300122337,0.28295531356929404,0.061347952250649235,81.30899229391247
0.9998120584515577,0.621382852667977,0.14868318040526526,0.09472521110435074,52.465040943518204
0.9994357600530768,1.0459966774231757,0.19558367494766488,0.05788731725433269,72.54670335254468
1.0033049265765372,0.8927908318037248,0.36363011176948706,0.06469140935658223,108.54214527767112
0.9973643821062286,0.61331110371206,0.8317971598983682,0.054924555539311776,175.99049242457207
1.0025832755888278,0.44198483084880785,0.6966941241786285,0.041907893490293224,126.84073993652248
1.002723121026561,0.8688825242183185,0.018120311706055603,0.07988870656794313,45.929496921669624
1.0012492998942586,0.9384240672085944,0.06119244141383781,0.07986689356249305,50.200353278390594
1.0029215675401113,0.46966726472024234,0.1387179086734921,0.06989582315411942,37.915746431946616
0.9977565091394954,0.9846508450901716,0.6432413221662201,0.04663944818979045,176.00387787248144
1.0026887437863135,0.8469673536620135,0.8579928893706312,0.09606257093153668,222.4519996414999
1.0016908030992429,0.9486096328856932,0.5699460013345781,0.09901906168781272,169.82344300258814
1.0006279928256951,0.2973012309064161,0.4370530014377863,0.027562982225055325,65.19177260663889
0.9985230821762524,0.6178579231818785,0.9136137942478547,0.020828416224564814,187.7856492108322
0.9989039757851931,0.9610746594054329,0.7915194942070947,0.07117894178534356,215.16005407956533
1.0020608650834455,0.32573031838571387,0.8632787947796765,0.050661055012544975,133.5495955612381
0.9989879985842834,0.8227207180214062,0.9584870010242104,0.030444986479487294,226.66851362689104
1.0033922489016471,0.6735615675322599,0.6434073347590185,0.022090700777896356,142.53423908914033
0.9977372869592496,0.4438455629706638,0.09296183280831408,0.0700754011136306,27.10837232319335
0.9992869121762032,0.5394329356812566,0.05391631563270484,0.045650357871561305,19.949616153473016
1.000404616916825,0.5081354754894878,0.8621828878311762,0.048562108915589014,165.6666994210134
1.0025165819224666,0.8269132234465024,0.23562002453029696,0.08093508131839254,79.33635921033215
0.9996269659236244,0.29238801022381466,0.5184177876480561,0.031583784456497684,75.9552145287866
1.0028070863665028,0.9211239185928564,0.44086707093415684,0.06474718001986317,128.4825810536209
1.0005119211243656,0.24606216037140208,0.12080152085861613,0.0715172841720234,22.259410533946266
0.997162553136118,0.876875730950506,0.29989021834834845,0.09029444740745698,97.64556713446757
1.002114190233096,0.725685060490666,0.23815581905309574,0.028450721635056225,60.545529043291936
1.0021391054554554,1.0541942172967442,0.9327742690318305,0.036901275768814516,251.68760621863368
0.9978753834792417,0.43051255666938315,0.7780045232227154,0.09114401036382853,142.5485367285006
0.9982486981396813,0.7844815969124848,0.5776269761396582,0.0544796700405345,143.9832712181081
0.999440629090635,0.2844440235545058,0.05188101244896509,0.054401829518055,13.161901404574735
0.9975302916895714,0.21359337821686805,0.18354146100046453,0.07539599006890692,26.90315590520663
1.0020135858910548,0.5492754365448669,0.9098042366130086,0.06121707536528127,183.18154185694266
1.0003202461069833,0.34260196310237234,0.22734382856245025,0.03140739260470224,38.61722037223501
0.9993122847928294,0.3249250718547912,0.42797022431409276,0.0638188597154876,70.10878409726831
0.9934085344116489,0.7903379268475641,0.2265762478434873,0.03610972080943672,59.55922024103597
0.9987579830767361,0.7416812054852893,0.1889836240059265,0.0835249848385264,63.78653745006909
0.9983918114913392,0.5180878862550193,0.8727187248022782,0.09890099441443802,174.80909349595015
0.9982622961774709,1.024128104355643,0.9840757606371971,0.08791494745296177,269.49344552876005
0.9992324646973059,0.7796203138168654,0.6453872527644481,0.03778170219613673,155.47538860464266
1.0002627704038916,0.9626516673440291,0.10213332921709002,0.09897284664729204,65.8587790891819
1.0003561793049789,0.6798775521126035,0.04447283831183418,0.09157378792335095,40.44874631204368
0.9982849719109478,0.305421738521557,0.7622947209702544,0.0729002778007978,115.70433757371399
0.995967034017231,0.7697841759563457,0.7080195730497193,0.07573603901688421,174.33534206217308
1.0005601348952444,0.23764434200568868,0.8295399806818278,0.08296146260130641,111.64807414052541
0.9992241728807346,0.7806192895279496,0.3294616308055538,0.07411704195676969,93.91303857886311
1.000171716638258,1.057259693571739,0.03638571165942235,0.08526006711888871,57.148809931712776
1.001668356404361,0.6194239818586679,0.9511404843722555,0.024995979773856057,196.5392339880466
0.9988079287100609,0.9554430865960784,0.5707110406340983,0.08030220438781367,165.20816848797585
1.0023959361254853,0.5000167839000458,0.6965618869329442,0.0425437867692391,135.07494260205726
0.9974481271517446,0.3168340294803572,0.1694800376515239,0.0348247519124308,27.89418792456121
0.9954637458793231,1.0926536972103578,0.5474566652984421,0.03745014712885308,157.699140799725
1.0007033159233554,0.7844846438568047,0.19611984963341106,0.06701586495509773,63.72897396828057
1.0053665700381784,0.2336455182015098,0.044709212426682333,0.08207803578902845,16.931943761236425
1.0010773332105933,0.9704737698734001,0.2725024840192812,0.07766999052847443,94.97213382387622
0.9984769762257553,0.6184548069279301,0.6567028644060741,0.028872691550096165,138.81740294299624
0.9972952964964854,0.7142491186208162,0.5459619918427565,0.03517723236873115,126.34618853898161
0.9990451393814012,0.4862496069806215,0.600087944992088,0.07042953070437634,118.52979082670663
0.9993520966205122,0.45335678690997344,0.4809530890110376,0.03736210123048257,89.65423356684943
1.0020902934189388,0.5610923356788688,0.6667973910828362,0.06116808647224356,139.8527150260564
0.9993524233033235,0.9291609886583134,0.1811234910014578,0.029726962387028353,54.6127372594874
1.0010082211890945,0.4218013102290976,0.642543608118637,0.0628418037785916,116.86950401821929
1.0027615181865195,0.8715753563867206,0.932997468739934,0.023483763975066303,227.32853284813447
0.9977711855354005,0.42377445449358847,0.44146875800629276,0.09993916309752825,87.5810032579007
0.9975858762207165,0.615925185977694,0.526425860346397,0.07781449573657138,120.92225924809492
1.002999049428442,0.8159434072805585,0.31029882924388946,0.08226325409418288,95.58936249044837
0.9994541989957018,0.8299774936986963,0.020022559249913835,0.08114779462164236,42.65193937344975
0.9948540350856172,0.963169201824243,0.38517821250797757,0.044882269199987807,109.53236223796546
0.9956661562401338,0.6838108397396658,0.4717492854616279,0.047273422251126546,109.90963410941714
0.9982742593763932,0.6472694823472591,0.7608705595973747,0.0815698284850869,171.5336542620916
0.9966291325605694,0.7354099818620388,0.5034134569997769,0.07662180580814186,127.44147888062611
1.0034438466622533,0.8087623067588392,0.6658751649405306,0.07413439822100289,171.74857387770976
0.9981008940649326,0.7967075696093469,0.7145699496529526,0.05689070637981894,176.17794553621175
0.9999675313181403,0.8534637980659723,0.787791730949597,0.03293680077752641,193.84892218737014
0.9995865020170006,0.9632807902409142,0.8630632596668977,0.043272666054950344,225.5397546532497
0.9980162280889072,0.4712437168364157,0.7891635402321837,0.024533320622349936,143.08981659276293
0.9989811249056229,0.3294524596569489,0.21704355557512,0.04015728907365895,36.732585355350125
1.0015917459292232,0.6853241610860974,0.7990530009575479,0.06544608137496075,182.87878733426595
0.9991399817542481,0.6406319100305147,0.5614417995472084,0.05159948446613155,126.31349008668428
1.001807303414464,0.5832184860897894,0.19051731112633954,0.08533484427071039,56.10697204081703
0.9979763831547687,1.0605563830378564,0.23745929872122587,0.09991578861301305,98.66432731342377
1.0013606677443425,0.6449677442881039,0.26231180064085247,0.03755881036964792,63.40625372274593
0.9971747804303404,0.5719307443784217,0.8632257202730532,0.08697700630920244,180.29544020392845
0.9999182050629093,0.37891057250810845,0.23356778015931132,0.05054587348473086,43.99698833091463
0.997630646746482,0.3990798772515982,0.5749053756156093,0.08539878845631016,104.0518778289478
0.9956000490502614,0.809779528299172,0.992819925138069,0.054045124854997156,235.30375516831054
0.9992793699781628,0.7942021056480817,0.2988223928448529,0.042036404770952045,79.84506542714689
1.0000296494579186,0.48991558055357226,0.6063324993177875,0.0536453144469206,118.19287373801058
0.9999176134200713,0.21976618848770835,0.4200903994367779,0.0674031642506103,56.36533439744869
1.0010774779044789,0.2467250396000787,0.6513653966605624,0.0850135125978536,91.23466571409864
1.0067278694547313,1.0046632658666292,0.7766800670405756,0.06601822736398998,217.44712046241125
0.9988164529699236,1.0106491515564027,0.0973535421419894,0.07730038122716336,56.48159866090424
1.0039345770903532,0.8785454850525449,0.47441258724914936,0.05626861990794434,131.1725769811444
1.0001826202987893,0.8781183587685397,0.021603374306902998,0.082055408686056,46.05678675483591
1.001197659656059,0.4463187443020139,0.8454656356569933,0.046011794032465296,152.34500562838815
0.995317582429587,0.5950871590222171,0.34904514630006706,0.09032729194094544,85.69239916016096
1.0011795651470248,0.8619835479701434,0.7068263960884216,0.0922789700805652,190.1679815753599
0.995061732867667,0.8864299265484563,0.11320882656562732,0.0371201295004759,37.56063352409308
1.0032184569995912,0.20852065615141577,0.27844439700253076,0.08218690093995955,40.23912606812081
0.9984752985800556,0.7792897896856916,0.345272462178748,0.06406807612825925,94.53565130302331
1.0011266357338828,1.0427981588393718,0.6169106146952141,0.03783265481230868,172.9578014964534
0.9943934189991199,0.9462738327838929,0.5782584179051301,0.055260522781769836,157.88709323177773
0.9981882874098114,0.7688752630572475,0.9912097886747717,0.08611985783323976,235.68235397379812
0.9990814153179031,0.9520576960426064,0.42045020864322424,0.068908238276825,125.61310408897577
0.9968533369246236,0.49846310080184386,0.42422439122759725,0.06085121079005211,86.62878829828395
1.0009844393555571,0.6255062343570474,0.07935306315227147,0.027021992060435228,22.909740410784423
0.9981907593120987,0.932430202644895,0.7426708192347986,0.06750092089853016,199.6748568311851
1.0023157760402406,0.7978759911111843,0.40806099703922527,0.04490112442103007,106.73227165261932
1.0028659660601673,0.43504063413263966,0.35175122603820597,0.07625101000812079,72.22350103948929
1.000219284342353,0.4744859473964886,0.9232449177209535,0.049869108400774936,170.55170145488825
1.0036011012650359,0.5488430396489941,0.18889555461123436,0.028265911333965388,43.142917178863115
0.9988748228424486,0.2657143523063139,0.03846007253007148,0.08696074762502107,15.191052767744509
1.0003396431143092,0.26342818108041577,0.9622982848429802,0.021838456939693912,130.39398221381873
0.9977903040940093,1.0848390008489468,0.10170384273998831,0.06654198555337935,54.768664583228485
0.9996944451227238,0.7036382987373395,0.26383153249961017,0.056052218252023445,70.7289487995049
0.9978987516910225,0.28880286283028944,0.9107314593965236,0.0963425815218442,134.63172009806362
0.9991357526673145,0.6818945549019764,0.8230437245550056,0.020370993353799306,178.58820386458993
0.999731659985383,0.41520323735736697,0.8571112399888102,0.06602723549667523,150.49971359442083
0.9989575367126756,0.40531162785447855,0.8332652507660837,0.08709618733295704,147.3048300254083
0.9970034569235348,0.726011553603602,0.7894966830267033,0.09421522774064332,190.04996726896118
1.0001770678480337,0.8462191711779705,0.7414566410064258,0.056593619484972074,187.08727873264496
1.0028617027877615,0.5446860707764372,0.9209769944656294,0.03280660579728599,180.74308966944093
1.0038958334147352,0.5454576506631994,0.18848511118764988,0.051207734456727466,47.48338999647689
0.9961594940610492,0.9736882978911501,0.9614746318442723,0.09706125045502884,259.6559917581485
0.9991434035829136,1.0685465821326454,0.9581924020559265,0.09026290306977851,269.84121576068765
0.9991270727851633,1.0828064541755502,0.41023829403059614,0.022783646423050846,118.15205403537612
0.9997600031053978,0.9407316818200928,0.6126668150273421,0.09524034817567692,177.238557129284
0.998007468526665,0.3207337336319587,0.9219965877635632,0.09409783516740218,143.38111130753998
0.9996461013380356,0.6889219623264644,0.08220762431572592,0.06926860498066978,36.8907333191857
1.0020950958565222,0.4846590485540502,0.06290651538675351,0.07674326878782652,28.3647960713472
1.0017881523133207,0.44680776172197056,0.03458856084499929,0.045439732415444536,15.823368387835444
0.9989477837017642,0.7019350824719515,0.21905279206599637,0.051216366309679545,59.475208093286994
0.9949997144603617,0.6699150357368109,0.769646138971541,0.08012537310253622,175.261821266922
0.999168233983166,0.5485727710506907,0.9086943223739896,0.08127519280809013,184.55077257147383
0.9969239553722531,0.9807654636043581,0.13844100971784148,0.08365073481980759,65.10055296596335
0.9980582205793032,0.9404797763951991,0.8077691993584974,0.033862984193980906,207.41494571755567
0.9997050428123221,0.6842089558541675,0.5043879215525318,0.0748518039470129,123.26203005626013
0.9980190411860999,0.6406655281218806,0.5450866234395035,0.09643285293999956,130.68943014055367
1.0026706520465427,0.4876967504477076,0.6330310327013673,0.05468549538642098,123.53535186269795
0.996818148317,1.0302442849955786,0.026882416830753902,0.021141862398557178,14.807771762303446
0.9957167137044618,1.0201390384835405,0.996468701697989,0.08992223692930766,271.9857062075031
1.0027732403006686,0.5462611682241783,0.5381555135815993,0.0769972158103899,116.97249618932324
1.0011458563376452,0.2599547123757211,0.43275227872637406,0.07559847088519907,64.39211967049027
0.9957712710145269,0.9031699775423474,0.21596822293580026,0.03942852446112596,63.7615009244343
0.997214331520556,0.9172818814799708,0.34736506083553875,0.029005710943559658,93.9722492484168
0.9954211173677502,0.28956320086278475,0.6987896469433024,0.07279114820206249,102.95166864825211
0.995914473214176,0.3099503213007547,0.9811417962806614,0.0685716412460902,146.27786402230333
1.0015328453852725,0.868111170800467,0.38671975363273303,0.04953867862905776,107.59804361819408
0.999219063202476,0.5028021824784608,0.20874963365763105,0.07270625370780041,51.01991100766696
0.998121155829067,0.5260289973870869,0.22247529415514636,0.02033483130996243,45.24022005669673
0.999483402083124,0.722217960688007,0.8350516014156237,0.06993762432280011,194.7560551546002
0.997803650914049,0.3818300282160029,0.905961794946071,0.042305589668824986,148.8277239852718
0.998007815373211,1.023916204124779,0.2635616617915047,0.04722259496207335,84.33300335298094
0.9981267692129916,0.7371318596850882,0.5553010161859757,0.08195090593019569,140.1403707963907
1.0010077592191047,0.20228083818197998,0.4363925996175714,0.02239843306409763,53.43141479656691
1.0018755302955713,0.39655381767982917,0.7065767187100026,0.09544799966222221,127.36355404978877
0.9983918689146267,0.9980474309457574,0.9737678994753353,0.07495633297294237,261.2120492600939
1.0021185532568504,0.4446923891829221,0.21461585445985656,0.07785797093681553,50.1570016959904
1.001552197635694,0.49308305334835256,0.17498496749369558,0.02573913095315077,37.04328123290816
0.9979957356619893,0.7045548697396729,0.3860258166374828,0.0912410710621395,103.56066750489617
0.9975656716399273,0.869029485106404,0.8192622341966996,0.06591306429155099,208.7660714122223
0.9988423611023001,0.33560753581109604,0.5202772130881076,0.04305333926255323,82.817398772314
0.9986469183506005,0.7657337069498167,0.6497287525244445,0.051558592403247394,157.38169067064683
0.9977777238656834,1.0755402557520202,0.9559247987165939,0.05436927051872484,262.07641687064586
1.003072157573816,0.8858065541222413,0.679419176228046,0.03748127926239922,174.76879572901473
1.0010652673098601,1.0963514218040336,0.14152051140502536,0.06235394712013788,63.954132640527234
1.000661525613731,0.20369287598275146,0.20484288588768107,0.0625705835496886,28.858917495182368
0.996119771836297,0.8771428009170048,0.16734341281689602,0.06203238736306567,58.45160079027454
0.9974833884161511,0.7039352293580701,0.8530574720488239,0.08003329656797495,197.03399586668033
1.0010502771711636,0.5857069997626376,0.10444461982145767,0.07907686048631246,39.33598753999297
1.0008012305144134,1.0862474649454277,0.18602592203172175,0.0598116289703122,73.07613580052475
0.9989047956952093,0.816590901414846,0.8307761039429546,0.027505234251599866,198.09981799206557
0.9996131112329385,0.834724390514981,0.06658738214873999,0.07765320943540104,44.041328209525204
1.0024354926666423,0.2120537087606567,0.04534185252086891,0.083555196798841,14.402305490751814
0.999149230443312,0.9699622796817522,0.7363190414569923,0.04070104942576939,195.91463683005713
1.0000217400383424,0.8809785295437276,0.5799157517722734,0.0531518108718627,153.81991151110418
1.0028104470260222,0.9685849366668566,0.66278102539728,0.053806344318303,182.72494699196798
1.000986846549193,0.5227827539030351,0.7717406846424706,0.058958808832349816,153.2797522857154
1.0018822474638323,0.6067470866891427,0.4616335823850003,0.025498436597508584,99.38587381772498
1.0010712054621393,0.8713809053017605,0.08624971993895318,0.07618230093008972,48.807705450561286
1.000108951823407,0.4384203972086652,0.8228171304078652,0.04716872557784363,147.43998249793611
0.994668871435622,0.7452299341976285,0.9168439813581359,0.036091003565852556,207.36933926615976
1.0009898333081781,0.5992324735915255,0.6678635967362008,0.040146363529733185,141.31770064828976
1.0021558069877812,1.0274154151554198,0.7364611576268274,0.07067931928779254,210.07792446528092
0.9987682345524632,0.5633073722831323,0.650947509783415,0.047094369008823536,134.1173736890359
1.001252287817022,0.40135397303503745,0.912992956310283,0.03135784086077613,153.90673741112425
1.0029461405388687,0.5153261750919846,0.556283209399528,0.08358634131654182,117.9220832010688
0.9986079330333404,0.9812710158458393,0.5607392976619218,0.06959342031132786,161.74281651469437
1.0038024307273445,0.9916993600719055,0.5719995874749044,0.08416921902850294,171.44509303361963
1.0037126877637226,0.9616481413686089,0.18278746054111236,0.09724279882460762,82.12451133433035
0.9978701930068167,0.7501264591272743,0.33563645167955963,0.0615966903121786,89.52912064361755
0.9972888311698328,0.8963778001352578,0.5251645086946745,0.04589379846042395,139.52916150165942
1.0013771615452296,0.6859023364900769,0.41874286219160484,0.053593527260365634,102.04278181592889
0.9988136002630412,0.9734916688361115,0.20725675212678066,0.021377647529251594,59.91536750167421
0.995568516981579,0.7046246286435853,0.03193987237335192,0.022408836584047177,11.344649810688225
0.9996347825883799,0.25870621558532614,0.34769245188065967,0.05381345525326468,50.69982843154202
0.9989831049919985,0.8580162112010423,0.2726459113478691,0.06077911066147165,82.15867805297546
0.9994790764571951,0.7820216856094653,0.3060521245475693,0.02425493606788117,76.5349649047401
1.0003585161246689,1.0653063216007728,0.9778864020103759,0.05525819435305372,267.1530760926413
1.0005801014083733,0.8839822862829068,0.9833547881351797,0.08047827166007276,250.19331933035218
1.0006808899435826,0.5174551472774185,0.8418986085065373,0.029966037996549604,161.09629506528225
1.0017699341978419,0.4139930355310091,0.18636620993490227,0.055427917680585914,39.93799903516168
1.001654176233293,0.25716684359864167,0.08235262293215813,0.05764767032428521,17.14658035849908
1.000900194528669,0.4443341565381187,0.23357959987486052,0.05024640226274438,48.5489528496783
0.9968426977557248,0.4232239444962297,0.1068620356312544,0.022749986884276867,20.39865472333412
0.9972007283138287,0.5980387215866003,0.6805320403169459,0.028303698195588742,140.40243291919268
1.0009919708604686,0.3143627711146333,0.10624513690159086,0.028717871992609424,19.125910968440508
1.0000764059472849,0.6952249231164618,0.8814845835146619,0.03549327383326906,194.88380987880956
0.998451161554449,0.4936286138119283,0.7009698499760104,0.06957409016453055,137.0212951040363
0.9977448411606277,0.8730687363214336,0.4020797307992547,0.05929390614702214,112.63127278656242
1.0006143958524283,0.7303862788473159,0.36088709660835083,0.04168292785636776,90.2171622576949
1.0001074020833016,0.5436846748552715,0.9269595508271713,0.0938668088749817,189.1188400628647
1.000208164560732,0.653874249532001,0.9557794370641486,0.03182695914475665,203.54308211768017
1.0016144197970254,0.2944317317211701,0.7486228150004863,0.039239960007067046,110.15217365655849
0.9983664268606474,0.312433378111367,0.3421003464985993,0.08186579905344352,57.85001801281385
1.00195485396288,0.7522793070860081,0.7572059868294524,0.043936302239454564,178.64731173553304
0.9994525475266176,0.8880778162989982,0.353811787989471,0.08187651191333309,109.11708909288575
1.0029103377013922,0.3870834252670058,0.42174294833786974,0.07817899683941734,79.126327431243
0.9999367957623457,0.5890178873282222,0.6001173047255273,0.09094457234061236,135.1488783316167
1.0050377545701472,0.7449283506258018,0.9995290315660843,0.034140368904974516,227.53963432363003
1.0001457558365763,0.9386766423257515,0.37134850809336994,0.04604498888787269,106.94455256100969
0.9967788184654288,0.7403772662849,0.22809556266015069,0.02967237245038154,57.50485621956415
0.9981255300923383,0.6258709931843554,0.5983529211074492,0.09214749111890895,138.53693579217673
1.0028178838594042,0.7133635288814972,0.1115104176557899,0.03755028274743128,35.24479124100634
1.000532530927445,0.24689177616057517,0.7823722845702461,0.05403410195353543,105.46862728167076
1.0004999455740435,0.9632125220027823,0.7484874623976482,0.0737772722407873,206.26264902505207
0.9992697385908346,0.6742921788930486,0.04359192123254223,0.028530862140588836,16.623915743903922
0.9958331005871204,0.4025882355211702,0.45179654123027085,0.021310624528982747,76.25079591223346
1.0002172565455478,0.9175442638367766,0.5956921302174026,0.09895784504747486,171.9187746851606
0.9973051818770036,0.7427874311715053,0.7986612353915649,0.056002006726886974,186.8120227289822
1.0006250823670475,0.4249790933952038,0.13793850178441167,0.04311143368514549,30.176964855785002
0.9969905577174598,0.650069931498255,0.46710437846614417,0.03660675639048803,104.21443741806877
1.0025201971545892,0.21260089482085154,0.016129792733869833,0.049635657814169225,8.663119720882719
0.9975404363298185,0.47622381730028823,0.28802934273557557,0.07045237586019577,62.011597984917444
1.0023760400241413,0.533388619672121,0.7437313831365692,0.07803075675805021,153.33688255654516
0.999851471495803,0.5329700695891664,0.7779293869295344,0.043505335192316516,153.36497586053844
1.0007226452248208,0.3967664597431224,0.35297115588300665,0.057532046535251416,65.65103638902832
0.9967705544766307,0.2545245409403598,0.5192375906252534,0.09628023275409668,75.08676790733318
0.9992671519622892,0.9502457682165111,0.43748722038821664,0.09795011526132269,137.99712061529732
0.9988830746950536,0.250532786453664,0.6770461296846386,0.03827397748688004,91.05789644883271
0.9968955404009641,0.6079568506934941,0.298029759374048,0.062106927033805465,71.83400691564958
1.0009235151154532,0.20586523856472544,0.07751329058410326,0.07822611989945834,15.806806286671417
1.0012622983717794,0.39205884709636507,0.5797727145084498,0.06864610599089366,103.2905717070542
0.9978832580723174,0.7756534012992342,0.029064249119456792,0.08730800556318985,41.91766318293878
1.0021753971329577,0.7589681254297,0.6387986615745013,0.09934227039782896,165.10339048278405
0.9970519425370071,0.31733060343788116,0.3651878166430865,0.025411751395265556,55.47140755566596
0.998845376244451,0.5993078772120987,0.9913351701331374,0.020505972505628717,199.95960777449375
1.0008982745525314,0.4067515146096657,0.7325787773063547,0.04848542563968239,127.48120289495597
1.0028409631101503,0.5156336758772813,0.03813940702308957,0.035116409829151846,15.991542707461008
1.0009131971162013,0.8189979523058755,0.06051756638782486,0.05012932183495032,31.65522045570401
0.9948863450360309,0.5202211397699885,0.9000696137839861,0.08206377272609032,176.39881062234795
1.003866583996979,0.8047525977560359,0.33868415362782395,0.08413599377886591,102.11614906277595
0.9990783688626779,0.44132223477250987,0.36162032141422673,0.07587643542189482,73.3106844371543
1.0053101281560428,1.0439308448154765,0.3150463160582377,0.09186522667230576,116.36461003026307
0.9999510508261271,0.8402722731793482,0.38923384514978226,0.07895974634435098,113.0855565224872
0.9982894950848593,1.0863074486135698,0.20503820959366248,0.0753898502528666,83.2225458673301
0.9983466749018672,0.2482824906845171,0.7075114695559948,0.053082490452674644,95.78352107781711
0.9988219866221649,0.8331429684124259,0.27689614445993044,0.09576276980515334,91.8233296981569
0.9978038844310877,0.40850402892410387,0.8708623365881112,0.025004888314048027,146.48621787233833
1.0009725940101424,0.3459623321645447,0.6412393479085329,0.022240685420543783,101.102827356854
1.001152408085434,0.7946203925789526,0.9622541810851571,0.055022535265215514,228.7097335347735
0.9956274151342558,0.7104305980004049,0.22009086576007766,0.05092790895553698,59.07082555646565
0.9957990449758101,0.48810792972469585,0.6119346869110432,0.03494945740963911,115.07687233791899
0.9948540006679154,1.0324895228934894,0.6329191778145753,0.07923337956850232,185.08227411201005
1.0034170188921983,0.41456280486598457,0.6597245769218953,0.020552430625536165,114.47339586509355
1.0003221014583008,1.0611519805476428,0.11599479771036995,0.08645893887461105,67.40332696741694
1.0005166150019722,0.7479130841057404,0.6606870465556111,0.02068854922479826,152.9550511055519
0.9972818988540935,0.7659231015759058,0.3616595860142782,0.0977707004224344,104.92013670868425
0.9939521416265984,0.4369274650361028,0.09905067396778766,0.07343441815674442,26.78258739566894
1.0022387598209035,0.6872576271112416,0.04484289739064191,0.09505618006574078,43.43981171392318
0.9990604357349973,0.4303923463665171,0.8844729078492063,0.057922072444873546,156.57010388115083
0.9994064485462569,0.39839938189352203,0.6182996032490126,0.09009995164092104,112.42410173560472
1.0033131286220083,0.39099365261970087,0.9071014544734093,0.07173410868100212,155.7734924126044
1.005922857641257,0.8228524042309826,0.09809144641700808,0.05856970043312193,44.4619688628988
1.0027442680995096,0.4380756091498581,0.17663178956556075,0.09047023773350275,45.84250758289107
1.0041960937875334,0.5001260276509167,0.5542187142201263,0.07187894983390104,114.38490509458984
1.0021192116182904,0.26797455563091516,0.1465785511501345,0.04135173026542853,24.453332721639583
1.0020231744700694,0.5614273077807448,0.3120182463293489,0.02383298375259238,66.18751912523294
1.0004684029449147,0.30545152000406833,0.8975142323901429,0.08990724688860612,136.62037444676798
1.0025553842944022,1.0746334859902418,0.22581657399632915,0.05802577784065195,82.51794756711269
0.9988845097719766,0.6250827185920211,0.02340011947413807,0.09083810675478489,35.663330541396476
0.9994938464366351,1.0672000280166318,0.6708013185834395,0.052985209564913927,192.39299428406215
1.0000767229116305,0.5710423408554633,0.6598370842649411,0.09389785474982926,144.3955681621983
1.0007318593954126,0.5693296918628377,0.41189966692711544,0.06583296116697478,93.07185836757452
0.9998564208952231,0.752049046534421,0.9865568963964352,0.06908677434950983,229.91477434231714
0.9963269982112546,0.3643268443989341,0.7974951537211041,0.08514184487657678,132.57764055460774
0.9995881480016017,0.4339353731016584,0.2548518250802374,0.034887547048702894,48.889982801386566
1.0010217896274272,0.6529042819118954,0.9180993646576809,0.05924347228285988,200.77143170115554
0.9995000752503642,0.3402979857235536,0.2280773843181778,0.07906831611374894,43.835483609186724
0.9999076711406458,0.669038430372054,0.712700302777078,0.06944946195645835,163.26832781647732
1.000835619230915,0.3839004887549191,0.6388553968525909,0.030517674303247325,107.05650497862564
0.9979904028983265,0.9573556506985839,0.4457507851895152,0.07837791215642156,134.43502447578783
0.9992064098337748,0.4202086399286439,0.8873543404519637,0.0773146005583905,157.72618164060998
0.9977340934895822,0.9985488485445204,0.5709828009511987,0.08159963310281965,168.5075328812669
0.9953723328281276,0.48819986051053166,0.47354465650477795,0.03283398189486168,89.79654557525521
0.9983770512689113,0.3951538077554048,0.21786386531293736,0.08224164626867397,46.392778231532475
1.000139518986048,0.9163551939561425,0.8169150350954416,0.021982358468158054,205.17009536194644
0.9968243787557519,0.7291398627717964,0.5811327921286806,0.0684076369090235,141.8238265087033
0.9995308628492625,0.90800608762505,0.6195175610075357,0.07757486165848823,171.3031605528534
0.9980762628421973,0.3603671268384645,0.8095262966976712,0.07093880095488041,132.97889324509975
1.0028382003500897,0.7064390535603622,0.22548181377428406,0.041281183542437365,60.34242990153467
1.0031044031993577,0.9128442438751296,0.5245458143364221,0.08115120759492761,152.06330957574534
0.9991111453886775,0.5645302174187479,0.17446246358915754,0.09733279806896292,53.63602324124912
1.00046348659355,0.4272932454965015,0.5394188921451329,0.09241219175587521,104.00597745179448
1.0014618167419107,0.710945536980651,0.753207597264522,0.075692822881548,178.48532860566223
0.9965132048209511,0.6049356171691571,0.19970562911604942,0.02688322617598076,44.78282379635732
0.9989849961295987,0.2713301133602867,0.7461551569364614,0.06445915690447984,106.52547913727443
1.0012769994214363,0.32258958641938434,0.15673244033709616,0.03380961047084745,27.509644857019907
1.0032364491303887,0.943605357789254,0.04705785805783085,0.08586806826342575,53.78111129052445
0.996379458562623,0.5289441367472466,0.5442444076694247,0.03745947643191697,108.0565285031787
0.9976979465121638,0.5017882232477617,0.6907286661340216,0.06922850262701934,136.2708289540725
1.003113006577574,0.257193537821648,0.4548664021352002,0.03735128445830064,64.50509252143871
0.9994768841025894,0.4506422892649344,0.16619488661387685,0.047071293571800066,36.34411153800767
1.0004966113885172,0.24613404227576707,0.7322042283570231,0.0638325020441299,99.78037497605072
0.9976082197008076,0.8031482171429749,0.4910137698923378,0.07181846644808518,130.34925986048188
0.999178024591444,0.643666810330842,0.056713358445239954,0.08836604093129125,37.45901032455811
1.0012783623016261,1.0011063132483946,0.42356367728144995,0.09729040586237712,139.43988364152
0.9952690912568467,0.9796962924633741,0.0354610208821881,0.03139664736599875,19.939831543383093
0.9943663824557738,0.9846150455633012,0.020215558048874295,0.03923186770578479,21.644060655771682
0.9973791788721275,0.26095274991163336,0.7601991889639808,0.04961270375296157,104.29592032746541
0.9999706404938467,0.24837900627141601,0.9833573186348462,0.075392620514889,132.89915830114967
1.000226612289597,0.3269979114970001,0.23047882006917333,0.025907516227257465,37.41709255199089
1.0012050155153829,0.7827055234430718,0.8255196695577672,0.035934923986486206,195.34661866216572
0.9971963586412984,0.4512606058047381,0.2875018832944628,0.029593153900426897,53.925912924090824
0.9948668501922742,0.41593628878049554,0.9947715084722845,0.05581592447707892,170.2039416465759
0.9950084173733312,0.23979711294655853,0.1261586311593379,0.05164317600124045,18.741561794129723
1.0028950860877024,0.9808165454160525,0.40386714720935085,0.0894346654102611,131.51609817347872
1.0001795539978704,0.4524668881433127,0.15508272918317886,0.05564142479548381,36.086314757282764
0.9980453655314812,0.8059318790935839,0.8130203147282172,0.07295426190279462,201.24281137315523
1.0018552080142775,0.8693573082953796,0.07457142337306386,0.07366310129599885,46.24171066119817
0.9974084362142276,0.9950138714710728,0.37100023169897894,0.021298134280542474,102.04147330045078
1.002243725546549,1.047336587980328,0.3673956863387796,0.07971551787931401,124.00191339647841
0.9995320920602555,0.8292580608992703,0.03529214932607126,0.03508297061690206,20.773177093020195
0.9991629121561889,0.2892541045862181,0.4968235265956273,0.03861051784515897,73.14784949734366
1.0028725717266098,0.4202010732057331,0.8624835729537939,0.02158377187351048,148.5929804112884
1.000825527155544,0.7435142683100369,0.2720498563373605,0.0874574545675813,82.89062192349564
0.9986648847131123,0.8262654810830623,0.140665722873852,0.03461361238176596,42.7553205258975
1.002520977736452,0.9280814936158146,0.03661773168451133,0.07511800718226165,46.34062360499843
0.997888467758608,0.5762005183634014,0.9376495734294659,0.04930700895028196,189.96917292628618
0.9984360984829163,0.27413635766410016,0.22861799355016263,0.0806344137991785,38.36641764148851
1.001436174476369,0.6841333166141569,0.977128414221954,0.07874162138529768,219.9468315906142
0.9974938627085429,0.6069171430062675,0.7036958288970634,0.09273838447948068,156.71135473683614
1.0000047523813604,1.0481485907151429,0.210653694660886,0.07969349251079212,84.85099964171343
0.9993245888369168,0.9021472516598994,0.6181196954744949,0.07799199189570617,170.40816816179978
0.9987514944801666,0.7390131135056168,0.612827151265669,0.031246533797712885,142.73860372756064
0.9976593938773185,0.8694175475326391,0.6604435946826887,0.026792071291555607,164.87525646596612
0.9996098590693755,0.8403705621158801,0.8367947039841096,0.030612797319793578,203.06868388660357
0.9993504547912129,0.7991125149897238,0.1976506566954663,0.051184527097484306,59.73107836404483
1.002090076159232,0.5253260612253443,0.9139785984183514,0.06517219319368779,180.33860304018194
1.0006941626537138,0.8452148102872932,0.6787031437046254,0.0563471937276037,173.7840527272261
1.000365356110004,0.46443074678370194,0.9526000930772448,0.07384508010776773,176.3927184465552
0.9979942348415789,0.9670561555132264,0.9332713969100618,0.09241717404519892,251.42436781631417
1.0021084127598043,0.4846345577401895,0.5669410672298788,0.05355640186572959,111.41346808373379
0.9990517606662365,0.40657933577515304,0.13888592146193154,0.06590872656143708,32.37364302681425
1.000962326481936,0.3845631798530123,0.2513274397955457,0.08581723518217031,52.28548693973812
1.0000700331347177,0.8342928496145119,0.516580311232574,0.042280641420827186,132.74106681597198
1.000249902269448,0.7573451734492296,0.6370734361929804,0.07007271789615148,158.25887652908193
0.9997069119632821,0.4808531233452004,0.5717802464908551,0.08436476084288862,115.29069518744478
0.9980487293068724,0.3773904548300719,0.36119869977581615,0.07290524970703226,66.24872897960563
1.000371392041405,0.6879327421142236,0.061826114385654156,0.06310869833624073,31.906673712535905
0.9992659552664561,0.5607208937115395,0.45755179875784396,0.06954832019799541,100.86035489339753
0.9986696104560628,0.20207496015393805,0.23739331237777306,0.09388355905628934,34.01195287338834
1.0016511444541882,0.5831429941854673,0.8447519861924324,0.04713708237906426,174.4743336431694
0.9971976850278431,0.7176451344508525,0.5174942137702875,0.03010565442947879,119.67772970734137
1.0013749042708158,0.21448676867376504,0.7907113280070837,0.029637614914600867,98.1638205911662
0.998734686329953,0.40390718333356646,0.20082093060291442,0.06504227058131726,41.913963254221244
0.9996375284800919,1.090416143240399,0.910963526772633,0.06323494519855666,255.87017798173434
0.9988206356701169,0.9530955453237919,0.16643300576396136,0.0386002477105989,54.514144203488115
0.9947209374242988,0.560659864703676,0.3001523158268339,0.024797660097703594,61.464082065828904
1.0025641443599067,0.9429524890624101,0.6705319227238937,0.023480911643857353,174.664376825465
0.9957423090239329,0.8790139697767247,0.40109953962735945,0.09074347892823512,120.49473985976374
1.000746343452401,0.5083310499760897,0.33407516893685557,0.02983662265764212,67.35748668529692
1.003602206871178,0.7818344844702043,0.22449461485337566,0.025997632688112945,59.826645722406624
0.9999515600562825,1.047901801660389,0.7207908716138415,0.08540866255842429,211.15233147812654
1.0004925160307205,1.0776477920308023,0.47892076955785223,0.08071548669137772,153.85913242865286
0.9989986643356475,0.7939815756046613,0.012826434574619967,0.03419156674950103,17.03587246565462
1.0024581546966855,0.7449474375392313,0.2208244540697721,0.08901867376707213,73.56106892279286
1.0003692792160654,0.6186350138121782,0.036353396925629,0.04226661613923867,19.043102335350113
0.9994097604395469,0.7513162870380872,0.784210454390362,0.09260755124264211,192.49679140738277
0.9987214284468003,0.5591379630512042,0.32385806373700055,0.03786082609137474,69.69596681951697
0.998338184446429,0.8131435244274172,0.17742029405932963,0.053586248071418666,56.147179782989554
0.9977919389006131,0.31143976018982944,0.06546307137533741,0.04030214085492977,13.3358702429789
1.000096748402792,0.31629588606239695,0.29618788914665556,0.023005783476665594,46.16450334280859
0.9991572896308528,0.5377261613730693,0.418551444014742,0.08680340431429383,94.4579535708038
0.9975483849297537,0.23261424240467057,0.6628035114266088,0.07066838757357238,87.84271037237414
0.9961480191181108,1.017199434108876,0.8282025390139779,0.09281826517806042,234.35490348365937
1.0012464614034737,0.9919412501964004,0.0402756581697712,0.07300042599133251,47.16927812407994
0.9980821394735063,1.0604766752435546,0.5844058342142057,0.022045418875732664,161.61656719329764
1.0001291975816622,0.643903230112062,0.47679990459012167,0.04796622091645637,108.86558046272455
0.9977631880415122,0.8137577217277256,0.06818646543019989,0.037434491039628495,26.754975652930852
1.0033105940189873,1.092766583191768,0.9555381532120135,0.0369228226164858,261.6654609616395
0.9973604540352135,1.0084591431405938,0.7818643731615684,0.08678304173746015,221.32608128251132
0.9971426610947876,1.0037766806364052,0.44079501706897106,0.023597236555506607,120.85767538470691
0.9994246530536495,0.7827927161084567,0.10155349353145025,0.057853331957286494,40.361149251137476
0.9962837492782056,0.5659287526597881,0.638859453845578,0.040392267049096764,130.00638641679632
0.9964223543574681,0.531315667274856,0.33232318287968443,0.09931600294642766,79.00668831091292
0.9999676809495603,0.8772023171125605,0.08313883499242586,0.04033204777721977,33.62606196762994
1.0026899639452511,0.4323302766906311,0.5213564238327308,0.09100372337827027,102.31042286170805
0.9978999364046227,0.8757439158695215,0.7614527729548394,0.04269863845876323,191.8518849032498
1.000859375165274,0.30851659126161807,0.04672475487699451,0.06463802866202857,15.643083155280578
0.99961724392986,0.7659530815899434,0.8349589033614057,0.052240330643757535,197.4259092800245
1.0012335252631752,0.8772788429880909,0.8774570394668935,0.08967291355942089,228.70913683316115
1.0007652346247655,1.0621254916017075,0.2250121679063251,0.07576979750213154,87.97854119156409
0.9994979517324077,0.45741067244706207,0.23031688912009476,0.03132875200827538,45.280200941397766
1.0016549622996915,0.722734582340856,0.5750843813868669,0.059556795816845684,139.6716079796908
0.999976090684329,0.8047535731378421,0.6173029668892276,0.044152122732154374,153.25139139633103
0.9974182276291917,0.5662385683003095,0.7191629178141494,0.07986402464754364,152.04393639486625
0.9973924068133659,0.6109472114703596,0.6341519817356754,0.05360096704761906,136.86874633840557
0.9991717008199149,0.5335185585455636,0.6825629521539398,0.07209602252172925,140.06298252179124
1.0014664038382686,0.6799185865343897,0.5879778896004192,0.038490895020037136,133.96462660959997
0.9964620113637308,0.6073151979683261,0.7682817178788542,0.05467870052623032,162.31523506434235
0.9981274114954162,0.8634324569749907,0.5193677027524124,0.022045018946874054,130.31572517084265
0.9981522300781435,0.8343850594942159,0.8920228023422592,0.060145105192906126,219.4882165574024
0.9951006071906722,0.20877629742119702,0.04307454218361772,0.08226196037058194,10.132572439243802
0.9980809975733458,0.848476753671431,0.4026118332644568,0.04577646556402448,107.68260223883834
1.0020949463699627,0.24799977781385074,0.37773903801639847,0.02997213557335312,52.53104989854057
0.9987837562762133,1.0919007868649286,0.5795262634258029,0.020544485372833633,162.35038805369464
1.0023426891890443,0.4997696300854349,0.895546949243926,0.07509721322858479,174.22583424045106
0.9997398979601431,0.6623077951779454,0.5038060099699978,0.039481910467707076,114.39598201058584
1.0031976188907143,0.7105878635466907,0.2662288950346408,0.026646837092779478,65.84834222510432
1.0019102281342858,0.9296147137752611,0.873296037790192,0.054745786890124465,227.5626410076173
0.9975578308169769,0.9829447704735712,0.18466152508289974,0.05313021609161167,64.65210841071115
0.9982378940569056,0.5311401369400205,0.1562498107710857,0.05613180558716223,39.60708675269143
0.9970376416297203,0.8292136065344808,0.1278391727994249,0.08998723144151446,57.69687290478606
1.0009018795877045,0.2889729395811077,0.7881887838001388,0.05367281598803626,115.11740433774219
1.000330781727594,0.3006749669462713,0.34926568183970275,0.09609969930200317,59.69630788871376
0.9992765643149744,0.9605902357631195,0.4745548315638168,0.09804696031137027,147.6158239053076
1.0001427215106933,0.44116193363418515,0.5270518185516632,0.0558895460721163,98.9176946742408
1.0040737847603014,0.2900819004522359,0.3734001357808201,0.036573830575485994,57.606753634526626
1.001977123901253,0.8347030997199902,0.9989792948687461,0.06354743771179007,244.24304157650042
0.9966957969849719,0.22331016212238256,0.5595827726970752,0.035367437864383275,70.70878309626056
0.9984588965067863,0.5907382255005089,0.36101740896110246,0.06421410711905592,83.81203338785383
1.0010898240957569,0.34866301613825634,0.7739703563808041,0.07369049195790228,126.74542965696264
0.9990660796296972,0.7859564622818747,0.9804285216116688,0.061232348769260744,232.49412563243666
0.998492889503759,0.5799590127708987,0.45882617074233367,0.03999768637787412,97.6831248724672
0.9946799076688757,0.8834132839700588,0.35921772411349395,0.04443679611192903,98.1083636678394
0.997493956926834,1.0678164625912638,0.40340875090326184,0.05540540918868579,124.96315810420236
1.0035483660013806,0.7001607803722603,0.14612779706816217,0.021519586070499058,38.44127006224346
1.0005596940764416,0.20224846497596477,0.793888746017169,0.06673007331418293,97.59973562272944
0.9974886770422786,0.3908077226561248,0.44209256586005885,0.0798065913092946,81.21914601510196
1.0010089224391492,0.7379282841097212,0.7001133034652328,0.020840575517472395,160.14360900122037
1.000039411584319,1.0181336473302376,0.5816187330622136,0.030188593856126104,160.15705253324722
1.0005530910604825,0.5915331124270283,0.12007693128241925,0.09404547564530635,45.88759260422421
0.9987316287368988,1.0544989665537945,0.34646836994890107,0.043065226597898465,106.0769326933372
1.0026358322631408,0.43273195614145105,0.3673732728103078,0.05925714646517591,72.41674071906436
0.9977836908970878,0.2864761604497304,0.5340522397580689,0.038740385831693154,77.48554077536534
1.003299711061708,0.26166859623490657,0.1317459716720934,0.0642940112650148,24.99682309105981
0.9985188807873425,0.5756262272204977,0.9684704244346716,0.08503021314760395,200.37442663791077
1.0004855724248427,0.7196815985969789,0.3131118481545393,0.055179418587795195,82.20801917825622
0.9990873354380866,0.7509786895514918,0.19561371292848573,0.07063990377757902,62.08467069975654
0.999800696334869,0.9412097918056941,0.21045156550643065,0.08510840741683506,80.76864244812623
0.9988780615288099,0.5035193052044699,0.011053687527214525,0.041414186042261256,12.913929156247036
0.9982401389381445,0.2029522272038545,0.9525083174211075,0.039937420705492596,113.55277691418672
1.0006010167897539,0.7431319279702069,0.6890892239048779,0.07436329070504868,168.69094920612076
0.9968557810251346,0.7129528401424805,0.09203313850079062,0.05787339610892647,34.72554857419385
0.9965860142787096,0.3279416547956492,0.8385711560458198,0.02763237844851413,126.27283949017306
1.0018019084424488,0.7065575176206276,0.6906883563724767,0.08323601048675619,166.78363522058146
0.9985078381614839,0.6117338677727984,0.6911550338783552,0.02370173431007549,144.09481470693794
0.996644447167573,0.8248203240428909,0.18088436812407885,0.051171365554818285,55.87785767329069
1.0013760798632232,1.0849215142103092,0.1749733031925988,0.05716276151746923,69.52769171114693
0.9996869401298943,0.250138826700989,0.9974355564501989,0.08661601537445526,135.7353880589277
0.9975631957429167,0.5352921003912157,0.025663531856299326,0.09922019317926041,32.61824728682643
0.9958771084569501,0.9721756966194801,0.48446178031366705,0.032731838925312486,131.98945348045123
1.0037977551652524,0.48459547972106276,0.580268783343829,0.09339650008580604,120.02194438361988
0.9977335067292513,0.4604754934453826,0.29097414477824496,0.07859424686290976,62.73017890620389
1.000824413328428,0.2614773096411686,0.053355758727190825,0.038530045746747836,11.275114458532755
1.0002477512058712,0.9231841626226103,0.3874146309036887,0.09465185654077554,123.61730260112574
0.9966135020198226,0.4544495713172706,0.3261399026566641,0.03404839047764793,61.30413372079653
1.000743295052581,0.6007642601243202,0.4186874106115166,0.03501369665368282,91.43499273637576
0.9999894965145046,0.3346222208642243,0.1560444724650996,0.0324412872945959,27.32979697229473
0.99820079557221,0.2654023781601811,0.660858024838926,0.09889963036478107,96.15333453053421
0.9991173163656447,1.065260796576276,0.8382065856538647,0.03561488515846953,228.90877155038214
0.9993483816535689,0.527759930550432,0.7468908980245289,0.05379091570999209,148.29042578351778
1.0013598730557263,0.5063196110803538,0.3171595477603961,0.08945716446953014,74.36668693720873
1.0015117877431958,0.4524179005581697,0.4299687604478817,0.08800406365682202,88.54410493945221
0.9999963223888892,0.34291552513102275,0.8571190759983549,0.07788394803316913,137.91746004376438
0.9967914906621306,0.45528196282452277,0.6148906824515885,0.0969561346223217,119.74272734483674
1.0061995824681322,0.4082924508551651,0.8271640593216181,0.08676323952556939,148.73299935156035
0.9994490132486971,0.20467764011902936,0.5528075672566908,0.08630951932757215,70.76563636993541
0.997824306991533,0.9501188907938463,0.8073170618433473,0.09844059508271767,222.9740838229909
1.0031675088573073,0.5300160841352217,0.6533351297841548,0.060804002519712685,133.70588320509614
0.9987389602485864,1.0336937778909667,0.10406450678638753,0.025778154364359145,36.474322086861775
0.9994151407700251,0.7182503244667586,0.4334939583911233,0.09977039671223846,117.15180285936799
1.0002812848208948,0.513548715129656,0.4088000227184091,0.06289075251018213,86.76322658702406
1.002582289783021,0.8006577358047355,0.5318304720849926,0.04067564800284376,133.8363564215964
1.0026646720331838,0.7899882643422662,0.7605437777421153,0.08357977175125929,191.81749436243348
1.001575532001356,0.39045133253867004,0.8241405522099894,0.041895295519926885,138.98433235837706
1.0008140256116846,0.20878182181938432,0.7107918319086132,0.08634748185133231,90.76092698599541
1.0019356158299444,0.6418289153224579,0.8297655686736282,0.029633251416347192,177.11839101503108
1.0006327523452339,0.35622149578285917,0.6263188028609965,0.05100767061965202,103.15959318732172
0.9990198687229968,0.9503885049428673,0.25355304256751665,0.033372842928386125,74.44742039824524
0.9954682061509964,0.8728181785585387,0.48453936183281604,0.09416967380040554,139.5870943208099
0.997345790415857,0.7140571305950281,0.262909346205619,0.042426405692307496,66.93977471936142
1.0038390197116869,1.0840388497403337,0.9763603504230338,0.06966336871272664,273.1951466380372
0.9997840002658672,0.8748191589144263,0.5901554383848129,0.03866207069130774,152.44191612750518
0.9972181310731594,0.983826640942574,0.5326139816230234,0.04088902590860652,147.36994633236185
0.9978284774619508,1.0331253883416092,0.03995683474253475,0.05329046719555304,35.070177247081006
1.0008091343836552,0.49047999266666353,0.20586352667886462,0.0768867527973226,50.99818631319505
0.9997412556337122,0.6273277378823354,0.6319476310728283,0.06721404986356545,141.6400593243501
0.9995136642495432,0.7812612487719268,0.5120146780527203,0.04261692342301214,127.34949243401019
1.0005998507609009,0.7949627445041063,0.8215760451565397,0.0674245779400732,201.35632237306515
0.9972431160710672,0.33947802810370864,0.6017111105657609,0.05036797776119532,95.83974935152929
1.0014157742061325,0.37815616760870496,0.16937879203508452,0.04548754575275615,33.63175774643656
0.9977621466649763,0.8261415246963928,0.5868449802161705,0.031009039695015027,144.5459017735493
1.0003566248046416,0.377042355911708,0.08703372935359054,0.0315687147786787,18.395269461762723
0.9979244214080576,1.033559121382276,0.22423330983071862,0.03182185848539523,69.57278161228163
0.999916903164267,1.0356804911318267,0.5238890687885174,0.07493540374656245,159.3271021456983
0.9950920252525123,0.294019583846377,0.21716638675362507,0.06775784562939498,35.82312262336427
1.001830267606995,0.46446675938726056,0.21260910009120482,0.07812673971293616,51.10953141417633
0.9976643506078532,0.6491387784546123,0.11426588013531615,0.04841919751516459,34.46954616080791
0.9988254802475451,0.897843869741892,0.5952035477602946,0.07884331497945414,164.85335963054985
1.000445330267239,0.46789789262731296,0.9469181780818223,0.0555501906144895,173.80951860332206
1.0001023917345127,0.7680969385389882,0.17358070647346666,0.048005978335131275,52.456628750943935
0.9974622965513537,0.5661338801138864,0.4801716430615679,0.061340588619031355,103.84371674442548
1.0001034717545543,0.6164595215518264,0.45774771565137345,0.09113578847429513,110.78490823278293
0.9990038344721665,0.22884471580117655,0.9396073499150045,0.06300561759129811,120.90793055112545
1.0013200278864574,0.7575185637803805,0.5870541405344986,0.051330880770384224,143.85655665046886
1.0024394073088905,0.8085710245133486,0.6543858780023366,0.05525412754137317,165.2135423102095
1.0000793212153516,0.8838440332682798,0.25199775729264273,0.05146289424759659,76.58913914434419
0.9969126021087931,0.6568282739009486,0.7936873083619784,0.061660973994735524,175.38153023048054
0.9997962247407504,0.7529238452255633,0.42323552362811306,0.07093292574550829,111.78833616096784
0.9995046586801745,0.6888123429427339,0.6189055780180196,0.042766353198862156,141.36249182767682
0.9974611881919917,0.3999013323330177,0.08031352480226642,0.09664373000394187,28.026232105786278
0.9984785898154934,0.7930523264796716,0.030915889814579378,0.03364034930995963,18.12114210757909
0.9987442295370175,0.7423727288462012,0.4374589228704111,0.029618164552490188,104.50392716439728
0.9996406026294143,1.0733619368461906,0.1786108572002766,0.09619758607767581,85.55572802877174
1.0006781866958452,0.9987603808405487,0.8239719552607097,0.03276935767742545,218.36052350865066
0.9962860271084735,0.24423019262450107,0.0368615344332349,0.09983861691737109,14.207046109482121
0.9989968119676516,0.3330354272093716,0.06612219230739612,0.05580743203106478,16.737903630709923
1.0013643156365615,0.693913957420085,0.557822938790156,0.09919568727698179,140.88596659709924
0.9954232483580822,0.5369374099603608,0.8088409248211768,0.06066643888807334,160.68783264200806
1.0018501100823411,0.6444027480793121,0.2043218143804817,0.083195083955912,62.058395682697494
1.0011655201534522,0.8163094970366187,0.12368259370644741,0.05242482614027881,45.23868131478929
0.9994245969617633,0.956898803373077,0.7146330669830816,0.06319602894794336,194.8441847534602
0.998540004931961,0.883247924600892,0.5600955262634513,0.04368705337874088,146.95565789660492
1.0023520455669515,1.0025651272525902,0.0580677944511766,0.026368468678174804,26.208293830827927
1.0026365924562666,0.8368695478220209,0.9645064658267843,0.03414028830464051,232.261675224799
1.0029338682125661,0.7245321330818921,0.015731255771408468,0.09651386016484485,46.47961955806977
1.000494113343721,0.6960529419970405,0.22949344767551336,0.054364729608669324,62.73998497503618
0.9961163873616451,0.4666028615155735,0.7156355657766363,0.08450924757833139,136.73703881053586
0.9984370934677325,0.5033604069801147,0.31851055197225026,0.08295241386949775,72.07039480381536
0.9979017285411623,0.3191223287895382,0.5075728545177995,0.0618340036551876,80.31013803920848
0.9986432452716564,0.5332522092798435,0.12569242341600598,0.020984524898939653,27.389975651419206
1.001234103392961,0.694792175323949,0.12697509474762675,0.03377604604519491,36.326005410685696
1.0008001698594318,0.7361432170688029,0.54397019239719,0.05432747198243884,132.814972615972
1.0034616932606792,0.4017333651684636,0.8827540392340799,0.06044170416602765,153.01721957262498
0.9994681184454116,0.2210900114286669,0.36799698198153413,0.06393246427219876,49.694126192383806
0.9995413604332782,0.8656995747376288,0.09266341334499412,0.0831148624543955,51.756360874858444
1.0010215908415825,0.20013771774738015,0.640516766855127,0.06963096617389324,79.85739656535145
1.002063572427359,0.9730177158371676,0.6910378556648621,0.03729178751890325,185.75412543897193
0.9969821348701166,1.0143466964273453,0.9654733585469798,0.06270756438303654,258.12366910919206
1.0012572306161938,0.5086375737386879,0.5955496387821345,0.02335088915069803,114.74292042904477
0.9978702807633161,0.40799537982354006,0.7067352562797962,0.02678051275338408,120.041217567285
0.9988756523792626,0.28752381734349775,0.3719774827902235,0.03763415409911192,55.47555950905871
0.9996787287352195,0.3596583817618997,0.38170742640891875,0.03853030851545683,64.37895082426695
1.0013097685612942,0.4766347934128516,0.20740890241215387,0.07781614969778171,50.69854000980649
1.003293553800794,0.3383659081926204,0.6773127271125597,0.05199561111014736,109.10417930792755
0.9990540804996546,0.7508017854719824,0.2742119195217963,0.03601358596727168,70.46458970461617
1.001682746760242,0.6578449884756314,0.05885605213789617,0.029514907280029635,20.54052435444254
1.0017416082982773,0.7665567209865665,0.4937286417709232,0.038048464973609974,121.68034656272124
1.0004951790116614,0.8269075917303765,0.24556712121332208,0.04222115603856807,69.81572651473869
0.9973810568120175,0.7794006701360734,0.23697356609425235,0.051990341126693485,67.06684395218758
0.9999958401403078,0.48376723404556327,0.7545796619658559,0.06779682028683612,145.360704255043
0.9937764646449642,0.4561652637783724,0.2299165478190877,0.0854935332483315,51.478531298161556
1.0005301321465712,1.0891472109508331,0.5428748365587248,0.02254728297028852,153.28352197583519
0.9992799509801248,0.21020978754148556,0.9242917885333256,0.039937869909510856,112.8318749471926
0.9967484805750159,1.007620647224498,0.8956116572212296,0.04453568314391815,237.35831805469167
0.9979387472452459,0.4646155396155088,0.5134249722363021,0.04129599704296254,96.58280142325884
0.9972076513501981,0.5648737173797977,0.7743817155401593,0.07356379987871862,160.76336906682735
0.998310769076789,0.9927495890630138,0.8141049355314177,0.07888333983212305,225.40948180479904
1.0015369200453386,0.7911458649507328,0.5696808109984094,0.048093780614150095,142.6674510447861
1.0003738069797652,0.6031178483610858,0.04919366198075415,0.04453865021257897,21.208479806091987
1.000430041507321,0.5799620766442268,0.4945912501370782,0.09720180876807064,115.22663480532589
0.9974659812279763,0.32630286565744115,0.1289755531761519,0.03666953793463139,22.501770624677533
1.0026392512402338,0.8537128879525522,0.5444341258329185,0.03186930202517305,139.2069010906498
0.999753339351762,0.6640578453847237,0.5354012837596546,0.07267115618497053,127.23560447565222
0.9994330201101603,0.9153491127655828,0.80505058597525,0.06810038935158456,211.77119347119557
0.9992205922749248,0.43108002757655284,0.6558061848888592,0.08601649600056811,122.43105787828642
0.9998835973535818,0.8529926034885789,0.3782649819096318,0.023963359174636684,97.55049677827333
1.0015299615467859,0.3342015025090356,0.7526313070031035,0.03735760190840564,117.67183586576846
0.9990496634669445,0.3076912385300698,0.12515104156265153,0.05817456936838199,24.172761682536816
0.9986371316870765,0.2698634192870081,0.10031227772919772,0.048085228261393144,17.76119915022622
1.0004808637105929,0.32544088234137547,0.8361713942079223,0.08112606987614183,131.69126560902646
0.9959670757756759,0.6025111680049415,0.9158260724233332,0.04919822176193078,188.71257371888157
0.9978761634742335,0.9552469501419838,0.0566998535861666,0.02508408808358893,22.6076434264034
0.9990501351367812,0.8904008672871639,0.5251874425466931,0.07492677276700313,146.97713958774233
1.0014988886718805,0.36677824559885075,0.5888154677145083,0.03389207425567596,97.28492576858406
1.0028673768689227,0.952120825872617,0.9174438133316987,0.05018066804852307,239.32579361416123
0.9991519041231581,0.46455367979672707,0.851731567861648,0.0354544988542346,154.66963354691478
0.9995526599121232,0.39407836238703897,0.715855574236762,0.09610555567015759,127.56383111853665
0.9990035196269706,0.25331908960662214,0.5280621755281891,0.09570030203762457,76.71010273240393
0.9960959896125076,1.0415286537575241,0.6297252724436607,0.034115379191042676,173.97986785881207
0.9982992472659773,0.3255676961229639,0.6488286265195982,0.045957790396609244,100.42337423434248
1.0001763678181352,0.782048657986856,0.45142271700964853,0.08044242584134015,122.60325733476873
0.9988117948345904,0.32955323658444347,0.36347973290645524,0.09703590840959136,64.5335343229035
0.9959600037715297,1.084219584627095,0.4701835677708646,0.08513973690711912,151.7405244523419
1.0006161630108195,0.6967175503760251,0.3773228986725699,0.08582668339694904,101.07072301006241
1.0002191261533104,1.039852525760949,0.2956231136662789,0.06812367309075162,100.85115134400849
1.0001937187744074,0.8669230711445091,0.5254863538452079,0.08955759026367775,149.06600850037927
0.9963433946826529,0.7109891043806158,0.1310834642243612,0.025125527453728633,33.69789663729324
0.999273794139219,0.7650193796822811,0.809120846741325,0.06961403832409373,195.26737359242685
0.9981519052293122,0.5907635803380964,0.26297760684116533,0.07174967661813422,66.23623321835981
1.00288248998618,0.6114048904365645,0.23973957344606864,0.05407000291983172,61.013918268028135
1.0003953704937638,0.4836122471329996,0.888284896171301,0.05302855622227562,166.35507943978658
1.002900802259505,0.4028772168175717,0.7469731671325142,0.07063290337068938,132.68216366852943
0.9993961692937672,0.43053877147026204,0.12125208889084127,0.09332495093551012,35.83948932238201
1.0004629369686018,1.0640648700845845,0.12695060298500416,0.0907379750635767,71.91539235391662
0.9985252063303308,0.8220615972990641,0.6703443284324672,0.03161899333168938,163.80067646417777
0.9973028140615849,0.5596004433881032,0.4840846992720445,0.06240317870556358,104.06727775324526
1.0006131661872386,0.5253431691167413,0.01755830726278362,0.030400070025919004,11.235577828099963
0.9995166305439919,0.26236236330165835,0.2936764550178144,0.04836219553211569,43.39393395279069
0.9963186920255565,1.0225220630181637,0.504281995326365,0.07249803773718415,151.5808307329786
1.001454816401207,0.32480875626235867,0.6688354309017172,0.08479876088503407,108.04839510760524
1.0001345593770106,0.9534572072803256,0.26068532884522977,0.05269605239697252,82.77327144992012
0.9987729235924788,1.0678989924623674,0.9776013400773047,0.06191979320901228,268.03514718817746
1.002049923348331,0.4703457754114508,0.6956921585392768,0.0933558291286866,136.7957217994002
1.0018896352545472,0.4246465095876629,0.189232546398378,0.09693827819704832,47.57871535611412
1.0007945779807903,0.716364470946375,0.15977810451318947,0.06613585172117162,52.37635007539552
0.9997535406752548,0.4756382104133583,0.41519837318455594,0.09741020761231876,89.18084378312528
1.0015179177040274,0.5503092979343882,0.9775736973519717,0.021920197511827926,190.41243415286732
0.998600945790936,0.8413251314935435,0.38307853897315297,0.07024332013766671,109.0444414184771
0.9997085627026482,0.4032135049412917,0.9292469622332593,0.09550847730583335,162.8103359058568
0.9980353048855348,0.7050054586380179,0.1957833508334978,0.06631326866061796,58.125531724432165
1.0029814681915656,0.2898561520304683,0.14294208181551846,0.08828397081290983,30.654296005659603
1.0023194086555667,0.5324533609855782,0.5368545821948736,0.04012918320592978,109.41487886051789
0.9991980175496831,0.9586755052617852,0.3115289590894714,0.0664198094259497,99.20956912916745
0.9963790460791906,0.5751266621807228,0.8840380342371932,0.03621860070593452,177.2098106280522
0.9995243053494671,0.47840809342761215,0.7394785083713294,0.02198437634283363,135.98043605834283
0.9971193935374445,0.4870894872157552,0.41222450673219535,0.028314302028554568,78.68462145215625
0.9975871396348288,0.548975190654523,0.35008882099211297,0.040128323120886045,73.8747277850054
1.0004141415905365,0.9149272682894944,0.6185432453876027,0.022542409120351464,158.9009047599517
1.003851832308355,0.9488236563799486,0.630284955634345,0.07594715882473285,178.85246285697758
1.0017376028389162,0.45977876208864077,0.46991365809377394,0.0715916133420488,93.98580861027244
1.000144379917137,0.7026541805349213,0.8251796624482038,0.06427223405787859,189.41018334872658
0.9961205952579847,0.8719234044556903,0.7880336642710648,0.04040024308781675,196.63040418898635
0.9965073354053842,0.89580501451316,0.39931962567843626,0.07250701233056908,116.54408646778262
1.000888735043306,0.8115761972346447,0.8722800541500659,0.08085529819632517,216.88794234750367
1.0007042316015387,0.5594509485150501,0.8355612470824634,0.08766152976641808,174.28581598081584
0.9996136325653985,0.6130395473552758,0.9925011650447095,0.03674947764345543,204.47102795045035
0.9970034705545074,0.5407197985174386,0.05156294033497091,0.04540688222111364,18.44491031259514
0.9972843489534391,0.34380406859490215,0.8957345690775718,0.02821984280405049,138.1667636814518
0.9995323101733035,0.7626667451313434,0.2082714828112968,0.09184215902528575,71.77855899393893
0.9971536691242118,0.6428253751588623,0.22743546092732347,0.05580698115352116,58.52218934183037
1.0011821567661972,1.0367096587543654,0.880314141064691,0.07713682864243426,246.18660531327802
1.007142012185302,0.45170042267317645,0.4216725068738207,0.03850959765432609,82.10214767601417
1.0029599223673167,1.0486785223999722,0.4222628949072397,0.08926843968221795,140.74030035119932
0.9930584783626998,0.4087453519665182,0.3980400864703492,0.09963749141970246,77.011341908036
0.9994968015805,0.8296728266961155,0.17033721386738057,0.05827942100617055,57.17562409415149
0.9974237438273424,0.3509865395465457,0.5730273814462093,0.054356524129408196,93.51560764763576
1.0018804822704965,0.43339950079254325,0.6205020529242843,0.04813844861649645,113.33019920316849
1.0002107887719751,0.3902959676438088,0.9135582574027598,0.06113152205849584,154.58467282479523
0.9990729264437861,0.7502810515220768,0.2720244284790088,0.04463047987668679,72.06608553167814
0.9994210159366708,0.6765112332920755,0.2900366303193009,0.0676617110884786,77.04373467703437
0.9972613513554641,0.6794109709489634,0.09842817118862021,0.09818743158843374,47.210256213683635
0.9989155010964421,0.9355586489400165,0.637968866459872,0.07920838186364752,177.95738428244886
0.9993798042449433,0.9003850909036288,0.8477477157812426,0.02512120995301978,210.91073426009046
1.002054129476037,0.8358556879536652,0.21688684676024547,0.07450744308794892,73.844232636112
0.995169433019817,0.9957731605874287,0.3821996820697668,0.024335477356871502,104.98725491428735
0.9995679771999663,0.5963927087463479,0.9146902164455794,0.025653708591496203,185.5744403498464
0.9957474178133886,1.0085509427120833,0.9661216012520898,0.09026969134725378,263.8689474818525
1.001730608953779,0.2421311086934635,0.2609599531847814,0.04472302414163732,37.85141238370903
0.9972805356158598,0.8871425586694153,0.2676451592722007,0.07016310593561183,84.96005138735626
1.0028232222566908,1.020480541968716,0.8145361009930178,0.03237698420118429,219.07000435550052
0.9982439007652334,0.3675435127137473,0.7444053191395867,0.04880601280312524,122.04543928241793
1.0002268734587447,1.0381293102583584,0.59994707416317,0.04886149028450165,171.48338571590745
0.9994942840709159,0.9807399586850551,0.22801104933269742,0.08907154405651468,88.27449524359162
1.0020887765702062,0.40060872140914183,0.7231226417457733,0.06618438437398386,127.402828770275
0.997277766019868,1.0377061619427146,0.28449208442218027,0.0579090768754761,93.80909796277786
0.9996572120667084,0.2719124340840151,0.8556935925947501,0.09499197198192973,123.83893106890156
1.001095148625887,0.33749678456685617,0.9387420683156846,0.07795349871830178,149.06063115365498
0.9989248305051921,1.016280896870857,0.33316664826481907,0.035037208194742,98.06023943599536
1.0013815673219213,0.31686604971627624,0.5360950629280412,0.09318742450931995,88.37872282298582
0.998722504882802,1.0127252262462956,0.22449745194091092,0.05367121444479318,76.457476092246
1.0005593592686668,0.49642712430135727,0.551053173587285,0.024115431051473762,104.92605656921114
1.0025525741018424,0.8354250535770849,0.4394278846951817,0.04559252205949932,116.55754947283987
0.9993506723028053,0.3515099761604147,0.342586160334296,0.02962087470956293,56.33826205007665
0.9981214673165594,1.0791427223778216,0.8883931168257853,0.0893739640631965,254.23185420690595
1.000262855856581,0.6186272350654957,0.7020270629089351,0.056228936850083816,152.661450423784
0.9951465470633035,0.9512085698281942,0.0858905398045466,0.09531250388549194,58.310376377484886
0.9976405063354495,0.7816795469570263,0.2684616837237601,0.08043527806830694,81.78067339780881
0.9945618540192892,0.5831017916690657,0.6227209041447107,0.06666545457021472,132.63218391488442
1.0025238222458128,0.7350569304514154,0.13168755173760938,0.06631012019353187,48.38814802214296
0.9982605363519689,0.9408755243356419,0.3576834469539995,0.027668214891907683,97.9879330289142
1.0034665402071314,0.4524849776706084,0.6513207047401061,0.07299925524318335,124.64241113067294
1.001558667600297,0.5344075570946967,0.9966551290318978,0.02028828470880721,190.94589341738816
0.9995397752306486,0.24506964036348225,0.646110153098055,0.028100178015470982,85.63223198918183
1.0000662048702267,0.7315526024126757,0.8740866578251097,0.055539433359685,202.18226197453328
1.001002605808586,0.883524597616395,0.3027929425555262,0.08911252196171633,99.75043854353282
0.9999984297452649,0.9514467961311546,0.7292218588244198,0.048684473520427374,194.32424558140076
0.9982094570988117,1.0389085757465268,0.5497688871954652,0.02114004562925807,150.67072305306027
1.0010915603890433,0.5898980120759829,0.07594314899903756,0.06091258893382062,30.01951135865977
0.9995334980523359,0.3372011683774043,0.2336589924600796,0.06470670077713993,42.72714305498033
0.9957138573728725,0.3177858397455576,0.23419266587075646,0.09267229112947588,43.00422486023632
1.0017457180309788,0.9428736381815859,0.07445738046603396,0.08528220484614982,55.11305898351998
1.0009356422783313,0.40911833184393614,0.3530504679290628,0.07025865284826852,68.64722711412736
0.9975803071382248,0.6214444959846375,0.5595402070198615,0.03073377470023793,119.66302369174286
1.00210381473912,0.3228548465294122,0.1940956122449035,0.022753107976813815,32.1485032578625
1.000258900545263,0.2453040404178624,0.9855959766425668,0.051770129503593526,130.57850791550464
0.998110486695392,0.5580368070058215,0.2555200165697706,0.08457579422477532,65.03353122938358
0.9975428328125231,0.23431478932762276,0.7876642221793642,0.06154944403066044,102.95904076411449
0.9995441997956482,0.31997495780084106,0.3146426759609672,0.053013491640247615,51.899125555762396
0.9971978611600678,0.6195300940235955,0.6936597634850158,0.07596706824680173,153.5085125684809
1.001037790497627,0.8503147441978174,0.9186064372679986,0.054326447057615704,227.0040525513355
0.9942747182821763,0.47873989294148694,0.0466434829138202,0.08174759217240941,23.304584896722986
0.9995868173889374,0.7710817750328631,0.9406274466293464,0.06569781088438063,222.43792513963606
0.9976665162141323,0.3324031502570294,0.16494084659411748,0.03801515754755279,28.367144127494498
1.0021572225640487,1.0597249869132315,0.8008348516845787,0.02264371197319286,217.47584683701507
1.000824098544106,0.488252494146263,0.03492039349980511,0.07476659235380398,24.642293690652195
0.9994370759451202,0.8461885634921464,0.33421778922651635,0.045979960334385304,92.0278413143779
0.9966691697355614,0.8870953704198286,0.5428012343700162,0.027184872355238313,138.19081099792447
1.0010647493817983,0.5984424315074064,0.5568996809977574,0.026018013928275085,117.06652486377283
1.0039769187566197,0.6986013345229392,0.34801558275088446,0.07796798755911281,94.4734129763865
0.9991353968918314,0.6520145102181354,0.14685846889677875,0.030630056239888043,37.5862327132599
0.9983052075225544,0.45762989221337075,0.02558870059450981,0.08974489409281508,25.453311158062547
1.0022389515222807,0.8385348543129065,0.9012316701759188,0.028960163092362236,217.06445371167655
0.9995411208757012,0.7676163094906141,0.038107661984035174,0.07027024041831871,34.83292839060687
0.999205902260113,0.520136944300993,0.755140783028119,0.046247895177271986,147.46260712424862
0.9981312145200775,0.880222411607094,0.2823260839478078,0.04734059649146645,81.71334262874973
0.9988745810005315,0.37017323686311243,0.7938627193119888,0.024852827087912123,127.96137270127662
0.9981754962355733,0.7394525596971702,0.10975913073534604,0.0472503946973028,36.61793566437518
0.9979626310838227,0.31428878947025723,0.6934465111685174,0.04433308789009241,104.79489849094006
1.0006700858571238,1.056687894787505,0.8972294672196212,0.028981676642245074,241.10285590200576
0.9991269969510397,0.8361240192846984,0.5147607299553911,0.07317940715316516,139.54822640632108
1.0010850212474072,1.051896845402465,0.7165959125334814,0.02839197097030585,196.91673016977566
0.9972964336901272,0.9591543285545545,0.7738876084467592,0.07736963109210658,210.74021156305963
0.999200543761475,1.0340564526922356,0.10204989659038013,0.023800430176188377,35.461118685856206
1.0006283014606723,0.6656272478206693,0.5035160532526306,0.05432180705770713,117.83188233443803
1.0001946461329458,1.0070356608647957,0.8827427255609662,0.08345882231724726,243.7649604373654
1.0017966907840004,0.8057761749689147,0.7313971196908624,0.07423925517289189,185.28157433268265
1.0012226253127434,0.576561530352593,0.23575247289577173,0.06587367559420831,59.93000591490102
1.0035499783878379,0.2293376503541442,0.9670513640880053,0.050972716646361896,125.18254576381753
0.9969762577742658,0.7348441871580182,0.9298696320099448,0.03474474878232876,209.2219319850207
0.9992403329998091,0.6977587509940497,0.3141288949763166,0.07744194460726864,85.68154937412379
0.9990208056806091,0.5026274219839724,0.3136191700354037,0.058215599410476035,67.34360592907967
0.9980252657073734,0.777629389179459,0.8153218323277741,0.08512836858763852,200.3059110663472
0.9973331467217952,0.8807847080962339,0.05556850405625711,0.056981323604143125,33.90439104019981
1.0014504872902954,0.31834358448017996,0.78057041032453,0.08684197913850619,122.85822686354243
1.0013957622196645,0.2922914562864961,0.1651958084457133,0.07408784349596773,31.54899706721966
0.9958606316731741,0.2682927161057944,0.13235003117701416,0.08879901763840262,25.02548152081056
0.9996905396296477,1.0905220613605453,0.011236801737738172,0.07873158087068549,54.10245495510924
1.0007684239368855,0.48706788827961994,0.3847838821578042,0.06928722438223213,81.09141476786874
0.9964176720700094,0.9758693272171539,0.5100359201211526,0.06771510965623766,147.79138790140894
0.9971581099297945,0.8926897193684036,0.735897747189849,0.0775105985784419,194.9575692754795
1.0009067114598564,0.6992611162997503,0.025117588854209557,0.05341034083614346,24.970983061170955
0.9998307778498546,0.6635387033013955,0.17208372075923425,0.0824249470361966,56.069444483624636
0.9962780254768513,0.7070123248604394,0.14132248176351758,0.07461587639628935,48.68669978963385
0.9954280542866772,0.25917643796218254,0.47220161223295465,0.07169448648760655,67.27034607957995
1.0030872083237652,0.23954018072286024,0.9908675256323687,0.05291069623014576,130.70090184915233
1.0007920964442547,0.8201737669184856,0.10021154584772705,0.03184528723030191,33.355180318495115
0.9995671702570414,0.4334740342965454,0.9642847659823333,0.08577195485304032,173.67696183475152
0.9999857172843469,1.0620886105786629,0.5241314646127212,0.07621385169654263,161.99937490643612
0.9997936986805893,0.25374858058940897,0.3829949911914694,0.031243993311808847,53.045661170546225
0.9981174842468448,0.22411733550235474,0.8207402348095181,0.04966934756139814,104.06648120575608
0.9992439225819436,1.0913595976521608,0.4119736724732188,0.0724701673625215,135.05579965170256
0.9956412116041895,0.74561714334006,0.5814735462423818,0.028206077983892408,135.11485831296386
0.99863192373197,0.2379867815726321,0.6556968624468462,0.02396058035514077,85.05115464308608
1.000164662945879,0.7956675657752932,0.3115915684960384,0.07062469267225299,90.45014929540531
0.9992848221806785,0.23500011519758307,0.7491433923243961,0.06338044645103039,99.00361018233372
0.9981544935870065,0.6879341359969595,0.8502704940701152,0.021092392610315737,184.8754084189859
0.9986935246520574,0.46157048370904835,0.5737662051079623,0.09187090873427763,113.77665441313582
0.9982013087050812,0.6291203542399173,0.9257447182102082,0.023633916048857912,192.1832045679269
1.0035392081036576,0.7938146408904017,0.42537203260666745,0.06547885469578892,115.44859470450325
1.0003796335668091,0.8167641626024189,0.587482872951024,0.08676695560549118,157.05478122159127
0.998378114623889,0.27153046725452606,0.8240763270315752,0.09070505483641525,118.35540803312978
1.0010773819066603,0.42309851527777265,0.26850533796602527,0.09964221760316107,60.332501193527094
1.0002248689885767,0.23856199562952335,0.550389672063968,0.057936181233559966,74.82940395537742
1.000142940828964,0.39988548702322435,0.06308582562729599,0.08839724868044621,25.59517137804744
1.0011908581062343,0.8377030212548828,0.8896873700808725,0.09828033456456152,228.2954329307013
0.9986455765598568,0.49200084630073093,0.2800404952254192,0.09216565473192745,65.87309741953607
1.000419487488674,0.6516899371861314,0.41094026042347426,0.08959452412716025,104.55501991735287
0.9976276405744713,0.9385818340667109,0.8214332064819135,0.034952163618552134,211.33683614001495
1.0000336554481506,0.3608832680708992,0.659623408247036,0.025456456934561073,106.0890607515538
1.0001573682524239,0.26441338236141154,0.8786231789131796,0.023899717985186485,119.7048627471786
1.0026043463072352,0.37292551537751795,0.8956306043305423,0.05716696590297804,148.8138520183906
1.0004207400414058,0.6666354897041704,0.21864058108680037,0.08687753426355124,66.6398036997287
1.0039505176205705,0.7733744193402876,0.5595483827002626,0.07102523055490678,144.75197475022355
0.9999552479979429,0.45854894775118954,0.04081690913185537,0.07493133970963749,23.204721898564003
0.9996746326611868,0.2393390922823303,0.763730346044588,0.05400055813643882,101.35202508898686
0.9974820375240157,0.9748111383157698,0.9448753411125149,0.04135104000024174,244.24126100773177
0.999486751436302,0.9263220736055415,0.7732140045638287,0.07889369276538181,208.60288908593063
1.0004696400881747,0.6962607327637917,0.12963322221347634,0.0763016755721756,48.321393403724926
0.9980981597712766,0.27053576547205915,0.2514873251155093,0.05654300759671908,38.66929615789098
1.0035570442155273,0.5789051164506978,0.7908581717532511,0.06734658783022084,167.03735424290522
1.000758529265138,1.0831820978409512,0.6076757617691134,0.0326779070288994,172.85517959258593
1.002975119046376,0.39431945243002453,0.8263571607302632,0.061784321153930566,142.7226507305673
1.0028514110534392,0.6541131944626779,0.7056511906384262,0.02686604566629831,153.69288464418298
1.0006131123905877,0.5576211582215106,0.5016429880088357,0.057241959351562,107.44464580438085
1.0004744451000072,0.9492457162648935,0.11772673000799157,0.07141003685007237,55.99987611043326
0.9979949864152993,0.517340137423765,0.8935962744641059,0.08493137495826932,176.72547890193755
0.9985068207254646,0.7608938300813193,0.48198001754257874,0.03711870405326437,117.22745794865472
1.0021494345755841,0.9802713225329369,0.8987667529820434,0.0794160887742463,244.15714408011527
0.996654893188111,0.5736843996292014,0.36149358390574476,0.022584162556232776,74.49935210640922
0.999657128208694,1.0918094057220318,0.6642510768426078,0.07607309910493369,199.5038714134497
0.9984205016671449,0.6719762403060887,0.07506448588187646,0.036917447459581046,24.683114100944124
0.99616534184953,1.0482012727697225,0.5653697963402246,0.03976284374242202,159.65696695227183
1.0029928187594153,0.47428553492013475,0.5210298921534974,0.09031628979448142,107.6098191146092
0.9983077878266989,0.7829434665890718,0.4191597463785598,0.04248146824371983,106.09270939400108
0.999104529986111,0.7175698004907929,0.6545627865196121,0.03640254419103252,150.5550468605881
0.9983954610866326,0.5038814684524535,0.15726784560439563,0.0376544053485331,35.17963044094637
0.9992475433456081,0.6943145193894297,0.72115068821978,0.0308908742755085,160.87881604499682
1.0000593348191764,1.0282074666621734,0.4316790520320597,0.09504096110795378,142.24821168435415
0.998079679753767,0.3862836355551912,0.9414962796243621,0.04337616102620703,155.3934247489438
1.0015618556130212,0.877711963610569,0.6928410191528052,0.020405493276238973,172.7136649266732
0.9989433554561175,0.45647285656092645,0.649239644935033,0.08736967698163442,125.34734201596928
1.0000145095461617,0.44080543472145484,0.46118356064417904,0.02254142972021928,83.21888170887115
0.9951881210582931,0.30249693054732263,0.653805365745733,0.07466188581879254,99.09095112465423
1.0016709502470849,0.4456080566197922,0.9363980740755887,0.0267499219591169,165.22834665540285
0.9987908990535194,0.2534321498140362,0.20439077338620498,0.05053065082865964,30.816736444294577
0.9978319355553271,0.3518930755816844,0.20580511773829252,0.06585277474585935,38.98720953676815
1.0035312908667398,0.7452883328476947,0.38626739090725387,0.032139193714789224,95.65014194033881
1.0027477852681916,1.049281051987867,0.4708914281420772,0.05060829957505987,141.41413227150713
0.9975836489222007,0.2010840110850261,0.6686923225094471,0.05339323374060745,80.69725983927708
0.9987454408640056,0.39574756624143526,0.9435800031300764,0.05047959399177575,158.43178792500274
1.0001358253067072,0.8992557375294876,0.2024846027075202,0.05940825213526782,68.3928045860419
1.0001328072278715,0.8769626293396868,0.44533340332858345,0.03394877753379387,117.45037164747151
1.0000136826071704,1.0759989241549959,0.5347260291854985,0.08724341063299643,169.3097054894377
1.0004852774581907,0.862428402808278,0.38256304327847696,0.09804566837183785,118.60050184296051
1.0001910146259223,0.4022375806940036,0.9841646206611991,0.05147962734041202,166.85204776549907
0.9977410299134297,0.7363914870124053,0.5004533348115038,0.08413212932066326,128.9375975833646
1.0012031316809282,1.0609111595168594,0.2825300555394515,0.029430374526783057,86.15340934148293
1.0019399987788564,0.49644129025442835,0.07344310300180046,0.09103435722679089,33.67347039105033
0.9984768982078848,0.3222806948766053,0.10363050695752046,0.053495211677991775,21.06127143901648
0.9990554290159163,0.4794992625518437,0.4999872278213209,0.045767150174880804,96.62099015369552
0.9983459603782934,0.7170889881232241,0.704385946169836,0.07700426219859204,168.37660486254498
0.999456504149891,0.518958595021215,0.5227461108262241,0.09251723986739621,112.46427503319063
0.9995234208914335,1.0278569415309768,0.10468432918380265,0.027021792745719288,37.33684769502918
1.0018160221020729,0.6359587222879632,0.7153832262941185,0.08961102775421444,163.35685671518507
0.998796951958608,0.7072976909857971,0.47047161445178315,0.02682324858776891,108.4465536746215
0.9989460600859648,0.5029289577028797,0.49733981321348053,0.07132731992257015,102.49513685894243
0.9983639201548046,0.3656896618681508,0.7664345034187877,0.05522464545418733,125.70633144143062
0.9983866439124306,0.768798548070545,0.29070587206664794,0.0989991110649789,90.90565432205136
1.0014899741244323,0.82009821705803,0.4181224280490632,0.03594069609975718,107.96508846990935
1.0008549903607493,0.7979498417480357,0.40263757994137755,0.08385303668861994,114.3219916519302
1.00075487509049,0.5748345246237496,0.09819581145955131,0.041210061849104807,28.343930419761705
0.9997088693736219,0.41570048241811375,0.7513562881877781,0.047977755983982906,131.6078296641034
0.9968977006429354,0.9462834707484622,0.06911577824791221,0.051816093978686015,35.90986243917513
1.0021427734034374,0.7353933421125132,0.5049976056355744,0.06434974231076077,127.27490211821356
1.0008023512074795,0.6896871564088376,0.9926468306919444,0.04828708711371793,218.51031060811843
1.0000374659373297,0.28307952260928176,0.05234449066513367,0.06245981616303366,14.483096746747549
0.9996661308255002,0.580070135683626,0.7330912817113991,0.08385487751712309,157.865152886472
0.9999366790805772,0.21506319361404466,0.8996776556602142,0.09704433898203946,114.93798457546603
1.0034117447410653,0.610131623584599,0.17047455137646406,0.034221078817089676,43.1461697385414
1.0035405978991152,0.3654394037950505,0.09892861296995009,0.05087929711575623,23.857990623294427
0.9980685345571123,0.7715819621730362,0.027038766702525904,0.09988588706062261,47.768884781211
0.9975555015189801,0.8835158689449538,0.3806470925474187,0.09861340819668223,118.94858171294766
0.9989342759571643,0.8442565448856658,0.13334918990497868,0.025207871276154432,38.92149223028878
1.0030030994545125,0.30017821564994807,0.8133974353926628,0.07809557680812698,123.71965382485627
0.9909504205861317,0.8790811378077394,0.15581662733918872,0.09206532258382914,64.03006134173438
1.0024105835165082,0.5567952748776148,0.30539710750413657,0.05911127280145502,71.10948795344211
0.9983284023486725,0.594134202988504,0.6836677292495634,0.07085128477713987,147.7703171312694
0.9958895687776261,0.788088990849954,0.7050260453633166,0.03949279234589233,168.35243415832588
0.998478868112172,0.7849716150887254,0.8470812935472875,0.02812530528159514,197.56629361270427
0.998795030360675,1.044312565888431,0.7392413447178404,0.08611568591966437,214.99180729243201
1.0027326484013248,0.8837147435647352,0.24560677414309023,0.08228091731564938,85.59764247784909
0.9989163310158697,0.9555559439025065,0.9301544760524596,0.07452786925130771,246.41386529299317
1.000744097730844,0.6367901921184742,0.20605708783397036,0.02777023517882575,49.1079460045687
0.999021812839769,0.3889789913423247,0.16300061524899348,0.08690222080431384,38.315140189850354
0.9992382545800397,0.35413058452240037,0.0643641661774275,0.029281020151511072,13.487307030640068
1.0018825077496687,0.8388189942946662,0.28078459333535893,0.0383895119088499,78.14779206313295
1.0032518233439298,0.3500955426887834,0.6956451224525453,0.08555306475642098,117.36197873075497
0.997919924783224,0.5003636366211834,0.592712329085096,0.06296830032892568,117.52823829640874
1.0003603886857877,0.29784108395213704,0.5466136178260319,0.08988301559091363,86.40703472501724
1.0036191838301816,0.25220164125839195,0.23931795782755902,0.08256194816930315,39.91058567223723
0.9975416353750979,0.30208134813398696,0.8416049158526439,0.09465802891452453,127.62930189512281
0.9971239441862814,0.38718588532396164,0.37555991250690013,0.09979150084778657,72.48590531457467
0.9993884388366504,0.2598079734588152,0.6159010358896171,0.03790471142851407,84.95778179372212
0.998888485778033,0.7924229096681352,0.5039447964609377,0.04219804319523647,125.82129767409805
0.9969755731034899,0.8086560522621065,0.47955941176010997,0.04304035073921839,121.41111398707932
1.0027174776022472,0.7441700101530739,0.715019730463331,0.031022923240338278,166.70188991885678
1.0024496624619894,0.7851907257174351,0.7010959400920559,0.09050745301863894,180.00254699043035
0.9989277570622608,0.4602208919315029,0.16637769608117917,0.09142839503118627,44.212264086791606
1.0044456590887303,0.9029982106997902,0.575654921556746,0.09329830623568669,166.38581812623278
0.9987117705514718,0.8742533618386203,0.42262835749128047,0.044948722743076104,114.1354052560784
0.9987897531738337,0.8737409034692878,0.7580055178257645,0.06796041989098829,196.46855141914747
0.9972348794783047,0.4430504077445444,0.34405734783610176,0.03311840937767595,63.86338654167355
1.0026705291203848,1.0722026740394173,0.6172078469151638,0.02750667265134023,173.92138545728073
1.0043223282750042,0.2613091487497626,0.8986006782247805,0.0977600478505843,128.4349664708891
0.9967116915979256,0.2968228846525195,0.6654656470521118,0.06637944628298292,99.42045935283068
0.9990804623072486,0.31258885011293175,0.3927644803199574,0.09891660110975879,67.06432141540046
1.0006126653233753,1.0989917817058976,0.6808976687445053,0.08708673236567814,207.27280856830066
1.0012766460472375,0.5864067240819244,0.7445026830064677,0.025585621897681446,152.12001043020643
1.0011322148589714,0.7408577976777873,0.9516872250967366,0.07606696565329012,222.8508681774413
0.9995514099178114,0.7734911743088029,0.01115833049554939,0.06830518472216775,33.67398928851139
0.9961639428734816,0.5813738077257349,0.1752429541229339,0.06432639536849362,46.43752681151943
0.9966038873276611,0.8888995376452158,0.7296376445692585,0.09478142704041582,196.891982023466
0.996720405412845,0.914487224147952,0.10607163953762469,0.09334719503905936,59.57938640329945
0.999748410650573,0.32367889970621067,0.3192333619344269,0.031337762709536546,50.886661717530274
0.9981676382062017,0.46726738409794394,0.673233751718639,0.09272749797022593,131.34871184698125
0.9996105277227202,0.8155395330645625,0.4595516963673598,0.033983012041058844,116.13295800206953
0.9988597936295615,0.9084807040857514,0.4987210281224624,0.030763461118513913,131.31095941544078
1.0005780568780878,0.6801173687447516,0.09265853647900396,0.03653854147026911,29.232713020455265
0.9994433239523591,0.8144666903091751,0.8243181326292163,0.022220580889879004,195.46807430972916
1.001374099530934,1.0432757991094905,0.4525413428022159,0.029174266326105522,129.6953201470244
1.0011957867285666,1.0834442633748163,0.2663517036636197,0.07124007219016697,97.68514205793815
1.0014125680897785,0.7417352886261144,0.9032287982953598,0.0652040057074829,211.70140247209838
1.0054641834492424,1.0747314521860905,0.16339001718967175,0.09865144760505251,86.00509741721697
1.0037022678133123,0.8773813312728664,0.7164264925070726,0.03759000764366158,182.7209378790813
0.99521620496495,0.953888733797893,0.906341087142213,0.08885253957379607,242.7876816082189
1.004573059739933,0.5688843182724845,0.32645622132143104,0.08962852910698071,82.44078091542752
0.9968404301027235,0.2455324192950903,0.9269831369964954,0.09164381953604592,124.76012445172375
0.9993258071391262,1.0136268901063286,0.365900435167396,0.08632385327283146,122.25768340867069
0.9955721364495626,0.519547546623383,0.8620053922805456,0.032652541632373994,163.734971344034
0.9958144553843126,0.4280383887200372,0.7702615716215593,0.062355889131902154,136.86599632797368
0.9949000217784827,0.9063049607395319,0.8610238556841273,0.03365007644109294,215.1201024479369
0.9994568318873309,0.9213804878729934,0.39966948799415464,0.05968773144162261,116.01507261619236
1.0000543229769656,0.7337861016922576,0.772433304371944,0.08179599672860997,186.20171756793633
0.9978816782709398,0.35467465215678223,0.9161487126105216,0.04338775143708301,145.03882164931161
0.9939079133216636,1.0455949684289103,0.49199418168190323,0.0979356701505449,157.07079082722635
1.0008739436683698,0.9186345810935659,0.6620930887010169,0.031675090600372685,171.63198683501628
0.9981429222695593,0.2932421611170439,0.9196726213027432,0.07917245452307695,135.32210088558736
1.0034261712057464,0.9721741031020943,0.1762713911163478,0.08911764807925428,78.09222739528286
1.0012091735304742,0.9566613654244611,0.40992065316224785,0.06748897207655945,123.78319415762314
0.9974757511164336,0.38770208417135155,0.2361973197042493,0.02568547667223042,40.93818922615981
1.000974873728299,0.4307513394595389,0.8152722065609569,0.08687728317800647,149.50340345683253
0.998130821281082,0.42128066322599317,0.4282548430739402,0.058625276597771656,79.6812995156422
0.9952793254017375,0.41877609153593265,0.17488028603743588,0.044797974065790586,34.30374831762299
1.0004631413286216,0.2007754750291782,0.47965359098770993,0.08494540619663128,61.9779479346837
0.9972538490413478,0.8437765728416566,0.5209415917984936,0.09628678417928647,146.3515319542115
0.9995534071388283,1.0982483450418108,0.45951170725583185,0.06721941473455259,145.79342392975212
0.9999077013229739,0.5961657246701785,0.6984265342666275,0.03930599641721569,146.3599326308473
1.0031690781726825,0.9077750631293295,0.9921857312236897,0.09223123237729464,258.6744415305553
0.9987079887869242,0.5233797521721948,0.6121996908107221,0.08362022660207692,127.2911968556383
0.9980396400812676,0.2485124664742903,0.37591852469378256,0.026252234275734053,50.59525025097281
0.9967713533539243,0.6050240195725511,0.07420564825978021,0.059310221250406164,27.829214083984255
0.9988059320965109,0.32206162216394846,0.6878611750197265,0.09370472670566711,110.25657713181027
0.9980212094587668,0.710408339238142,0.23287986390175294,0.04467482363216247,61.05996848719673
0.9971379693289761,0.4580075615314931,0.7202260387618551,0.09204023534180515,137.3824728105959
1.0019507838695894,0.5060541173623232,0.7357243494598786,0.07370410722025998,146.69751077351066
1.002286667266792,0.9618180408848609,0.5568351691703137,0.0749299044868503,161.9487540708842
1.0026479370473866,1.0920065460741526,0.7693737310149721,0.07085955772035094,224.95206382947885
0.9951781452303683,0.5507630712031881,0.21343851811754955,0.057795875368503044,50.37540827594381
0.9997384550633035,0.3565607957303265,0.14252673918078698,0.06248467405368689,30.04646689735148
0.9993909701705744,0.8395970654614091,0.39693283081377656,0.058280321636945326,109.255970583134
1.0007386177938966,0.5441958667021551,0.8496942543290845,0.044481536962401515,168.79291183482604
0.9983012077075242,0.4057549653800953,0.3140077289668164,0.023397731493935866,54.78803548083391
0.9975626161998383,1.0074925428269574,0.44015871734097956,0.022120570247150768,120.52377356350223
1.000113817621403,0.7817478046511459,0.9410972787198731,0.031272559089891044,217.9944722482849
1.001595585702788,0.2595295765094497,0.6643547960859782,0.08856532516429397,95.86112999981111
1.0014559158351966,0.612486707477663,0.4092970852803159,0.05239608081805909,93.95449825300705
0.9988310578039316,0.40605520173108167,0.2031791867754599,0.06041538339866316,41.86621799812252
0.996950041554604,0.8990162594484377,0.7149914714503812,0.05699726772116909,186.4569277419541
1.0020303850512904,1.0130265792977549,0.8647798976336196,0.06648549864592192,238.2137399468864
0.9953368736385552,0.4911400784670109,0.981606676960348,0.06190033640316213,183.68376122729336
0.9988930440125591,1.083829121079649,0.7419942224646668,0.05193139378528222,210.99022590955298
1.004634397852847,0.9967790654476942,0.38794861437584593,0.030452430125761716,111.43631719696828
1.00247479628636,0.8721096506303412,0.05049904016294704,0.09921833502615189,56.616328700338045
0.9985123008651148,0.48314559211474034,0.33074645335893355,0.02466461078638994,63.43285103060231
1.0015615482899776,0.9394539557855204,0.9264919093059429,0.09580578002510684,248.7263101678214
1.0008895338599395,1.004266801129908,0.07346314172030767,0.05488842306332958,42.01966096918437
0.9984285778119291,0.5701472732166213,0.06376408714404348,0.028415909729969345,17.951609699425205
0.9964322741998805,0.848230108151,0.20440235038700216,0.05915099898503094,64.80776757816653
0.995513645359232,0.21923259999047212,0.30863289085474815,0.02483687565261172,38.26124515884902
0.9991414542316884,0.43138984698016736,0.7090649684830137,0.08303297021733572,131.12518219284476
0.9985890156262383,0.6624815802795609,0.9688004433413739,0.03920101978395877,207.90673917883134
1.0024763898812883,0.7024220638515806,0.562377021067432,0.09415877541414468,142.09084650543423
0.9979462322008245,0.3940148206635383,0.9530467132992159,0.037635610029122274,158.22075060537182
1.001763410377632,0.5884423768518591,0.13368150626115288,0.09336616929502786,48.377797293687365
0.9990278370507166,0.5253356099921286,0.10540766285025055,0.058333212822360786,30.998888639722225
1.0020695674488578,0.38761484837124005,0.5599867201207267,0.04002946308080795,96.5918267310293
1.0027713386879717,0.8697741051335612,0.23405976824970492,0.09350851771825819,85.63623527203657
0.9985838785083251,0.9451553169403868,0.5456475490014643,0.03279735583920529,146.0368039593024
0.9976908524272443,0.3538092135160634,0.9191863937221524,0.038147310240755,144.79122248384783
0.9972747342311,0.925092783627403,0.9103593173485227,0.08136699792847743,238.5469687458277
0.997058775724075,0.9303518929482546,0.24740414026357316,0.07174677309972081,83.05396645507278
0.9983314163726684,0.30449860148174845,0.9375511719831133,0.08790355210662747,141.46898127209556
0.9997695874386695,0.40798332869810494,0.7545284210961704,0.09575198751447599,136.165765842216
1.0014715798585379,0.22717517115522418,0.614802028452303,0.07767142982983843,82.50870416026532
0.998986562331096,0.4107188871561954,0.6899973352316172,0.02607564025135811,117.8807973360249
1.0004974765284746,0.7573134208579009,0.2329784353635204,0.08602352474984927,75.32660241927113
0.9963543730134907,0.37312061232373595,0.7681609984098619,0.031023643821796662,124.09373409328066
0.9988409897207274,0.28231791961891417,0.6260707633754228,0.08436607220207855,93.6150739678028
1.0003300440566332,0.7023696985002168,0.5417201775561605,0.08451850780180332,135.3477509956304
0.9969212553913818,0.24253697138654512,0.9144051965670311,0.08448906507524698,122.32736429708689
1.0014901293487812,0.9527652286079673,0.411137642799032,0.08127243809566408,127.94889235204295
0.9967043333318631,0.5535178845528628,0.2789544637209588,0.08136112579173936,67.8784456930332
0.9966235312801915,1.0675339214512674,0.932904974614615,0.08220775121315657,261.3541761083304
0.9991397023617078,0.9329116908902413,0.34632022334956325,0.06872482577700899,106.53848449953819
0.9974897577413575,0.381512526846129,0.036724262594784764,0.07637017959922156,18.187846910820554
0.9968517304162949,0.6071382177813995,0.6250496408666025,0.05736608777794279,135.2710503117042
0.9998476209085266,0.9421051298262266,0.9520215295024906,0.05871678053655813,246.57648614870664
0.9977603096071482,1.020932977946905,0.6440386836929296,0.03094821151753478,175.14766226750842
0.9978327073615543,0.620520507323435,0.07741878183876444,0.03917063220194303,24.116336068573787
0.9978997093745601,0.8734364446827148,0.6304793215120034,0.03635737856791439,160.3068716459136
1.0016484389942015,0.6236284315219405,0.5466051372892554,0.049226957403396936,121.65122097027256
1.000965366538991,0.6698105868344792,0.2970066275596241,0.05755329184715084,76.27686093236275
1.0005661119973388,0.6641647611496826,0.7960643936447411,0.0769493991195623,181.1843565457079
1.0000340544288389,0.5483540542810341,0.917301045664122,0.039247926566242805,180.61695126813973
1.0038123264289291,0.7019051354165529,0.7246786106401911,0.0748209999925865,172.17843530168346
0.9975984902912682,0.5407784249854847,0.38138107647075503,0.036063548062318276,78.60313478352441
1.003380666967027,0.8006689383710668,0.8212337868021894,0.05000899738663989,199.46066117891897
1.0022362072312518,0.4752331692588938,0.7970940645914758,0.02887010972926416,146.98184946235563
0.996830596224766,0.638704870829037,0.7189146456720271,0.08350787025740292,162.0661149768835
1.0006577039327553,1.0905533254992865,0.7889110387593983,0.027890892250901196,217.9132525392279
0.9952967105473634,0.8023290614592904,0.32748841998631895,0.03541228528119998,83.78837047237283
0.998801022660565,1.0432270334838172,0.29154516893854204,0.03157219310423985,87.53388941963868
0.9987138341347873,0.6365758185210567,0.13908911658717318,0.02126489458088898,33.186881001947995
0.9991629184189968,0.9446270843412061,0.0906345004189938,0.09138329870895964,58.97692570445224
0.9983886318294494,0.4953126931345737,0.9453926043770655,0.030175320406493518,175.3157622788813
1.0022644620688304,1.0684569499399441,0.24302798574086992,0.05900703426924353,87.08803051099449
0.9963071038529355,0.5309979285281509,0.3220108041087756,0.09106690590109762,75.66189575428018
1.0038457712467441,0.5720047267458492,0.6458621964220759,0.07834401237498664,140.7992990541468
1.0023747577635407,0.8505890836036683,0.8364968298814337,0.08382850669728807,215.32520361046772
1.0027037639292105,0.9670749361283031,0.027487572917891633,0.025419068812133468,19.209471300676114
0.9990711416120999,0.31749689618438,0.21448802163041425,0.04517334745193484,36.18669870228109
0.999716925764285,0.8245937702011703,0.4154912022376478,0.024696841440795286,104.43443232425949
0.9986519210672482,0.6180704375044437,0.6451156587357831,0.05530561766889018,140.63683881172312
0.9965176469892331,0.45856372689701386,0.4687791773679564,0.05484106585559992,89.36452782307629
1.0010256702468878,1.0643274818808706,0.5965934185148579,0.024493438005313832,166.47209543963646
0.9961575486053037,0.2831485632266537,0.8461826484381552,0.043277586094068655,119.61581422149112
0.9972746914051259,1.0164991576259204,0.33467451625620825,0.0629751148513544,106.81751553508127
1.0046447106115204,0.7703756848334877,0.6480083593175702,0.07138475211418803,163.61684663328134
0.99495870520008,0.41017153767573244,0.10853951110439487,0.08632125366281412,29.519552762092417
1.0009491124082588,0.25200485223332747,0.9944601590374839,0.029528443200493817,132.49437256669222
0.9976326230078554,0.7477888083418531,0.10996774162990067,0.045778834609379745,36.28390082415768
1.0019020324000092,0.4627906913119554,0.38913367491548306,0.06470790016862933,79.31293615985157
1.000158986429325,0.3408727656414546,0.2261213168680143,0.05442395131671672,40.79198909925708
0.9958392142686397,0.22891137559263286,0.9037103958766707,0.08197489964817352,116.63852272544153
0.996069990928485,0.8548577795532897,0.43711207645983685,0.09907835211940379,128.9528410887641
1.0011474664991993,0.5771319802402608,0.2768355385392925,0.06055038539739585,66.82142766592568
0.9959750998996264,0.7539147791537486,0.6499243684443367,0.0254864133752334,150.23998393570503
0.9996353265353277,0.5834344020214244,0.9764596073004755,0.04018569790499496,197.49647234070915
1.002089347438477,1.0971832969813369,0.09142627824614165,0.08630452433332549,65.8125816966562
1.0058086370800747,0.5628228679013068,0.38667702016566974,0.08498905385486584,92.89678127840892
1.000680608286087,0.4697078392991753,0.4839529975748402,0.05380982079921427,94.4863996320824
1.0008038180405114,1.0633424287817603,0.29484791563156826,0.09542667403183236,112.26726379122016
1.0012583303419218,0.7829389437548409,0.958608309052335,0.09902552097447323,235.1623918410228
1.001153431175294,0.7230438764345493,0.8039380016703299,0.037351580282146996,183.95341723488528
1.000256365059938,1.0844504089041804,0.38542769991218284,0.04171054431033668,118.09546173099818
0.998497783534965,0.8665622229620638,0.3414389305160971,0.07477285219400581,102.4663621108873
1.0027390351015446,0.9054871218041323,0.12017858913025764,0.07698411129673413,57.828840317756374
0.9983967789925063,0.395358617950643,0.5812968694968242,0.027832851193207057,98.16223918954239
1.0001928943304093,0.7344887049633548,0.8911001195293118,0.05594696032318716,205.9720813622501
1.0007375660812288,1.0691912966675179,0.796213524855167,0.09995141194132691,235.50897905487696
0.9999903106270243,1.0099188482327812,0.48684220654130245,0.0868360499622098,151.72491266095813
1.0017530952304436,0.7499738365598732,0.9978731044953997,0.05518032344887132,230.4597550732265
0.9983643510878545,0.7646223828585552,0.9432620954430057,0.09859892607100328,227.68162501115856
0.9999493456771363,0.6571739029188355,0.9171689980478848,0.07619529155015195,202.9338956452424
1.000313300080357,0.4946102734477494,0.31709924667198386,0.0715834673141805,69.84871964188159
1.0033986622731705,1.0265668864371857,0.9997879054719406,0.036067754130122226,264.1798206005601
1.0027639033996696,0.6014979226502115,0.7223783967987164,0.08838694393158705,160.39164321777264
0.9996086809292143,0.7975472007679845,0.41270641216622345,0.08965445668061678,117.37035764549921
0.9976613390754397,0.4227069137884515,0.8050240363961693,0.09409283535520847,145.92105040353243
0.9963937068646879,0.4541630517024231,0.4878825047710327,0.08779433737906724,96.47373566416502
1.0011132908909264,0.7334950981849433,0.22257024630882505,0.0571374948376253,64.2743697756182
0.9987855943594155,0.42973782709928515,0.3162374672648282,0.08444851296634188,65.73498794417054
0.998148184842172,0.8869021676114694,0.29040629781903227,0.03910300770002664,81.74923345422332
1.0006181761313813,0.5641755404239602,0.6665519815931358,0.07186714567397598,141.8082340887848
0.996381408581279,0.34562771595301334,0.1939351297706844,0.07623591434047029,37.56534079832704
1.000852289962376,0.20445460337212906,0.9158231339476591,0.04791717469524913,111.16883386697259
0.9976572233614193,0.35426221594158186,0.5088623527466329,0.08405379496138611,87.5667822071685
1.001384822460768,0.7210146585439536,0.32683245043710096,0.08923103242375452,93.58244881364732
1.000928513575677,0.8751349991851052,0.5682169046585381,0.05479093413955041,151.28867647517723
1.002205748922426,0.5482689423774123,0.1681951570722607,0.03476657268220154,39.878014332648036
1.0033691926265822,0.41102805478441445,0.4056091548995754,0.027642082284870934,73.02972634275943
0.9977746372484693,0.7357374473947911,0.78840092619254,0.0825410887672289,188.87865849369345
1.0029000193384523,0.6037548982011511,0.7464063214313768,0.04047788279405498,157.66927227915875
0.9980270701581316,0.5904732330529233,0.584008827608163,0.09384464138710194,132.05555717393452
0.9996560088647773,0.281253444209265,0.32999463582577493,0.06925086172576203,52.12373993946056
1.0003513199625347,1.0095937387087561,0.42285427655852503,0.06614936148579716,130.16065883282516
0.9982741771090766,0.6324979777139631,0.5226716743520852,0.07805018451944853,122.14120384679245
0.9979156537249638,1.0854102824560505,0.9909363431401648,0.05910512634421916,272.5510161840974
1.0001258302207485,0.6428718776044487,0.13965285807882916,0.03360982614084504,36.798632757841176
0.9999015372515192,1.0231194243758865,0.9634473012619237,0.028609103744281814,252.71590583241755
1.0011909060538746,0.8175701674613653,0.8555543441723549,0.03281500720366437,205.81100217463833
0.9998112816770783,0.7482425850331409,0.03515366368288261,0.046211860797418375,23.585011554309403
1.0015584792319892,0.9133512619689748,0.06982346817143766,0.08521374184319173,52.81230697831495
0.9983000924961003,0.20950241170744674,0.31354338230336837,0.053706388982617606,40.723730133905974
0.9974513915967137,0.7793673631542373,0.06941221587605814,0.07562030603033586,39.94152971681899
0.9969746841044077,0.5356840201148174,0.9371537269413209,0.07575105862261641,186.2379463600009
1.002091158086661,0.6011708155650597,0.35387687308356175,0.08248474340289592,88.16845484382355
1.0003274166495035,0.4875869770170102,0.5452799176220449,0.03902623679690055,105.21447093112687
1.0002205311397458,0.7823720841426443,0.01840387154607699,0.0625850162884414,31.68084780436186
0.9990494665515521,0.6609937108901602,0.3996823282320798,0.06255638729414857,97.22096789508777
1.002744599365861,0.28908654383041493,0.6268931608188907,0.07943280180664268,95.99304456966615
1.000066808754601,0.6096488372650406,0.0686452361349881,0.06245890399059616,29.5691920521856
1.0032429918041705,1.0520863994550578,0.8246708715740508,0.048030433222442395,228.66520161109855
0.9999414994311053,0.49337304914307695,0.5904654569478988,0.05066862370147765,115.39195641801808
0.9981624534885869,0.3359027860895841,0.9880524119060148,0.06853749628409,154.11784504198704
1.0000099910885036,0.8977326053552819,0.6443386984278939,0.05422162439244345,170.34412605988382
0.9986871724641673,0.21499411117907707,0.8240016818829868,0.0717777725825559,104.01345606208594
0.9991325606264168,0.9807349477954705,0.713367762539506,0.04478665345550252,192.5358541455399
0.9988923500846161,0.28804879414099366,0.7582153435349882,0.03607720212442567,109.04778301973977
0.9992012291942806,0.2378865274041106,0.9382099012223675,0.06396082903055499,123.24869233894862
1.0006764299237152,0.5463669769557766,0.15511415841406279,0.04538127902653587,38.77744415372263
0.9993357115615095,0.46964511922481267,0.9060213989828056,0.05523323243096413,167.03999376111608
0.9985721261424592,0.33299777969833355,0.06367824796991664,0.08258346688864797,20.34022497312344
1.0026224780944717,0.34894634542448677,0.9916796181936953,0.02037190962456142,154.77608138297148
1.00075284352316,1.0770515235211617,0.2433863705695011,0.03158209992870552,76.99062874969172
1.001508575651461,0.777500905575625,0.49593693571514763,0.031378441506093625,121.43414593625113
1.0021050252923438,0.5693710196978643,0.5858300921588112,0.05592311734859516,124.85968590298995
0.998574315528953,0.3168338833410582,0.17073184239995157,0.09027714687945051,34.73749078410191
1.0003490262309251,0.45345560231330484,0.9686339417004044,0.06305259105354229,176.00559759666243
1.0008619686261546,0.7707267882063007,0.6146409552433059,0.0665781866364568,154.05967949259525
0.9984029983024012,0.4096955653060199,0.5620878933724276,0.06364335025297799,101.30442864583136
1.0005133099812593,0.5752318027571555,0.7337974804824612,0.04875916814973813,152.04273709805472
1.0050583316778101,0.7140427228176209,0.028160563151413347,0.053285953124031324,28.116948109072723
0.9998152122948635,0.6888009465695949,0.5212373305813188,0.04250006414391912,120.89240593427542
0.9961804521017118,0.22803720202215405,0.9955490801273229,0.046091240116677895,125.63681778804505
1.001826117258683,0.5712194400056789,0.6204231598502377,0.0652082457793943,133.2793258645217
1.0035709483004924,1.0188966232710217,0.7838515686087342,0.04410478526009115,214.40147340701157
0.9961011882708889,0.47100712541964257,0.2418832942891185,0.0938923717028771,57.12338286225162
0.9973780669616203,0.22461732569638249,0.3699295863159084,0.048301052448406226,48.59239249742319
0.9989959369247787,1.0993540957924903,0.061900739567604356,0.043462927691969286,35.86455900297568
1.001811393173037,1.0642327002393144,0.7698268880571107,0.03449105537897103,212.5060934603661
1.001667719599132,0.8687262518384773,0.6337461122972952,0.09940283773292344,176.39477378143147
1.0015361952086173,0.466175142649162,0.13573198321846933,0.08456024488951129,39.43633894542933
1.0036111649586958,0.42504287313271744,0.9553686630096525,0.06499602026641829,169.4823006226085
0.9979520607410715,0.43337641795573967,0.16174809984607516,0.0668647736517472,37.22774945580943
1.0026620848375525,0.8491125977476912,0.2316563086541804,0.05850747341844127,73.17451817551688
1.0000310088917972,1.0204904473580714,0.33941255129940145,0.0401695036424424,101.65827970097541
0.999885972451781,0.6473230770084882,0.8867724602625009,0.0303610108077996,188.64300204686478
0.9987970456190208,0.6867529564247743,0.6193310996960887,0.0844143841961122,148.7815078450961
1.0009868138104567,0.2771358422296059,0.7423036239201578,0.06061403609993428,107.27218730717982
1.0014616067910636,0.3324498525865164,0.4574682385609929,0.04969539786768422,74.68739706358485
0.9991920824192035,1.0604662091526398,0.5263643199611763,0.09864399296229658,168.91004403204613
0.99984091455915,0.3711023828498216,0.5573249899047414,0.04610046996026847,93.90320023540039
0.9988278666301867,0.8456608924911948,0.3724484297785442,0.06461864031290168,105.54469443250986
1.000796076774079,0.6277465808428162,0.82782553486224,0.057302738995018615,178.69628250764285
0.9981851887326044,1.0655561583666995,0.19597946603354074,0.08136461777143518,82.14333626688159
1.0006592480467575,0.5702369995586147,0.19059146123007126,0.037982139138750176,45.20079791978981
0.9985324628078414,0.5929408576675732,0.8264030696055151,0.044436368829085124,171.0728591276579
0.9989787988730954,0.5740295508265028,0.2965786877242801,0.03210948557705464,64.34850103573513
1.0002926135852006,0.6440107918082401,0.23803684762635166,0.040180406801746324,58.517487413745926
0.9990121614738999,0.49033367628260144,0.8312973323603974,0.04449819592995398,156.30693011691113
1.0019749635227049,0.5172162919937028,0.5368243795449107,0.09702150554411872,116.11395650237728
1.001328639220058,0.7061367220539141,0.33968499290912507,0.057592513598795345,87.70060316909621
1.0013645455781053,0.37351988955110216,0.63315451029341,0.030539578766683555,105.08179581804296
0.9999317263249334,0.36448350317632366,0.8427034833569663,0.06893718118594797,139.09347301002447
1.003514569689512,1.0744630640330766,0.22171090064763266,0.0518184660101402,79.68483699348548
1.0015725053180924,0.5067400724892884,0.5997853869237605,0.04918313565564049,118.92986948870947
1.0021015202823516,0.36578251352290914,0.22348938190991777,0.06706950682000752,44.55227507074068
0.9998187214658248,1.0862255004561885,0.2991292903544301,0.023427940117074497,89.25871091117199
1.000518295925102,0.6890544071779237,0.9038189827418348,0.06088899928373111,202.79718819794866
0.999855351462512,0.2199921447344568,0.31993542678293496,0.06973640729570824,44.38227164647731
0.999115028752734,0.8460986271436854,0.19576210493034168,0.08767653836645188,72.66613450908397
0.9990146823755582,0.6371781601914138,0.8447807979676489,0.02561273777613314,177.60840338137533
1.0003347850612434,1.0069259945962235,0.2645474268708921,0.09893985496135788,102.4981727864448
1.0009565609951219,1.098207133702027,0.4834505326555638,0.062203963132684295,150.733095827098
0.9997861413269643,1.0305731558597442,0.11106675488254174,0.021444207980555855,37.057244888880746
0.9985146036939743,0.22849251238424745,0.9250697903529443,0.07633389949357301,119.6794259014082
0.999769462148867,0.5662725037479388,0.7738479259339245,0.043559129110817746,157.67957390934578
0.9954641169240223,0.3063300283575632,0.05679628254750756,0.0872152606390074,17.35120413123775
0.9983400383428993,0.4196353501238233,0.09022568247669804,0.08641695723547638,28.896953821021384
0.9969438508230989,0.9584669664678631,0.27965471222469446,0.03766965756638608,81.91401411163838
1.0009957023949492,0.8207535499386631,0.8686676598130391,0.038102543350740245,209.4400057803101
0.9983805520688448,0.2873559346453601,0.7789449907266878,0.08586803799246491,115.52930532428593
1.0010780928572895,1.0450059092516097,0.9628390275278085,0.09779948903731987,270.75850239392037
0.9985335599378069,0.47889707297977596,0.5403561370515905,0.055096909966607197,105.00955447654434
1.0007485174889956,0.20376774776720535,0.2264437192203438,0.09160057152450136,33.46884744366008
0.9987790348404203,0.8652956985716955,0.3744349348110121,0.045100350116607145,102.24721568428339
0.9987555516089465,0.5902687796049433,0.32548729318814157,0.07920426333847601,79.97093203524571
0.9995020045473197,0.3157280216219238,0.06279116120185509,0.08042110718624362,19.43190321835999
0.9965439529887804,1.0353825861056598,0.9102188795938327,0.02900147538725143,240.67587782972518
0.9990861624885413,0.924773381565134,0.8519317708610833,0.0701696290235735,224.1205126511779
1.0007768208012364,0.3181328979249499,0.7023741205656965,0.06456388057136928,109.54457533718818
1.0004683793213427,0.7773446520448197,0.3376367038362916,0.03183824101282009,85.81065339254167
0.9980708185515698,0.9174533601486936,0.10842792430908646,0.08610460113707351,57.561842937635845
1.0016896637236663,0.8701353092299955,0.9241451956337436,0.02498733570237569,225.38118163176517
0.9981615404640084,0.9227543890113072,0.34080658076029835,0.09716819756925392,112.84671604529501
0.9975765063028462,0.42967942836316153,0.8823798199523352,0.061980804412767224,156.27810294905913
0.9983416269561705,0.6145900731504115,0.33655053350337105,0.055892950581249545,79.34382668581685
0.9995748657339458,0.41807967642966837,0.6502843965127402,0.0249750229044092,112.73847697081891
1.0010235304809323,0.9794023601144406,0.12659016465414372,0.06567280859407144,56.97411061205702
0.9988738667823097,0.5152447772512572,0.9522483082417557,0.08713985499752007,187.19726138101262
1.0028850435688346,0.7011161362627207,0.5542103985751698,0.07372031855611542,136.65619717960163
1.0014663241539656,1.092276859313768,0.07349575224175184,0.04768390327520591,41.544167672252
0.9996374354424034,0.7864041633421861,0.505778369484196,0.027949688529671377,123.10842972296791
1.0001452746231978,0.41449838532319455,0.40066183121703297,0.0955714372496812,80.06523067738931
0.998712518906762,1.0248595170545864,0.6390911320373848,0.06716736539670376,184.06246078300887
1.0017905733296513,0.23218078559876842,0.3004227699575588,0.021476411507892125,40.23274924224569
0.9985451495805601,0.9637401986664755,0.30685795603673016,0.07176783150220391,99.74896438872872
1.0024723891145142,0.9052871446405977,0.332515489223955,0.07615715743338024,104.85328839121985
0.9991604296371986,0.7206593632518448,0.6810477064206263,0.06538267283007335,161.99472349820206
0.9967353370663856,0.3198637546646204,0.22185722914137662,0.03376909894356579,35.3290545756044
0.999496898641107,0.6821891536482574,0.37105718711422847,0.09517676424457129,100.12915280870777
1.002268533179882,0.6456624739716199,0.2430041708495297,0.04438809879796052,61.2690499057922
0.9988967522621568,0.3922961169986347,0.8574224470117946,0.046960355586695854,143.81436603489527
0.9999666446911604,0.32269574235033605,0.4619220971139465,0.030875176859366846,71.84327982767849
1.0020753521190133,0.8217266081922789,0.4176509491829586,0.07860055428508425,118.69893042702336
1.0020109610788406,0.38736176330334215,0.9773007116811281,0.027222094242136084,161.11821417372954
1.0006411835774325,0.5786754737712414,0.02997501395647703,0.04869102439065395,19.454373213092822
1.0005869662476268,0.5023222671223393,0.5780194437914251,0.07002252170103967,117.3327851990133
0.9999967696843653,0.7906778037749409,0.9104648301493263,0.08148947659952413,222.30421373844015
0.9985208462817539,0.3923540165638024,0.5369243682824928,0.0954943456508675,98.65737544584744
0.9996737236952501,0.4479562176192582,0.6587808965880085,0.04810588880372495,120.87104716371698
0.9963510062312256,0.21477530937692227,0.6749858186620087,0.02038841680803527,81.9487838469858
0.9983728612204642,0.3168603619092163,0.5880108008102686,0.032160450207841945,89.06778993345023
0.9969418814262773,1.0980422093089357,0.02104976426649869,0.09780921926924344,65.31495987660912
1.0052123305761158,0.5557549330080295,0.15098436933362816,0.0835164804440307,48.51211367508881
0.9990035115469788,0.8369927390201448,0.05904879938828351,0.07612476978350094,42.14623465090858
1.0021715199151213,0.22384496712994217,0.7138080240465359,0.02497649283837455,90.6802512779962
0.9963767744958488,0.705848124298023,0.44258945596361854,0.08769084168165282,114.0230629450557
1.0018199156579481,0.9019928520940315,0.15958104345986043,0.024432614355096673,47.75527962139864
1.0020442549273039,0.5219474069600228,0.915545833108519,0.07131761355280722,180.9093486036509
0.9997151634225511,0.48674384355584266,0.8851298575832204,0.023572872331617117,162.99944095300916
0.9971923049395769,0.7752474069690838,0.9157894624409353,0.05353479846957121,215.0189656544928
0.9983411646061074,0.941940328743641,0.1318043573719735,0.07313884186486581,58.38462417159752
0.9999796580798973,0.6590827192419456,0.29971436120208145,0.0986879678580962,84.8223540943535
1.0040525401950553,0.6583121049464278,0.5795411422170635,0.04328703186158386,131.8236120649682
0.9991317922699352,0.6667960771515455,0.6998240347117418,0.04292197609739236,155.66347226008406
0.9980638449759818,1.0106058043566948,0.259945269992367,0.06384408099765175,88.25514548855813
1.000577974311952,0.8526133238667186,0.21743314252194684,0.0213247954454169,58.67497461613618
1.0019166627814153,0.6161048376264202,0.759543982014544,0.03499845311133265,160.5782994965175
0.9992373494489027,0.46071630428505655,0.9501068804857776,0.07562911005791842,175.0123327706769
1.0009723254359366,0.4914198436531382,0.5556389748919969,0.05716682436437524,110.14133497067553
0.9975288451808392,0.5566535868438309,0.824325029986663,0.039856079549707435,164.1599835688949
0.9959129183864657,0.7409324653210043,0.6574419121041036,0.060879768461671424,157.7113796852795
0.9994986029537118,0.5492583699807709,0.6675547747072224,0.07696209305718237,139.99677558032374
0.9990567619109733,0.728918724639394,0.49097650481536703,0.09907852395431822,129.78810797099743
0.9967000018293745,0.6476936857461795,0.6324346445947557,0.05463888682906545,140.9725057968834
1.00246034835949,0.8347575344173346,0.12240341734870686,0.041268577328403895,42.4617263786522
0.9971888025084116,0.28321439413424687,0.014901824231986206,0.046656660327767954,7.04160283717124
0.9981371106096939,0.9895660113169269,0.9717452890920262,0.08000716989896182,260.9364873501961
1.0002372700252613,0.7118635684284413,0.6331392058672314,0.07801200628523058,154.07548246625333
0.9972823044764314,0.6849855397986526,0.32282040918053867,0.09273103458428397,89.0792350968087
0.9977316495856684,0.4052978316765008,0.38507394535110573,0.07708075603421721,73.18222561849296
1.0025205534772492,0.9225806721051759,0.0623989267034856,0.047084130192509455,34.58802703175951
0.9955810359100428,1.0697643418277358,0.48735015797063724,0.036682191903752735,139.99941655837108
0.9976417746421674,0.953693358767312,0.11724669049393564,0.06772690450712002,53.315909817781744
1.0024345349547799,0.22981515230457455,0.41994392987749923,0.05372670183166807,57.5884607755504
1.002541573517493,0.8047917899082224,0.21718855594986541,0.030452959147748242,59.955808361565005
1.002251167185473,1.0745910942518155,0.8389344897935834,0.02645361135767497,228.78584458021663
0.994641481701434,0.6634180612976258,0.12531260875476502,0.08707110426612051,46.2106326890613
1.0019136205137296,0.40453051846660115,0.04485912902019539,0.08653269298323484,24.745729313333754
1.0002410331666436,0.4567533371049416,0.7843655721218248,0.09379118855698138,149.22405984468162
0.9980157543937426,0.5226174763267595,0.6716906278891642,0.04899245321662824,132.75680943040135
0.9969017631659962,0.25916923504730605,0.4614391722003628,0.02006414477538181,62.23758804990484
0.9949451938527284,0.6486863920288026,0.7898927431328177,0.09643307041792272,178.96430295229146
0.9985339488756182,0.2942219769582377,0.6766868636097083,0.08590875622491921,102.8624261232365
1.0031595882800575,0.7397674169623785,0.6482476773891618,0.03599601948198414,153.10850829240388
1.0020557664765957,0.5390703222536052,0.908714929755462,0.04545567755374256,179.21878050916507
1.004514208835533,0.6776418374759006,0.9056431837910831,0.06977225408544432,204.6295841856491
0.9978619034951393,0.8032144179942402,0.896448318280344,0.02303125421264646,209.45780369835177
1.0002664333317994,0.8292338269518316,0.09953335467653154,0.08357837239138315,51.74452295290689
0.9969465718072524,0.338184833752149,0.42148029730350167,0.03971293308693172,67.49310480995143
1.0012370652672047,0.8894552954402042,0.09116605052463869,0.05031664677037241,40.046725132753465
0.9989781518977302,0.9498810944585883,0.27771412918662713,0.06772169754549343,91.1098368982179
0.9999205012399778,0.7789583653726326,0.4855300210819608,0.053696260083304956,123.7747245898205
0.9989821762585074,0.5274694779031579,0.385847192519255,0.05531512202281809,82.05547107663511
0.9967561443305035,0.3315905069440009,0.8912046557848848,0.0829443238302201,139.6881826190334
0.9999699951577072,0.6146118677562995,0.99725876149462,0.0681816105651465,210.12997519178657
0.9995940447373717,0.9910425268622818,0.48619616710365704,0.09749533362184788,153.2366942595981
1.0002851744389496,0.37478772207421623,0.442241815504884,0.04985022417995874,76.79926606350136
1.000389683668776,0.6781287119404519,0.3281959230496415,0.025487002162422574,76.21444312683951
1.0034894273641353,0.96147872904051,0.7693970926563972,0.0746042430807119,211.86950051007472
0.9984380072916359,1.0957231400154581,0.935983726735597,0.03893665037731246,256.1604041064548
0.9969855730410965,0.24053246794462052,0.49677989585747756,0.06296268987541709,67.62113197644538
1.0005570951375136,0.7505879865072635,0.6838731804142844,0.06322147722160432,166.116495738045
1.0023021532752587,0.5020283542277653,0.13437962547937787,0.0772676869672479,40.1587336060785
1.0012718063272301,0.833409040233354,0.3198429478276927,0.05116722461006909,90.00757208854395
1.0033294296856785,0.5972664196640769,0.022760725269492233,0.02299397663148186,12.185122328921238
0.9986769079807875,0.35702648177741925,0.8873936635213565,0.06325960546756441,143.36967119051434
1.0007043745138058,0.3359266142923382,0.41590126198558997,0.07628325392424092,71.51233555686758
0.9954530034199697,0.6567319574915166,0.6225575561499653,0.04220072489398266,137.34419120470858
1.00186454712999,0.9018517848495522,0.2146317532707479,0.06704687628389217,74.40962509869843
0.9981899638238998,0.8407734031319769,0.36028737536534694,0.0291752672116021,93.18478899081367
1.0010831121245323,0.8994488045011406,0.6816885596202722,0.08841317600839493,187.17605733506326
1.0005424750138783,1.0325852954426118,0.3597013981430145,0.029801341484671538,104.79803838405036
1.0013454445163699,0.3770661637206411,0.5263610452643577,0.0606117595636913,92.03764251038774
1.00168399380953,0.9323368771209815,0.9238417929202224,0.07323100617745422,242.7343916241885
1.0052233590532946,1.059899820854733,0.1588364955652207,0.020912137585331142,52.031784401340076
0.9979928738266042,0.6353761123977131,0.21773619813896455,0.039483307175852175,53.0604125686873
0.9973037065402447,0.25489273808972035,0.5891047970993378,0.09388294034951696,84.26210717506859
1.0026844481235013,0.707923878406171,0.9788700034440068,0.09887975254023412,227.81506833136729
0.9954778889439062,0.5541801707731498,0.03229766003818311,0.02807991382203477,10.518973203732116
1.0018054176501492,1.097413099439865,0.48539068336572533,0.023449348811528648,139.90962016660387
0.9997739450980621,1.0609656953765445,0.8857902853147862,0.09019328071493843,252.81762520686374
1.000589454734032,0.4826529202254597,0.5840144927464489,0.07219075988649232,116.19538791266052
0.9988967775425169,0.8743246972421794,0.5487263476468467,0.06197099575350723,147.6127747940007
0.9982493842042056,0.4950004086974014,0.2873991770508605,0.059692913826737734,61.99486507599363
0.9930946879492872,0.7207573949837636,0.38230158299452294,0.059750628657183946,95.46521796088484
0.999370168799946,0.6629312809087486,0.5142743019917436,0.06163096504979937,120.69700043752141
0.9974223037335845,1.009690158835665,0.678709963531635,0.06798533871564726,192.48347102300028
0.9948604088461804,0.9692851355391483,0.6189622465773746,0.09982201695043937,181.31190618002273
0.9965692085097709,0.38438985731593145,0.619418176430686,0.029063862557338282,102.51192555351543
0.9967876510673622,0.8979024487631284,0.49290597746875103,0.030274013614971694,128.3075687288778
0.99940146814212,0.5693490022560334,0.45217177661895974,0.09678716792499821,105.4785842800747
0.998139797614279,0.29863557210317837,0.4569309766557502,0.021407221833925308,66.81186969806106
1.0026548879905202,0.26211265215101714,0.4834693567604311,0.0597478758335003,70.795545666468
0.9940393249915023,0.42178005237037064,0.6535632575408579,0.021811348195200458,111.35873241028833
0.9993031360578808,0.2739560528042011,0.4384492279303673,0.021149370281165175,61.81350380585246
0.9955958878189389,0.7579748914000852,0.8685072179661162,0.06018103882230948,204.06253987802754
1.0031011682627002,0.8006619486164237,0.5011135032346109,0.04302105304931085,127.68320295709913
0.9985917474458699,0.2863674870940613,0.20160024924841757,0.062136002435367835,33.82153814517034
1.000065854334544,0.43542943418990615,0.6306743096105086,0.09725698937206974,120.85563897312039
1.0007141202216228,0.9988908690021252,0.07312800082162511,0.047214337342226714,38.06569634243198
1.0007240971102833,0.6832061022614722,0.1445507892439834,0.0823322208905058,52.2930515532683
0.9983550028328515,0.2820032886489777,0.43155238401718,0.031754984278664855,62.48494440228069
1.0008677850781766,1.014453845326256,0.2992675883973803,0.09128485895957307,108.24687244149368
1.0016505890478271,0.24518989652494327,0.38318253897470944,0.08146597092116781,56.82948996796563
0.9984253825429775,0.4487489102289218,0.742900755961378,0.042071285504997655,134.20904736820586
0.9999601946718861,0.8657425900899764,0.7759279628344998,0.056557088455445104,197.91686777634973
1.0014923602635288,0.3119481987507972,0.908739565259459,0.047621231431198875,136.71246708309144
0.9983712508523828,0.7479980423174961,0.22929357731885422,0.0768178820865607,70.40650443322068
0.9945879185732633,1.0507141916051468,0.8295132720330679,0.0335468042186242,223.29581903228973
0.9995734510520422,0.485609710930118,0.42344636088105253,0.022219475539697733,80.52025424901262
0.9984383384381472,0.6404360000339642,0.3274656855451567,0.0765140657875783,83.55930617970222
1.0036029735342982,1.0001412797231064,0.963891338295951,0.03236525719627148,252.29531534528599
0.9998698961120314,0.7550859709029365,0.5124187770315459,0.06394859597155242,129.48110041950554
0.9981359950266274,0.9539509028916555,0.3548180555790582,0.05926094332157192,106.91180563493134
0.9978227882387154,0.6492129733437839,0.7345415686936076,0.06654170228293144,163.89383251471548
1.00103046565729,1.017603603282914,0.6613063898310371,0.09563265231810752,197.02619075444233
0.9960098472329642,0.3368213446253052,0.27507610226503804,0.0647492133067316,47.64439414518449
1.0002623055724418,0.4024768902399889,0.5032770218834249,0.06746219669296416,91.94535927305077
1.0001138490552535,1.0521089315724865,0.5773669068418104,0.0974708857253564,180.0705584093791
1.0019176134831305,0.8361790052848246,0.7967696983303977,0.0706192754550687,202.62881717728476
1.001631071190087,0.4466534232122288,0.4908298407130048,0.08089952318536506,97.28363488974554
0.9984958742255218,0.818726821626214,0.5122159760947005,0.09370374465987741,141.8677345107452
0.9970758300678189,0.5666201357183869,0.28281799144907477,0.09226530035412142,71.78706891924082
0.999304899919205,0.514683409957106,0.1690238665355468,0.06890136889119458,43.83656828183513
0.9961750860600955,0.3240509662560816,0.5192480632413979,0.047501818839465595,81.00048489132308
0.9969441043139039,0.7961593041499322,0.745722192713114,0.0730598465676651,185.51007022428269
1.0017370805012626,0.6438280496791966,0.01663218601829328,0.04427536904286312,19.691682009390888
1.0001958116904974,0.9798049788173999,0.5205665981270743,0.057545787894579384,149.25276754398772
0.9977684021711809,0.46916054968458426,0.1588497690847861,0.08805512168762883,42.49678083517949
0.9981933880290768,0.7379337309113518,0.2035871072894687,0.045153764774881096,56.202846437211235
0.9990265933769678,0.6227409934154822,0.35736362679261086,0.07290989525054524,87.69673766081513
1.0023067284264662,0.9610856197454272,0.6002013121648715,0.08592063152365197,175.04207388184994
0.9987461302095555,0.5061674279986619,0.8021762176140774,0.06172575004350604,155.9253268255286
0.9978884552460273,1.010070531939973,0.6981476300792273,0.0909799738550436,203.0217092353279
0.9975297632338966,0.9235463789643887,0.9211497815087629,0.047734198949591404,234.3141171543658
0.9986169486297036,0.6474469774426673,0.6730651007726798,0.06829068840029147,151.89297234943308
0.9988508869190121,0.8969213979732575,0.30935995892943513,0.05774082118269941,92.43711916989156
0.9995051174326376,0.6433850462909803,0.6949007301087862,0.032043421985319495,150.33518812613045
1.0003311470059286,0.701297830814174,0.7114061977195087,0.08898172979128742,170.76058623535852
0.9979869921020045,0.6203588994667729,0.5835963238088987,0.02915765076878561,124.29852506283345
1.0013841574974152,0.27543629762200444,0.6467228530652014,0.03209475338865845,91.85668154870893
0.9989954001315933,0.9477518634928679,0.8503715178721382,0.03366265401330743,218.9975891731882
1.002622394616325,1.0687745373960824,0.09100311129722811,0.02144373030594904,33.68699401623104
0.9995747531794427,0.2330428812801594,0.2651564052076773,0.04976409724653545,37.273366170556415
0.996431329395862,0.729010910927171,0.16076084495604798,0.02569207540866799,40.99987040974082
1.0016950375454097,1.0276609766902915,0.4674529261618953,0.04023834792257992,135.27371249320908
0.9979189233962785,1.0198116231131567,0.5191635256207372,0.08479733523367841,158.913985333095
0.9983633946020417,0.2300537777619546,0.33511008755836663,0.08562845313960564,48.02541088854781
0.9990739875285538,0.7553796264041512,0.7501315178101481,0.03532335643455116,175.0982073851771
0.9982365884741911,0.25241026208738515,0.5603073396933522,0.030350052561182936,75.42702194880968
0.9979355815816795,0.8822649557879017,0.8840437423998612,0.043426284333862086,220.34993427224217
0.9993423577802065,0.449947561026825,0.2468618269175968,0.032463935067343214,47.91006951741724
0.9994996063977875,0.5018013155935424,0.7588688963187541,0.03983445627256699,144.7825637608326
1.0016513019648872,0.37037974131925766,0.13480753373890272,0.0751468844041816,32.2351918101798
0.9989726564893403,0.2642149283977082,0.8072500361358486,0.07372171972299009,113.5342467659139
0.999118963413703,0.815239031369716,0.4827133661833571,0.06737109222554244,129.33555753180292
1.0028577479959746,0.4295517289056022,0.39125041494024,0.09500131838268645,80.97414676947204
1.0033733111820098,0.5377677050004257,0.6017985225335233,0.027861375776563967,120.56668254713941
1.0013030981176592,0.8763275596182576,0.9761362960384905,0.07903070253670456,248.02907690860903
1.0006621836590814,1.0042196947591007,0.5690861669672661,0.07253267949148812,167.39041219145003
1.003091091754787,0.4570638384584497,0.26280349061313846,0.09131220899519686,61.74089033767484
0.998656143615415,0.8170201076056445,0.5348581166404873,0.04357371452886141,135.12023199633677
1.0005452044072962,0.3785524546129426,0.1303060147068911,0.04413162215328888,27.09325727963096
1.0014540093897153,0.4441932433815774,0.876510707608304,0.08216336222549919,161.49536815508253
0.9983847541993482,0.9162361291650809,0.18065822878756174,0.05453726127927647,61.465409992671255
0.999396498961926,0.9566018121396875,0.7689238906267415,0.06555561446442044,208.13774154358262
1.0009839533871159,0.4363534626096922,0.9759023527664943,0.03725178686606022,171.10352529657678
1.0001387981874257,0.5040849053952363,0.1491250049896848,0.09421575155246927,45.221421649657486
0.9969740377968107,0.6177390247241106,0.8764562838857667,0.07222368237246397,187.84384473384802
0.9974436265406932,1.0255211291148907,0.5011513579756242,0.05094327484378534,145.2986837433483
0.9994768016562448,1.0530361960425434,0.9194197276114986,0.040638769141762635,248.08369407145662
1.0006293595324174,0.2495465039043709,0.2895277126302463,0.04906698440039065,42.16831662163173
1.0018260282084788,0.38516516744536977,0.5045467252511345,0.09876200526277684,94.15328376122886
0.9959665706253207,0.550561454479574,0.777154449240992,0.09170925957224778,161.18032864762216
0.9983131779853038,0.6811823127259933,0.20233053245883317,0.0695604492508932,59.194748945534286
0.9999916051423289,0.5449863664131764,0.3267102130289345,0.02753355815763224,67.88971920041115
0.9996365415486991,0.687426185938186,0.6748451681140932,0.09715413599720403,162.90683744631798
1.0006927108010848,1.0828189316939614,0.5434382826047351,0.037655808664287665,157.90969965792527
0.9983596570267911,0.44919808277798967,0.7864643096442704,0.08625210899904653,146.66900844070926
0.9983664485330812,0.8282219242831916,0.9229501575604352,0.05310964856149222,224.10872867255975
0.9999360735911558,0.596060938579409,0.2540188936438658,0.03332421354086528,57.78102353712654
1.000518120471786,0.9185297343861865,0.3273913346356714,0.04514265781132777,95.02343396567392
0.9962580746508942,0.3322828391020647,0.11699904449357137,0.0370337673086112,20.576980890489153
0.9987258111009419,1.0543157839591573,0.2964539649680315,0.04077653879422563,92.14886905544762
1.0013220214925356,1.0834091467034888,0.10202114074009672,0.04072045914154056,44.45715182332543
0.9983654664392626,0.45383889148131856,0.040829772651763775,0.07141428598335074,21.163416373588007
0.99573862253785,0.2908168174977928,0.3617293759253597,0.07429538965101441,56.65009430039123
1.000094287022689,0.9846876847792558,0.3364485289029654,0.07537393967628407,110.22545036547149
1.0029376567263955,0.581717661147501,0.08030066854992397,0.09360138214012134,40.550169344729454
1.0012268787262384,0.7477051528359597,0.06662069170421617,0.08178153267004756,42.576652694242284
1.0019844981080166,1.009019003390527,0.44938467673528365,0.07347255112260266,139.51626925693142
0.9996139846572588,0.6524284022121969,0.06269191570577484,0.09459955963892705,41.03057549392872
0.9973158906068925,0.21947450987262862,0.6949782361274622,0.09485844358060382,90.54042253656536
0.9979612802254418,0.8009367682407125,0.8283787865672757,0.027797177186812974,195.25434732824613
0.9986012354978102,0.8073602596983367,0.4189808610719137,0.028279530206737603,104.3331771772971
0.997844018212044,0.726325167251548,0.5623736820501569,0.06378064460581792,137.1473281246786
0.9998740808775998,0.6152795306593414,0.9850190533655545,0.030311931406794113,202.46594165592415
1.0011673270290375,0.33215982391728005,0.2780959834985326,0.0640820944790352,49.4930365801697
1.0011966046351404,0.3256621904682219,0.9020914080650578,0.0337028886127283,137.41219806774586
0.9996819751495053,0.5099413203376654,0.5113675654666476,0.07740744358309443,107.16319809028039
0.9985810481735592,0.9000236128034591,0.11933049618574806,0.031220611247633992,38.88213335728
1.0005062639246272,0.8809850492862217,0.500658093151741,0.058848244772978606,137.46997783633668
0.9977860482900515,0.2275856154756804,0.20427888569481667,0.05974649095258951,29.40671651178542
1.0036775675275105,0.710098941596925,0.46806695513978447,0.050283274125028254,114.65743284841818
1.0000509797861796,1.0405504250587252,0.6691039312674659,0.06642087704764851,193.24962719948346
1.002568260180628,0.4341448520211999,0.4990756761300395,0.09059739335524841,98.65191949564263
1.0000496944987733,0.6466138623787533,0.07952768845257484,0.08578267140467298,40.01907097658989
0.9971313945377035,0.4003760020272924,0.23646338861886898,0.04120401060922874,43.6400973023309
0.9986506230566045,0.8198205266538965,0.5313454971679541,0.045694691667472025,135.29236816611262
0.9985207408630922,0.5674005529483945,0.8151078728022159,0.07043995574270952,168.72637720332307
0.9974483111209423,0.35760634507845546,0.3735539442125669,0.08016982127094865,66.68077061432564
1.0003765885822717,0.220378040577719,0.3891851885019212,0.09890004534874497,55.16935329911189
0.9983002495963191,0.8609961061022788,0.8773575477386152,0.04508103616965568,217.0481498090322
1.0013828561383324,0.7573190210616647,0.19488682318315245,0.04792100827692039,57.000701487759954
0.9963064164441674,0.8875922329739194,0.7389405872877041,0.061060799897912243,191.84724987231453
0.998774323722745,0.6383174128952058,0.25129108302450104,0.09429767656924573,72.24254465732128
0.9989529389118663,0.9304580378810263,0.9194735650295737,0.08196562436600652,242.22498489409514
0.9991182446836517,0.9652406202118731,0.8460206123061809,0.09049992965804157,231.99503187152305
0.9990501886567701,1.0304505218338011,0.9687847067173732,0.09546337430600538,268.7265364038034
0.9989783896360416,0.27482882017013793,0.11161137937045369,0.08202583372450171,23.27741616189843
0.9979724440848885,0.9616854317777275,0.8033497395851129,0.02755942685189656,207.33926435378945
1.0010631443190225,0.7140168675181418,0.039529781857283744,0.06225488551727715,30.219123883433326
1.0030802426707959,0.976718326618043,0.03201634879595956,0.07857089939644303,50.7167275506207
1.0015569812461325,0.24114580770180502,0.614909771543125,0.08883735820820099,86.1297920503385
0.9969492953029353,0.9304599105890079,0.34241074793568654,0.04102520532154631,96.83899615687096
0.9981850578607542,0.7355035074613963,0.10827465163793014,0.059709689614454844,39.86996058810723
1.0000312828603435,0.43729985058373033,0.6512387094841449,0.06063224384901669,119.95779641162414
1.0022090449179129,0.3885180359170237,0.7992511080766229,0.05596884783205154,136.5066611807469
1.0010818719231545,0.8239970178683751,0.2767513974403464,0.06908342455960853,84.44584126195122
1.0018705057000767,0.5786950352267335,0.7479385208746662,0.0639821022132124,158.15522999630906
1.003077227938788,0.9209108714241248,0.2679373089258867,0.06512251886799912,87.7361554489762
0.9956710487773246,0.9260346545237708,0.8978161366333314,0.057990727240871565,231.08167476513307
0.9988923922883562,0.6264197451484097,0.42085924052187995,0.08403821917572181,102.94088420214104
1.0007749844248721,0.8100770572476332,0.4628742940990844,0.05674543514636138,122.33418405513265
1.0040277423136301,0.36931158709796463,0.4256743089138663,0.035561740371522606,73.1870905937833
1.001098806602963,0.6878932767470121,0.3015537987085045,0.09152380058258049,86.33322342757424
1.0007127893808019,0.7626614079056486,0.36939026002195285,0.0920430444136324,106.4444281262164
0.9958927518620347,0.24896564705944307,0.13942873999401378,0.05808349678005657,21.764629063470124
0.9981321325686631,0.9986582586318502,0.2950129198541852,0.057413891892393154,94.20529164187445
1.0011900240395062,0.30251950098006103,0.48965202385709483,0.07757949307779233,78.26235687572006
0.9986478436604218,0.4649301335272585,0.23789649037741714,0.05792842707929571,50.892646177673384
1.0014256116952918,1.0445702761536042,0.44235244540614416,0.041511917610625525,130.4721281881553
1.0016249664712786,0.3744016227031063,0.19130540853008568,0.05512862172942527,38.290664583796456
0.998002965211687,0.9635057371427767,0.018784276153905134,0.043927734770729955,26.124817089900716
0.9980180088756666,1.0166977250582583,0.5785430455648365,0.05541750081804872,165.3778130734559
0.9999561921574001,0.43588631698089636,0.11837889613659966,0.07156686723827416,32.04760804902156
0.9989506649832073,0.9592614877683752,0.9921470944445221,0.050127980584895745,255.31664626871546
0.9996844826024216,0.6779666545596145,0.9344095693651492,0.08117904957223997,209.94074982597922
0.9988767230749457,0.5784489155212282,0.6125726425823041,0.02891487119815255,125.54801589268527
0.9955011688504741,1.071577029540498,0.9490701100740041,0.09972421565987306,269.18648622513047
1.0013046699467352,0.3820745873131386,0.7140153822139899,0.09812848801300111,126.13058933099353
1.0023768794138956,0.5525817545493388,0.24849946934040223,0.04577498837805833,57.62379996268811
0.998154207136252,0.5954135498178146,0.23813420372879318,0.028041142370066253,52.888995059458125
0.99950781179388,1.0725590477759868,0.850718777052767,0.0895443839447211,245.8518273598335
1.0010960764515662,0.9550600512834777,0.8438195333961654,0.02068268377305862,215.7323141127974
0.9988301702907437,0.26828387155017996,0.23399909051766707,0.0856653831844856,39.185850325987815
1.0009037762790765,0.72698056610237,0.8427325667360788,0.03820120659745842,192.11514376375004
1.0027789518179233,0.5274373490081729,0.20219327309017057,0.07445613780718506,53.0101131907108
0.9989048085663222,0.20210388636456625,0.6603365487562474,0.024108586558932076,78.97027313457028
0.9975781563979845,0.7648365735276028,0.8111532377788931,0.050405963030713,191.4615122719007
1.0029808516692924,0.8442932119171283,0.9216837910917941,0.020908828038589827,221.1343859502272
0.9991309231863285,0.7781164903624656,0.4028002455988518,0.09543075901104972,114.93246284140616
1.001101297861257,0.5830006676280466,0.8552136731396571,0.0932325778100423,183.1051083205234
0.9979872408255264,0.881279186033118,0.46966368484663784,0.05428044939219209,127.84471849418406
1.0019209199454213,0.9075932330968486,0.21273025412802285,0.06105987522882436,72.29765012116309
0.9982828021564043,0.6539056272958377,0.8331724593703967,0.06234738152733328,183.8157528371961
0.9998697338436421,0.5622124869965011,0.6375167753059173,0.09673082777712722,139.67454425768614
1.0014587462692044,0.5311338326288326,0.5251430510295492,0.08292599057742985,113.19184591987903
0.9999983771870911,0.47375663932766643,0.7608375566992299,0.0686652059394184,144.8730847338776
0.9983762359293961,0.3555254074807723,0.9258089336215856,0.0798332524369581,150.3494873532763
0.9996468631096531,0.5965575961247624,0.38369376137531114,0.033385541504962486,83.44439555867115
0.9963367378898479,0.9697578360334711,0.18882687418943503,0.06146967506283482,67.62328825965233
0.9979381349606876,0.8549898059671575,0.7932836835455376,0.05704272000095516,199.86427552007447
1.0000575149100939,0.928965938667375,0.023706180752298082,0.04296863735807871,26.107747906471218
1.0033348160636992,0.7781902677217587,0.7011203255238108,0.03444873547294701,168.10228804685391
0.998911141573567,0.7313857841580169,0.5808109841528538,0.09467434386291974,147.85019724362996
0.9998235480497891,0.5887386702356039,0.13911317625071312,0.07776232049291806,44.657703547187054
0.9969944131514198,0.6371687719723481,0.25448741783260065,0.06542896117077814,65.73591225620015
1.003343966242901,0.7036832872872401,0.4363986545892204,0.044428849408359235,105.95026738783633
0.9997825054306354,0.42320970962518134,0.5081627868614469,0.06906353942155018,95.04998295505624
1.001658644714062,0.7328752430011367,0.4780013213185994,0.09062928019778523,126.68719763334423
1.002507521255777,0.5779278389556006,0.23142195856281206,0.03587434364170568,53.78226185416463
1.00279185802355,0.8468954093760099,0.8776866980454653,0.09174708857290113,225.53015678259027
1.0019154125691243,0.6976103996455015,0.7918312950162302,0.0797955883326939,185.42390867049832
0.9982415747267287,0.42587426694502156,0.09603362239698487,0.07521897846726078,27.944330036743963
1.0003434411717507,0.5642346757128129,0.19337075748485474,0.044862999818630844,46.66482812625986
0.9963979970976391,0.3506818134076271,0.6747840690448382,0.029938243051621738,106.24019297333109
1.0032577742802868,0.638497640275064,0.08388097868357111,0.06174438478303636,34.55307785168105
0.998200535184476,0.47430684007840707,0.6018964206039253,0.040415539453683244,113.14493047988339
1.0016553110816302,0.915148633870958,0.9217584458192183,0.05425166071806635,236.22810083451674
0.9974199696436745,0.29389803854077046,0.2947084215198234,0.02879802051319867,43.810153050632834
0.9981114025033755,0.9192760319669318,0.22300768095013557,0.07997171697750918,79.87702181113144
0.998102436200335,0.3480079871712216,0.42209296946327374,0.03422879227674522,68.26712155960809
1.00010626901519,1.0045890073867416,0.10826257796268093,0.07294243671710271,56.98052699852292
1.0003139173512723,0.6771086605138801,0.5475872953806822,0.036839751056488707,124.62644177646933
0.9995458440406934,0.867108723130704,0.9589918779081551,0.06856370899948987,240.35045504206892
1.0010538907117186,0.8226585111873277,0.5031989252588837,0.09519535502593748,141.38354263511894
0.9978982331939857,0.6312315529348136,0.8198694727725392,0.038681419280687364,173.79539175870713
0.9977447313276153,0.37539387054867435,0.8073020352166237,0.08306969928545745,136.63178938842412
1.0004678709261037,0.7494040597794132,0.22665579144139067,0.054622391051521224,65.01356862283512
1.0010327211815113,0.43293193812816977,0.406669925690191,0.09679123413151448,83.54111241826149
0.9978263906516631,0.3584848362040942,0.7448990689179319,0.038754856260482404,119.45151867902757
1.0004206600862995,0.5968720852448532,0.7476853271786389,0.05379461315678265,158.29957553181617
0.9954524971231933,0.8203284107739526,0.16056726499151672,0.08135145112843281,60.151252131961655
1.0006984054593016,0.3724228292771081,0.16035018944207696,0.08651575411829301,37.413480050729504
1.001393124537559,0.6787074816241012,0.8152030661750559,0.06423012658209264,184.7507541999703
0.9993222909415297,0.7748970604845196,0.46204920532743793,0.049321915667858936,116.86427497987785
0.9998191761390068,0.27520516489238356,0.9997945494186914,0.048161922212416566,140.04472844864353
0.9972980947385848,0.9100931162178476,0.28230657875212356,0.022258604272126743,75.84849426690835
0.9989629986132588,0.8472861892605537,0.6765660249203306,0.06771733044326031,175.82789292208793
0.9997346840505685,0.6587509729934664,0.40053380079698314,0.06229409958219394,97.33135777340101
1.0016525799464102,0.5808700416316825,0.09667050633245923,0.0875170408589864,40.34720320393069
0.9961427907723424,0.5014425337725814,0.3275946968739552,0.04267452031414095,66.09373439695139
0.9971590491390945,1.0127012271080882,0.815501371172482,0.05160998636474634,221.0412968250092
0.996362803551983,0.8218705326622509,0.22010258122696416,0.09345214365318731,76.96204330828255
0.9977880398998934,0.7723075105645036,0.8009844998127853,0.02551819465938313,185.1092380923029
0.99716797773239,0.8437316451847083,0.5908413283599001,0.03742782631235892,148.28459364713257
0.9954674332306019,0.9281266723850596,0.2564474545938485,0.07123831869997922,84.44040658060862
0.999060669142448,0.22102704677797078,0.3183218018111808,0.0413235977061482,41.93423299154733
1.0022725113367394,0.9360403528284142,0.9996964542821026,0.08087489934712504,261.8219711106202
1.0007193546455029,0.8793020430825658,0.8825137213955159,0.08963010262434715,229.97300907944924
0.9983663964982645,0.7170121635733597,0.7900912179514151,0.0802247006229985,186.50605710157345
0.9994733375278806,1.065765857035812,0.21076010322207284,0.05901824709807556,77.56653273711913
0.9990701430934313,0.34602479024980215,0.7403543824176166,0.03199671183819647,116.45607681365135
0.9997582002414064,0.4260916911563725,0.9097069406343942,0.05417497774022302,159.89458439354155
0.9998466120510406,0.9702008287614281,0.9387630713462409,0.053191766094475706,245.84617461741487
0.9974947408941055,0.2488637165330399,0.6313875453381266,0.03265152132952129,84.04833175133388
1.0007334207879097,0.20757753902482995,0.9465610654105677,0.06046980096880128,116.18259218969507
1.000927065537639,0.49025000733538504,0.21920575788712995,0.040886124682886674,47.28260853746656
1.0021809031155187,0.7807917976818401,0.6856567723683452,0.04119633204270713,166.2945368147225
0.9959187018315797,0.7472365489878128,0.09214808920126688,0.0869229719323948,45.410868394017655
1.0030876001429567,1.0866825223765246,0.39150059944687954,0.0989723296903341,139.42268297339024
1.0014115025507335,0.20789059204025007,0.12849415931094912,0.09276201365192988,22.95956559937133
0.9980310344271136,0.4958035520944802,0.5604923772723959,0.0738962755967312,112.77583056681453
1.0003116120200521,0.33203376957231245,0.29874988895558263,0.06202347667405732,51.96365369779221
0.9977139764231047,0.2805498021579089,0.49430859788401205,0.0515739557438315,72.22252747923346
1.00271948425435,0.3756547238731175,0.7790976393787364,0.0637489371603118,131.93940252607712
0.997156645359229,0.24814600026269534,0.3562030622200853,0.09224934655069099,52.949332830550475
0.9946214769386764,0.9465792934103088,0.07447447606432246,0.06433547841967072,41.36621792111572
0.9966212802683609,0.7223758556943174,0.5219747735834833,0.053058648401919636,125.26341426299189
1.0014943618662913,0.8815707507992283,0.41232496442382205,0.049294279254978715,114.15856562615761
0.9963231709796654,0.2793892478243104,0.11215300864260053,0.03938669775863138,18.067117317462646
1.0013548557122274,0.36336920256356475,0.6791332633522649,0.06897777658033098,114.4643059896494
1.002185398348539,0.20285672485435127,0.8090758146857465,0.03768817551097704,98.27862722835135
1.0007419517365541,0.7904121402934281,0.16644173992736214,0.06096523141583464,55.74564267636981
0.997826076430851,0.5547559214895944,0.2866531126852861,0.04245976182128798,62.79690548192974
1.0011982912515287,0.7887170586288144,0.20072585362817996,0.049453024262712614,60.19324659289936
1.001560559245207,0.5376684466836514,0.02107776719711633,0.07319756339032366,26.44363111630844
0.9955823700797617,1.002112674770976,0.7397732093366656,0.037478101066484,197.88192295517524
1.0021952712518587,0.862061455355339,0.27613750361499695,0.03489032717851273,77.29701033814467
1.0016078877489472,0.7681765755336734,0.06309496125713933,0.08378748140902588,44.150898283668425
0.9972701191202162,0.3229278148452277,0.39319766231970954,0.09664489535112902,67.49656479424169
0.9969634783640554,0.6091064016793943,0.854167268948783,0.09810220561828337,186.08432657416893
0.9992808408998947,0.6544796435694868,0.9415611841274173,0.05643030152570176,204.3262844283714
1.0002898453681375,0.5543744403708581,0.4758795107700694,0.09723632629332855,108.82865024848576
1.000915855278213,0.27870257137602034,0.03767446551211796,0.06569920673589878,13.741942191463863
1.0007506609975945,0.6322215076157172,0.6815601326821584,0.07039613365487901,153.04915651228413
1.0002152729897835,1.0030471455723873,0.8911692430892946,0.08385155898532244,245.65127008026397
0.9982741085456481,0.4976178043009819,0.5667801982736798,0.028909539745295705,108.04118909149895
1.000668903948391,0.5976720601032534,0.9800435447682986,0.0771115914913453,205.57737502048664
1.000509605192397,0.5801381710723938,0.42161026597265056,0.026009050658713832,88.69816583334915
0.9977233649103217,1.0911093245855676,0.5487286949313526,0.03111907806407265,156.8064649670028
1.0038817222153278,0.8562039446672325,0.17881855050363077,0.09808935500417115,75.41706114079744
0.9980473228844178,0.8042883100751164,0.33054599499189075,0.0856669731455573,98.38878057818243
0.9989022302787789,0.47362650750002927,0.14749636706724664,0.06929848884112516,37.86197689228277
1.004884779249849,0.22593724885258482,0.9612961771457557,0.07961014185584915,125.89454275711529
0.9987233848947165,0.7270327630390807,0.781019313647875,0.05827575468924581,182.41200078752425
0.9992796944810209,0.6122306288059032,0.3165078078489688,0.03838564259625804,71.85744091688287
1.0016235073365638,1.054804200212571,0.9852779348431072,0.06559240158987618,270.2842639600992
1.0014487852469371,0.6407422503172977,0.23612368543676387,0.07704836398326338,66.6889632640457
1.0014531098698272,0.5110632208428018,0.5429260478827999,0.04144710666485421,107.9263167906397
1.0002375083808932,0.3261866018783973,0.7249581300484456,0.07163732350307278,114.74737170257094
0.9999532403697983,0.7501681133140965,0.08089106257191059,0.058007225409163546,35.38283216126001
1.0037477981072636,1.0846490308607546,0.2958032079493067,0.0507703869104239,98.89787095954779
0.9989432051648,0.21343536112328987,0.8880623842661657,0.08768336637745193,112.09239829814618
0.9960205465901246,0.559330892934063,0.9143365141274116,0.05915987515106688,183.10008288852558
1.0002627671827995,0.48630000677796015,0.6371133584951129,0.08643304582224719,127.86869536097174
0.9977971674004622,1.0782185419584362,0.6756467776373358,0.0437689827202334,192.05300502883938
1.0000475109283642,0.8674222717148039,0.78997548772551,0.02192699229890768,193.75279105216376
1.00426802490769,0.45546808834067076,0.9156442090909754,0.03853861553547777,166.2129555476105
1.0024260686721,0.6245045984923188,0.15631088422631131,0.08235634164674083,51.96369367223724
1.0003735165571923,1.0758702492594145,0.17717256850193944,0.08253008164314786,79.75580416969166
0.9977062366753181,0.3480313919435732,0.1934648451806846,0.09319887280868494,40.34611038862795
0.9963039176018504,0.42214690752881623,0.46528881500907254,0.07536228021947498,87.49820998275953
0.9986405964827026,0.7817404658531351,0.8733264455786788,0.050242962185946746,206.7774527437741
0.9972727201162639,0.22395329507694853,0.29030280177097517,0.07586552642486155,40.69358429449608
0.9964678100727122,0.2109083689638531,0.9111458822888692,0.051540487585913106,111.47256384800005
0.9971548133422006,0.4647486725914638,0.7494674242590184,0.05051251512154404,138.3155341604152
0.9988690995055998,0.2812464191882815,0.6123289004301773,0.028516951117891685,87.17667165748179
0.9952840983988472,0.2819526324393663,0.9413130080492258,0.0801203385164776,134.63824155005977
0.9945651589934236,0.366767548935071,0.9009440601411869,0.024966506287416017,142.5810267800352
0.9972330207918787,0.23247201053289687,0.8023131434327885,0.03771882214363888,102.78860159264372
0.9999192178883405,0.37843328236303064,0.2298847099138149,0.07802174105060077,46.94170982165434
0.997719962367948,0.9404919154571822,0.18598552820509712,0.05959262519105177,65.41245521526145
1.0021687207048178,0.9251311930277633,0.8130540707151548,0.07481899870779261,217.56443043574478
1.0067081010481636,0.9362391875916019,0.4362721700707564,0.0489096951760249,125.57244509534718
0.9990930615556728,0.3587178225798688,0.0640345585062666,0.09777625283641975,24.678687279106043
0.9971538562212645,1.0766577198473781,0.7079264113717317,0.04887379265386037,200.51216848622437
0.9991131911154473,0.3411784437252585,0.7172740680179832,0.05551596022584529,114.52916459633275
0.9963777550492199,0.8481223506558382,0.5924977561975233,0.09198140842592703,161.39902277428382
0.9977402244797149,0.8253252359848033,0.5568846693993805,0.022729038895458926,135.90548811725813
0.9989275568071202,0.5636268729206564,0.5727853904437264,0.09044265289965771,126.33881962436686
0.9965462435035182,0.38395692171882756,0.8552959884441118,0.05468948462470151,142.1445438277779
1.0013106045386886,1.0328527732212345,0.14045265093067819,0.07797021550291851,67.70673618219718
1.0037575034377908,0.8004560760850317,0.9185102577178003,0.09853681163976848,229.8865155655903
0.9979948442001091,0.40379761423991556,0.915214764236629,0.07268458590515584,157.77994582864318
0.9986472076253113,0.30011980470852556,0.6102264184423973,0.037369117962719856,90.56593425431794
0.9983011656260925,0.4749613379432659,0.8783965040632987,0.029377266079977354,159.70400257227413
1.0003390693723093,0.24796291395514855,0.8574041801717429,0.07236890426558698,116.52364288226477
0.9993947327688343,0.6742648729488322,0.5714533906705905,0.06893888146336172,134.7916632193187
1.0001830504779792,0.44268060950385335,0.4705701413094069,0.03233975853838539,86.20715961071187
0.9984396170449457,0.47198504594395263,0.9801384529519396,0.09165415141009935,184.60441139545463
0.9998001693584201,0.6484355249925396,0.5387392202552648,0.0841679929313985,128.62001364176973
0.9985644919372579,0.6221230443525816,0.7637129252627978,0.09594493710109658,171.23219953114477
0.9998647548669994,0.9638749438164502,0.5555991946636,0.03440174601202717,150.6190843096553
1.0004336626286343,0.7990441097599208,0.766079072046383,0.053149570925694375,187.5792023570803
0.9999720578813033,1.0812981020155361,0.039008876534959706,0.07685281206393599,52.872340087636985
0.9963281925088784,0.7828046864052494,0.69751078938071,0.08136479347512338,174.94290626936038
1.0004103239801638,0.22839880062802898,0.04022610000822373,0.0924121511786518,14.86958859549452
1.0003711104561581,0.903213162797168,0.10067980172369055,0.06051052086236014,46.14471408893837
0.9983166269209225,0.7035634387547107,0.06817238986464964,0.07501299078478944,36.599448350120895
1.0033131041945011,0.6286641601396288,0.9562715985394483,0.08465486282283055,208.22971405445557
1.0014290643565475,0.44200377897151344,0.3013850439648763,0.0922194641810222,66.29335324350285
0.9984329365420249,0.5548167385602818,0.5746521637505886,0.023188736916178582,114.86700999203958
0.9978466765036899,0.7214215405289393,0.0875430708354655,0.08005897263014168,41.91506468438422
0.9972109545426098,0.242606627507009,0.7323537841006033,0.021088798988777642,95.01357441951393
0.9979157782124201,0.9418210225120476,0.7125445327791626,0.05756684052443915,190.72860747173024
1.0014467111801362,1.0272468484922175,0.9003801252100038,0.08516971848498535,251.0154770959497
1.0006620694672368,0.7588248235235369,0.43527262394620836,0.022838444550283166,104.26981255252048
1.0047878811007775,0.28279526131097055,0.5399285216379143,0.07326660071405501,83.11198955163752
1.0021202581097377,0.431597539503643,0.6739058888181574,0.08415663950914085,126.4806844172814
1.000429782753397,0.9031856809183965,0.040764719021722365,0.024901956305644433,19.25231648278907
0.998298188030412,0.5100606281907301,0.6300594947637613,0.02382059351243691,120.32734740236754
0.9988140225855188,0.8086599985861791,0.2567590469149556,0.07163174490654624,78.85545888284759
0.9978835239172197,0.9884856634357819,0.03333469784296793,0.09975200995478568,60.55068648808856
0.9958917999806735,0.9961229708178712,0.19577314826970457,0.056569436878939006,68.5446765803224
0.9993902789226897,0.7414205262173676,0.559748879257741,0.08233449570929952,142.01230293419172
1.0013825545894748,0.5727276595953549,0.08125787304509974,0.03685627253601678,24.398206864759516
0.9990839927494776,0.919151767219009,0.9277379895149424,0.04382668366905304,235.2471421609429
0.9987836514318545,0.5405012457246956,0.6745769270835499,0.03498286236471304,133.89773847876626
0.9997846140603397,0.4143219345495516,0.3959071193854061,0.028275422443894183,70.33173277310726
1.001787840283168,0.6987692568957387,0.12807308176271254,0.08800077631748887,52.17494599702411
1.0042908275435425,0.7323735179387669,0.9713787232926957,0.07099019296539198,226.05300897432517
1.0015732800402084,0.5642643939511023,0.9561399338585906,0.08674988508309295,197.39197178275853
0.9994547521355112,0.48188843762213607,0.6432015138353196,0.06375124236907853,125.00895438728429
0.9977401888996394,0.8325443188492769,0.7053218223511487,0.027224803899132698,170.97977988537409
1.0046680583229273,0.8078399270831951,0.5431983431516657,0.07903691598771477,146.12415670984086
1.0037094116971184,0.5996082553829442,0.2132643470904172,0.034628901933622426,51.43843540285434
0.9978138906369713,0.5100916110027901,0.22467592835113473,0.09431389096237372,57.738998445800064
0.9989864902763919,0.3221012021805303,0.19414386700843342,0.035155661432320136,32.327918343217334
0.9985778837921526,0.5086516498256328,0.4571290021813241,0.09957533158319376,100.31639661478988
1.0040199723874232,0.4969050232887629,0.830043396496858,0.09361517705330039,165.11952396782817
1.004173119363961,0.5129815368343094,0.06837733220913254,0.08128571600185196,32.62188501358696
1.0010024198289096,0.3425562918396867,0.996519631234717,0.09552194553795025,160.10836701299206
0.9992589567678712,0.32224574245854026,0.24645048581087894,0.02259838994286114,38.83972263521912
0.9997406213453279,1.090993419952373,0.8834250628110133,0.03365530458241794,241.7648977649751
1.0003014195695286,0.6489913599733469,0.43076079573311615,0.06937272981667778,104.28919593465616
1.0018162542633124,0.3057461477055967,0.05631640680497204,0.05664998598084041,15.866724228111138
0.9974503815367969,0.5852961204501084,0.5053197717222166,0.0782000861323403,113.58433557943533
1.0032825489334887,0.36464550469692836,0.8890658931641825,0.07120771246432679,147.6144360252452
0.9993508589412032,1.008477121608987,0.5368668585976941,0.08409873020046359,162.71123133423862
0.9990506285215487,0.9329009128209513,0.4098881466008069,0.06434995176242211,120.7070455244961
1.0019768718724669,0.3720012369089477,0.1331301964290239,0.0963234151056192,35.49660691750705
1.0011368229169282,0.37320401609222986,0.16353792510779455,0.05080972074517176,33.04510448319536
0.9971961659191801,0.2765084635629004,0.1790014448906993,0.05113533503675306,28.489721678148385
1.0007010619165353,0.2037562275740807,0.5823643275173046,0.06161210320430033,72.98470249354483
0.9975858478415178,0.6138514204391143,0.5816893595464708,0.06933204655681788,129.5315104970423
1.001513148554536,0.36306403013991784,0.6523552918465082,0.056840967569591214,109.13610839043969
0.9974286456865697,0.6095127956380731,0.6257801756509873,0.037531623435355835,132.78387749781467
1.0005645407648116,0.548117950317169,0.7609671123716438,0.06431270634500469,155.66226945566734
0.9996797538012803,1.0345118502515829,0.07652621289067817,0.032800035971438726,32.8916304964265
1.0009963418043688,1.0219927737650991,0.3779954241204729,0.07098205589859674,121.7059229579441
1.000560406888035,0.719203559843083,0.27070576079972897,0.08962257300953963,81.5137012073389
1.0014062084715145,0.6147896332289091,0.7819738293879636,0.04603638565686329,166.44202115582237
0.9990221326743286,0.5770632560970139,0.8102022299843236,0.05285221212869537,166.54123110517656
0.9996390690517354,0.9423637089005288,0.17777808572588258,0.04126308369466679,58.070135327706566
0.9920694710996852,1.092616623107359,0.6623553661523026,0.03420198046285996,184.7101439770297
0.9992160409683153,0.5811305435166714,0.19939524196708247,0.04789919329797015,48.799181904926854
0.9968964579650876,0.5579570676625247,0.5979019926846356,0.0338924384996933,120.85017452955799
1.0000225400869505,0.5669918764558464,0.4823164220604386,0.05859292845656139,104.9586161571421
0.9991691537047067,0.5716922411790246,0.17669979219249485,0.06491500616263232,47.531793220321276
1.0000846816631914,0.9406761959225911,0.3400484532299235,0.037530336687865595,96.98998052758418
1.001169514932063,0.8430407714928279,0.6773076476016696,0.09206576603278775,181.4853540349735
0.9984701655606573,0.334903714664852,0.3968104269668186,0.050421243629319976,64.91700309963318
1.0014224928487203,0.4870915164053923,0.8357412948532709,0.04529159045011939,157.52923861347801
0.9995200545999551,0.46198592035776653,0.9722970014005077,0.06914286890123994,178.33755521596058
1.0017137141214483,1.0794411339118688,0.6075296632375824,0.05389153181882747,178.66938104117088
0.9964537191082584,0.9462703678316093,0.36999158592182685,0.05621290646720349,108.7505020240472
0.9992384407172994,0.23302947183381567,0.29521583545394076,0.03493614549368073,39.76839093318915
0.9986487548095467,0.5633701084521289,0.4090435050711404,0.022593620811537037,83.74737629226593
0.9975470125359669,0.8199796144054721,0.743192173396431,0.07715326035706337,188.86993768435826
1.0008737471484583,0.8702843649808163,0.14791032692465717,0.04712522210972693,50.76932197415846
0.9999225897604217,0.47405934120369353,0.6069894015497765,0.08304033615677169,120.34166045843426
0.9990894429552432,0.7123328183362532,0.10902371245435412,0.05830071415170644,39.07928734750237
0.9995690754685167,0.5808422045889508,0.4761457365855254,0.09582290955288084,111.18271354169343
1.0008591001751235,0.7629339174710228,0.7859144240366965,0.09017572215613659,194.3308949854788
0.9979610108645001,0.4476475520949098,0.15260505040931568,0.07198005938568335,37.41623562702347
1.002466541373715,0.7033241220337747,0.06759677963843376,0.07828842577094214,39.90440902617365
0.9999267247861372,0.9718365884372289,0.27329914892111784,0.0809792674449109,96.0201588402864
1.000607362824668,0.2907877215964228,0.3233400423768277,0.03861970961542209,49.52893213980093
0.9977993897036596,0.9552681794667934,0.04616400105681172,0.08861181285399714,52.4425645172106
1.0028327298945794,0.7915093784039864,0.4229194835558957,0.08900987256082132,120.30588344856
0.9994795334542589,0.9464108940727378,0.910591486739187,0.048892565450800285,235.86206114729063
1.000809849594766,0.2252671824038192,0.3613246261895269,0.04526039740890578,48.54995743141029
1.000105246351001,0.5637353374737061,0.9024101768715194,0.05134162148144465,181.97100146161424
0.9987053696483743,1.0785101338675716,0.8318448534025027,0.02937299915476168,227.03163618563988
0.9978869261625531,0.61784352690523,0.1299849541433957,0.031320564757340075,32.59436583675472
0.9966676580375744,0.2131762411545925,0.9688559506672536,0.0731751487014819,119.86357187705215
0.9960800469735837,1.0146077309816093,0.6796182412720569,0.06908268993569402,192.6732029724476
0.9976948665840378,0.9980273980463812,0.40795738705931944,0.04709974810929654,119.3579080904239
1.0009169057589518,0.41489355384308707,0.33421448910772783,0.03328337985718863,61.14889229746859
1.0007410974915352,0.7036049483078501,0.8230225529618417,0.03344829968987772,184.09491373202525
0.9946996591686531,0.9824491915768798,0.8818889699871579,0.04762716224469994,231.57778245448247
1.0008386006198142,0.47408009183507926,0.655713777936103,0.047320955069787854,124.38674449775999
0.998923983297544,0.9670586112568924,0.8549338751816499,0.09903494991512407,236.16753925631815
0.9979126414242553,0.2648250473009566,0.4070795941326763,0.057320169878699256,58.94080943865811
0.998134818058208,0.5493315947755646,0.28115123555581956,0.021550483284942263,57.76878000065676
0.9989365573791058,0.6045048369943854,0.14582562251068992,0.09949452518457338,51.743171384173934
0.9939973159779034,1.0949583505591347,0.4573952935990458,0.03308158548160009,132.66126457203825
1.0001371392775935,0.8115305428623476,0.44103008895988116,0.09833429014807546,127.25897616035371
1.0008831704580692,0.4635161025291087,0.18718182495725166,0.08053549717112782,46.766501585582546
0.9993099317267372,0.24722295389418497,0.3287818236826212,0.08002494376565515,49.02782070004679
0.998143532450621,0.3489454210311994,0.23960954644172294,0.06041065237112496,43.44703714076314
0.9989806345739813,1.0722005375420622,0.03289099089788739,0.02377231810704462,19.037779173179274
0.9994536853812,0.8155068604876532,0.7672907391336244,0.09858485800423392,197.9710414359111
0.9980745766401394,0.9324956726525162,0.36131357877855574,0.03758516076361373,101.0165936723485
1.0001799529852362,0.8664631568307883,0.4795389519729977,0.07792093529568847,135.39044760084312
0.9994675227098219,0.5675988247568393,0.989837985294701,0.04302869661318406,197.60513013223056
1.000427549557281,0.7000721343604199,0.23032939299794997,0.05837226926137305,64.12502796860696
0.9968912008133759,0.4220142946989093,0.9700982803012478,0.035309634337462974,166.0583857716436
1.0012840431576606,0.8952231548481295,0.7589891100501467,0.037460355639884535,193.32548655196052
1.0041871843111139,0.29946442838100235,0.21476530744478822,0.05357165735904705,37.74757682993385
1.000447673734323,0.2510193737698383,0.5154810205303296,0.03044559196565884,70.27669905830976
0.9986401343093076,0.355539425692958,0.634270796725496,0.0505174249372953,103.82418810895291
0.9967121274100055,1.0348275898111552,0.9808853175515263,0.040395830020961074,259.2049999499968
1.0026239673024777,0.9987326868216446,0.48984504520523525,0.07078110724078857,147.90543428264442
0.9993077367048444,1.0275485129009687,0.08609586689313503,0.03700598632355598,36.59006011052867
1.0014703995596153,0.6147204140161853,0.7091069585981505,0.043543720476972456,151.71338496838393
0.99745507598389,0.43951828767961143,0.8344203506525821,0.032380440037223464,146.29223068724104
1.0010112989550262,0.23417948943921119,0.9628071492283106,0.02430246478119446,123.47005206828857
1.000446649142685,0.37211472504969645,0.437153440969391,0.09324931287631251,80.79455359060967
0.9993038957731305,0.5851783424020568,0.5269570148089124,0.09211670417154368,120.3722223704176
1.001774448055591,1.0255636177019547,0.8143270288252599,0.04494505582972297,221.96225332749256
0.9992490454549046,0.4537417053423665,0.366621865042974,0.09582240943708573,78.24248491846515
1.0019516282107146,0.7146702885405727,0.6273973669960003,0.07251141966812628,152.3298645955332
0.9973683215317153,1.0361129611138988,0.6211462838309215,0.08626097057717239,185.70050205442487
0.9956924071585647,1.0636495848998275,0.8729217290384231,0.09760299071031016,249.700713687216
1.0013604190393584,0.7954075046124665,0.7535239492066723,0.03396411245561689,180.53347328190904
0.9974975800694137,0.7674123558273471,0.8554247915292889,0.02171650890530743,195.80905890540086
1.003620306649476,0.619405169074162,0.41568789356148156,0.08499024057676122,102.80555915512599
0.9986753194398323,0.9117857674799597,0.4843581913199769,0.052731815766118253,133.7628418207949
1.0016234533632988,1.0869989149105472,0.5763631154729751,0.039266016036881395,167.35075537249526
1.000807411812074,1.0965985835877414,0.802559969094598,0.027637045518893944,221.80070732038095
1.0022806972045015,0.5085657781684383,0.14779354653722146,0.0951329619523051,46.41938204014201
0.9977992357702703,0.2844778251292688,0.5327569924972554,0.05860259730375271,78.80669142949125
0.9984245146664149,0.6431433272725618,0.08460565942783291,0.09289298427641324,42.00574390950618
0.9981217993798638,0.4263652987385545,0.758678088489417,0.03555379859997143,132.41721811443887
0.9960678770763638,0.3152689371880202,0.22347860041495268,0.029317810729289996,34.511182330189115
1.002942444152272,0.3051138733397566,0.4461258586560803,0.0816225518212133,73.21032600599585
1.0022814542836955,0.9196802716022832,0.8017701525426648,0.0303258881930355,204.85880874777385
1.0013451922123306,0.8882968890459737,0.06294846565837019,0.0596725680599758,38.65300645395041
0.9998447626147153,0.8084434162064931,0.409759499781923,0.08586233604378447,116.7570853663355
1.0007782034951942,0.9994567185984071,0.7312303603967618,0.04844860112056129,200.03457737882823
1.0000333075927836,0.8533526801407005,0.5323243505497685,0.04609039788570895,138.97958096662813
0.9990635171678832,1.0263718372241595,0.47569693675592517,0.02501968363134157,131.98885147530984
0.999456436999397,0.8277502447028338,0.9295942613492844,0.08589037829299408,231.9515388295446
1.0004608719568466,0.4392927779181916,0.13119521610170845,0.02213264441810681,26.26346489526378
0.9987465495550105,0.22769781730638047,0.2817369341872492,0.03769175972061906,37.62672782670239
0.9972207130566961,0.22252563044276608,0.32746018235507174,0.04821201069107209,43.053990411593986
0.9965335409543442,0.4299201242433909,0.2744969175381481,0.05106707202056686,53.09762048824291
0.9984635430976739,0.9609097846521719,0.71039756913285,0.023734623367599295,184.57572673389214
0.9987211444551949,0.5568552764974499,0.46464630670093676,0.028173493363697944,94.8855783885569
0.9938633883427461,0.5252681815691309,0.7125913684159257,0.0857630857835659,144.63506330586438
1.0010903451851758,0.30182990628155326,0.021931683411050874,0.07914147231950018,16.345847934938888
0.9999403508463657,0.8600717850245381,0.24633456983075613,0.029439434248153845,67.88320678782583
1.001386842965226,0.891064447785783,0.7017900571838303,0.02634399861457945,177.40988233852437
0.9985719221682474,0.7571603164317906,0.18913603124351822,0.042045098707267095,53.325387568892324
1.0033683123988535,0.20265323853365713,0.7135252331458309,0.058537248381566695,88.88761139529299
0.9979372749428049,1.0830372257796552,0.3874635802778895,0.09304148227993378,134.23826586945415
0.9977481713921741,0.2770204546553321,0.1573975117274105,0.06729570040682852,27.401282115992444
0.9984972194125661,0.8900274308825791,0.13062581510904167,0.020635767572768957,37.995572013753986
0.9967248753399406,0.8504533003279104,0.3321441247753211,0.08527073664813457,101.55821871903754
0.9989188712049119,0.5097686360203366,0.2035759056034791,0.06049595913882652,48.20120584211185
1.0021205684821934,0.838368492995405,0.8448396532232979,0.08494055893119956,216.25278262693553
0.9968396117314335,0.23853806889502088,0.8604024859036317,0.053984701806087235,112.34655065256447
1.0031323935548584,0.7076433923796315,0.21188717076289595,0.0227233556167886,53.08059318838929
0.9980570943450694,0.8726122403343402,0.2086874257452342,0.020213836351138745,56.09136830106422
0.9983138942328451,1.0627566002391737,0.4131731262511577,0.06978838929805502,131.68376872727816
1.001806418237146,0.6329290086425846,0.7053976172966391,0.08996734258487123,161.17217498230974
0.9968263725422033,0.45746945422923246,0.127225413236797,0.042661037523908735,28.137858875594134
1.0028910634057995,0.7127550424352553,0.5219529503397664,0.08112096614379226,132.4891928133199
0.9998948146735476,0.7560679095294716,0.6254633586268882,0.04511275710838099,150.23231942592986
1.0027342583826524,0.6821246283257647,0.28633640833632257,0.051267679376025305,73.97834087953703
1.0036474143869858,0.7936230480366206,0.9530093975650894,0.05842259587993072,228.70350610908034
1.0007124891649843,0.9779267562337224,0.5667692105322454,0.08448247284635238,167.87520052588116
0.9989155455061735,1.0147690757743195,0.8879127224782161,0.07595919398474822,243.97670407976057
0.999235405549932,0.4454165410960591,0.2635853387964351,0.08231009718295008,57.96417960123932
0.998834428465376,0.2843174195567907,0.09748219206360724,0.0345838801477204,16.637344863097326
0.9966752619263076,1.0337433418225261,0.8367425599242168,0.06461239859470855,231.22968577283805
1.0006278050976416,0.9750796843627108,0.750190977833918,0.02637587610781206,196.62826130783202
1.0010369987755072,0.9491148486078989,0.18206670844575545,0.03942769425905471,59.347096939648054
1.001845195353794,0.2626775214687872,0.9718778208800842,0.05209103256209066,134.06245826369224
1.0011268922119076,0.875167299672732,0.7570295425933037,0.049350555569993904,193.02849069115362
0.9980446914430313,0.9346815247806592,0.11003558438183597,0.03663853109911183,39.268524882275926
0.9995881980425365,0.5420398830592585,0.11669688793634818,0.051645622849024464,32.45819446295087
1.002270489441866,0.9603216363530032,0.303072162106676,0.021069941266196768,84.75876413456251
0.9943876520157066,0.7604536600421055,0.6364098622504802,0.040242408415543336,150.2167952639939
0.999243174538679,0.4933158699052401,0.517810715566686,0.028373075067337154,99.02100557429907
1.0025361195381481,0.5069822467577747,0.08224557381355678,0.03604854563270832,23.056575459368844
0.997875929522542,0.5326468964984654,0.4565550709286395,0.05304004846112126,94.79997970191772
1.0021293365955395,0.8837389177358312,0.7378542172216522,0.054814454669509266,191.45408131796714
0.9974125128435707,0.5297139866307211,0.08897318849296083,0.030071340561801333,21.60997763009675
1.0022127557406422,0.8129656499015654,0.269061971066476,0.04811890680383826,76.78475069874742
0.9987726894204384,0.742534055793008,0.7166209465100628,0.08483089106609354,175.9210592817588
1.0004183722543891,0.2430453659303305,0.0800858925804089,0.023633020831844265,12.505421666259679
0.9973770486284493,0.9197027579179682,0.5575788562393283,0.08626500089191201,159.52174946650223
1.0000867388982018,0.8871969302752563,0.865118137091789,0.09691722521073692,228.26119756747823
1.0006039583430728,0.6105720526103198,0.7867418298552639,0.04962113655133518,167.11669362180112
1.0002963527213007,1.062730820602074,0.24549842098615499,0.02084718677515431,73.29849264235997
0.9985191694436041,1.067001397809913,0.31904717252408743,0.05119788580394797,102.31768432955482
0.9978795521662458,0.5798212059866545,0.040834932633080655,0.09907661212940763,35.75215175255482
0.9997469195205493,0.9372376282605948,0.22291104517355345,0.06802175484991314,77.46017669518051
0.9979636103591714,0.48061914874298567,0.48245730006891463,0.03585096754462472,91.89096803930687
0.9998302101128226,0.5106355635501418,0.9555434342981566,0.03345825455290129,180.43266067628838
1.0020186322146476,0.46147760400459337,0.4496872674511062,0.07858949227568665,91.64456390286028
0.9951844460954442,1.0491523106920235,0.6071176325383147,0.08071122273998384,180.93710662065592
1.0036534385485056,0.5692113515680539,0.9781112547289843,0.04134129734560352,196.27999450124145
1.0012754641644286,0.9368704969172041,0.9540938712684346,0.08842861260653612,253.2571295964935
0.997074192854165,0.7068625705974898,0.36735694712807915,0.051452926362903925,90.76332172280337
1.0004306679104327,0.26924124422075313,0.2310367885772121,0.028951307814682022,34.16096389132815
0.9971025813791283,1.0171583649721194,0.06071445569410645,0.07154229592112617,46.924096231982844
0.9980314944225204,0.4270396560035684,0.8625061900683667,0.06500871067645357,153.15938629991814
1.0060649268896915,0.31803548721025116,0.6792147293939664,0.07655830236720969,109.39044909592707
1.0008303824967564,0.7567046027514435,0.04225516644600292,0.06115012859380531,31.539816845707378
1.00048012993369,0.7082196066448869,0.3526959545559816,0.0478748514678209,88.17660483878757
1.0001764475043369,0.6399649503590474,0.8209675396130282,0.04453523782135556,176.6336554141829
0.9997773674844093,0.5091117853118923,0.7770494864420282,0.06781229653043466,153.09087157836592
1.0014989856077725,0.47035030665288036,0.9100960701810856,0.08786748453113105,172.75573967330538
0.9961784096541523,0.965610908684793,0.027715312012338532,0.07511782028170044,43.75793873696841
1.0002039490325694,0.20633059423856576,0.9886875205388909,0.07375522539615857,121.6784977847131
0.9980050906941457,0.6157876662543003,0.40134374644648857,0.09682143256346015,99.94041067901713
0.9997102516467459,1.0429133249835667,0.6715885196069483,0.04593166085178926,188.4696381273338
0.999628181348232,0.7111930414800598,0.8471447711211834,0.025111547505578632,188.25858021482813
0.9954983834577781,0.3814072083735086,0.5389246803364154,0.09129110346279252,96.01248720371507
0.9974881766396849,0.5256643773768281,0.12571428438339974,0.07523565162422069,37.384560161184424
0.9965695501922037,0.23153919167062748,0.7191900104768592,0.037439826575990334,92.09662248390708
0.9997805115428738,0.2742916561286547,0.7389427588798969,0.07410420741461216,106.72900389505457
0.9990771243627039,0.7136723399993579,0.5256412277640437,0.08421288733026226,132.4818467132431
0.9980782455648244,0.8517353010320248,0.15304381508213413,0.06465650816420047,55.823403437130935
0.9985218929167661,0.8573957662394134,0.9490333928734547,0.09946144547559535,242.31078945599478
1.0001705440660165,1.0582987212581871,0.8220698872997386,0.097209547881743,239.1202427881677
1.0003803065465797,0.5426679571926232,0.5191962454968065,0.0912223407614532,114.40720652909897
0.9961244880831571,0.574074764337259,0.9128866276984283,0.06412192196321793,186.202629071457
0.9984616068453505,0.3838094830718152,0.13864212135607723,0.08893632200085658,34.39960420145161
0.9988895049312498,1.0923516380563787,0.6884794705040156,0.06372049323592728,201.7934184881541
0.9985156881150076,0.7949678846325787,0.24878926069715457,0.09768321804061311,83.54353344044074
0.9981563407788365,0.6814587814130559,0.4946372193829341,0.07484873210982323,120.70185743131918
1.000375885115109,0.8388985667046913,0.6635280984161511,0.06351078945093933,171.29757677737138
1.001635086569153,0.7396222286002194,0.22456017862920552,0.08851617398752733,73.48367682409247
1.0031010967164362,0.5299940722325956,0.6602155049771496,0.05859218992543366,134.96161507710605
0.9988135778275822,0.32660319145066,0.6320040550766081,0.02222560169973491,95.94827329011957
0.9997921580830665,0.31972214436596685,0.5619140434547453,0.05073582765965485,88.07199320722117
0.9990653581042049,0.9021559270545629,0.8322344002928023,0.08849821489301167,221.23420267678435
0.9968399899433071,0.8369927961191042,0.5623750655551362,0.09538882067885288,154.50541235456853
1.0011181544739822,0.5955853985224265,0.9857941969405282,0.032806792666656676,200.349439728069
1.0016929855247179,0.9570652918998521,0.682583206799679,0.03324198395618064,180.85976326580246
0.9988216966972544,0.42294550883193405,0.3245668809943934,0.041396025263718335,60.42432950146201
1.001240376280482,0.4367471895568224,0.2660550130566353,0.0940485154925489,60.39441224710009
1.002256795401539,0.35371688377286004,0.07082308002720832,0.09648887711630606,26.472932193862903
0.9988241811435693,1.0476081388271237,0.3074258324451835,0.07421593094711121,105.92866939818015
0.9961212959702703,0.48110901547590856,0.55552179124452,0.09554445840606302,112.64271431274949
1.0000325067397957,0.23006129822782995,0.6174455256612492,0.06555353805594608,82.03074082889941
0.9963082132849681,0.32806536360540284,0.045685728763436656,0.05386150721850713,12.34428798934698
0.9993660776750435,0.8980905534249044,0.2962867087867696,0.06698850457454297,92.13032875948716
0.9989059929523418,0.9599196681645259,0.6439858210307747,0.026340049690711853,169.66089147643706
0.9979525746699338,0.24285138252687635,0.9060761596742148,0.09276140392094141,122.17598872935713
1.000997085185161,0.5424295433282771,0.4336425635527943,0.04442737949418428,91.16576607956159
1.0017276782936768,0.34563766064557694,0.4070578264766914,0.025306356118288492,66.11174106275541
0.9993723576623469,0.23029191830001475,0.0973675516976811,0.04996271081522906,16.138445528716147
0.9979340644674083,1.0881014907073632,0.8053962805920359,0.029308732162681456,221.33599859015078
0.9951072748603312,0.4181286781570632,0.9536608191628653,0.0630425268496295,164.8374117728085
0.9970670237615937,0.512770213632114,0.7331733997650485,0.0914384126402941,148.5450263322819
0.9994042172894501,0.2545434734317493,0.40310520640812975,0.057786939470745674,57.831056016848265
0.9990980870605984,0.4010512818250658,0.26343111354932003,0.09940063124793126,56.75752690129383
1.0003303482473342,0.24608197933516102,0.37936592007633363,0.038149913143791965,52.52123858841196
0.9997729274571241,0.3214187395275268,0.515760261131762,0.04391185645964338,80.71218174262191
0.996913356889012,0.4682006342088591,0.35920446655087973,0.04743667614325772,70.32181726008139
1.000346340860894,0.7072148868685497,0.39741791815577926,0.05381766552402063,98.72845388955767
1.0027255206769479,0.788197509984865,0.38358992661385266,0.03241398426607323,97.60136386718108
0.9955688651813955,0.6427160179964593,0.8252649023559704,0.027231756600586562,173.52970592070585
1.0028958508965244,0.9812787944790959,0.9730296697168598,0.07639111305325426,260.99460158771615
0.9991625227061793,0.7068857727817972,0.35972787009819057,0.09464817762297531,99.62669796841442
0.9995394464987607,0.4849843284177961,0.29402118134868604,0.07638389087193996,65.47018414471364
0.9999268087952203,1.0380510856851386,0.8271121666381026,0.027115026345169532,221.45807076602867
1.0007423752677007,0.7918890880210583,0.6660922188979885,0.06043175076080959,166.33259017772758
0.9999701684580881,1.0787828805258286,0.327317447721984,0.045671675669819875,103.63104646711804
1.001468244811646,1.0172195353632005,0.5741564687413329,0.0995242971783296,177.58378118197015
0.9997015526872666,0.973609026085164,0.7032106048365734,0.08691981495097642,199.7460085474087
1.000195045647148,0.7335736147926566,0.9388204046957732,0.032550173636682944,211.6390873395291
1.0009428452392424,0.8262741369045885,0.6256379822655947,0.04668885678627435,157.9586800475833
0.9975737855112814,0.30691280664463905,0.20440454116257353,0.07845878900367181,37.03452166749486
1.001029239011343,0.7173457771718768,0.22268228329551695,0.047512636759779944,60.97940484426505
1.0019197286757369,0.2068402718420807,0.747165591708409,0.026998976649087715,91.10365668775233
0.9974364994036339,0.8555914795278037,0.26549949598439065,0.0594657485969195,79.6036826240736
0.9968176919890127,0.7127902445982939,0.6215107632495119,0.03990441479933402,142.9412838840119
1.0016482839092116,0.7061147042146338,0.4105446968580125,0.08373215961241189,108.48858252210727
1.002050781472013,0.4952509375141044,0.407234641290596,0.022905015909125543,79.28802058152468
0.9988652444113397,0.26511195768257834,0.9851762266954841,0.09525970060007091,138.52213106622185
1.0031036403322706,0.2437517068542584,0.8447584912557619,0.08527768482789194,116.15241598855619
0.9997153050073965,0.8876781875326762,0.8007676495066713,0.0474872269131988,204.22809159694333
0.9997440064433245,0.602921199854264,0.7642295335245932,0.06451742480449274,163.70499048076476
1.0008409114321029,0.5082963202601493,0.15905799517188526,0.07152791434335373,42.946486837072484
1.0012429395618117,0.36190200706710984,0.9144689298638975,0.020596831103037633,145.33720300066636
0.9992884098575262,0.4068499216412156,0.8509880420452117,0.02286521926626282,143.48601969744868
0.9988493307397428,0.7722899782669548,0.6997138870993468,0.08940797873225151,176.56324758449216
0.9942828842967674,0.27151443352470434,0.09654023919967894,0.09271888052388039,20.353723341100704
0.9951035885906762,1.0831984267182546,0.942919064239559,0.021860792979534215,251.6765760968544
1.0023598277044894,1.0694834037614882,0.45454890614987253,0.04845821316381211,137.70518575861166
1.0023752412625324,0.5921259654802213,0.9747095513911889,0.024361209996643582,197.15850651509643
1.0020253320668462,0.523129384694035,0.5126869651197139,0.0656277650689099,107.46593162669222
0.9954860999253,0.3472205512811274,0.03832186019737919,0.02745099237233698,7.7006571535359285
1.0002335394211206,0.334912520487935,0.28889386497700564,0.04585625880647083,48.86690555979203
0.9991206215133038,0.5503179818664421,0.47207077836806893,0.038163439197190646,97.49925007559858
0.9991269068759039,0.23361254979947874,0.44925578376393027,0.033173575975524394,59.093623910765416
0.9969370509413209,0.9947606402403522,0.12209465419061113,0.02404895083958726,38.95940863909283
1.0004391188378168,0.4426226211538172,0.9504638678766367,0.061114034505788534,170.40341168182246
0.9974268922632066,1.0204024436900567,0.16531912509621133,0.06200325355609153,64.69487099150894
1.0032358290543453,0.42746558852406535,0.11073710931845658,0.08298115094544749,33.84028712402147
0.9984532137579537,0.6730138742974876,0.8252542695615253,0.07537914204184513,186.68318687150006
0.9982292247817428,0.8824847166853464,0.6911567868329949,0.09807299470402706,189.10521526027105
0.9982743007773472,0.40556137017926797,0.5026245774976542,0.06685353999362673,91.28190931747503
1.0025691662617042,0.847561771549296,0.843617162727601,0.06361065958223971,212.76441374723137
0.9969139171956951,0.8477981350883219,0.4993843297343821,0.038624588145830016,127.83856565862061
1.0031426764374143,1.0029076171183127,0.5900668400768133,0.026606794651986326,161.2071163481271
1.0010366527653005,0.7880829757024028,0.5628138499067644,0.09900531073272105,151.72499615278736
0.9993693496910031,0.45811723249662684,0.31072151152537486,0.04757577053538245,61.86647147245685
1.0005653942635324,0.7751701829927393,0.5843647815559109,0.0650055958547145,147.71690549162486
1.0021544437151444,0.31649851403023244,0.264782034503455,0.03592052280798744,43.616667261008786
0.9989270001378905,0.32821486281981266,0.5346067728222287,0.09409836841685476,89.21051491871413
1.0004269870958078,0.7628831240370382,0.16471203812420168,0.053678398297492005,51.89710655102243
1.0017278674020023,0.36136202815650065,0.4409638162526379,0.06417873897619063,77.2403517528262
1.000118460501638,0.2619780177939518,0.030448871069036244,0.09847246632802338,17.092687302574177
0.9958096216221647,0.6872587447059408,0.5498099948273127,0.03529478147513383,124.31355611587634
1.0000878683934151,0.499056553807008,0.11522396862657565,0.034315202540918285,27.335724760602545
0.9995417616695204,0.7860180900164022,0.483825060621425,0.07644945464470086,128.84155973262313
1.0027326009391861,0.20115385867155322,0.7400628027629804,0.06903102800392195,91.82173753919176
0.9991021945520415,0.8869333759108209,0.4522009932826696,0.05898932217134972,125.63438702684323
1.0003691388832325,1.084725679819941,0.8534189846646217,0.06226154155609741,241.33114596332186
0.9964353033064116,0.6832391364660955,0.8087265754238802,0.09912271740362977,187.99844905163752
0.9988222665720389,1.0188021517237444,0.4631502683189045,0.06371180146518346,139.60798879315672
1.0013767607614175,0.6930608474563753,0.1786360374380809,0.04240874617684469,49.34596492418501
1.0003613554652366,0.9095277507598991,0.6970849820670424,0.04517209512960789,182.13218194019413
0.9993947163833794,1.0235692101618166,0.19435606001197134,0.09965795279330711,87.18817387507988
0.9951108618763259,0.277232716480517,0.19477777995700504,0.048286855567852296,29.698392641007615
0.9963104706781964,0.9701025891695043,0.10256923281435007,0.09540057813269584,62.64800002117511
1.0006127079162797,0.5045995646388792,0.07683396862373232,0.05549373741141196,25.385681375620322
1.0002623600020284,0.8064428472420357,0.49026116595409314,0.04819220008491468,126.06373338577288
1.0011908319989644,0.4102809471029441,0.24173277245689298,0.04564966766814217,47.17467559516223
0.9989032884954092,0.8316304656988422,0.3036973001028676,0.08348711578215842,94.15770387027413
0.9987685654676406,0.3181759995454842,0.9117238486566667,0.06978209799229544,139.6397604972222
1.0001526923554085,0.492937591435334,0.7295293631216614,0.09790195305317716,146.37509540715115
0.9999440981058384,0.5843048100513027,0.778639381315952,0.043271428731270406,160.70383334362373
0.9977233473049176,0.4475278408210608,0.7364024096036721,0.06950503449336123,135.89440446222812
0.9995811073087217,0.7716962939520235,0.32598402171167273,0.0857653498143643,95.58510379941498
0.9990008417785908,1.0141125829108626,0.7387432322027132,0.09970634452332999,214.73657314573165
1.0059866022103934,0.34249810914584755,0.8712797717673479,0.08356211921627109,142.62516492089395
1.0009128289558349,0.7443553578709401,0.9806125209926029,0.055851350976976605,225.45634179740983
1.0021875433383474,0.6573559343917645,0.1374155029863458,0.037986168557319844,38.68736455622002
0.995827597893773,0.5393653974574957,0.9209236146389727,0.08134712854410356,183.95731318119368
0.9992543422109048,0.786602967125273,0.21162751506471925,0.03000397071276912,56.62436655310603
0.998350380892524,0.7998920243553207,0.045640272102237193,0.08021006598794818,40.624535580871225
1.0007904581507838,0.9755322004026923,0.5248754914609685,0.058850507037002814,151.06792182302456
0.9993867916803124,0.46496028066164485,0.8316745328052654,0.05828550932711721,154.33975194851098
1.0000435044572076,0.7544911784756105,0.11721919545938073,0.05358339186023389,41.40987604296669
0.9980531186523358,1.0361446846320606,0.0453721996699592,0.09746564120711322,62.17143105502396
1.0000330327959561,0.7204919589534164,0.2103555957441729,0.09330306475538204,70.1290677925428
0.9991587256624234,0.382631532106409,0.7111513867359431,0.05462845104029597,120.47900900097426
0.9990715764680385,0.3745967086354789,0.398996574389938,0.04285708784820208,68.73388662145783
0.995084583708272,0.44705339230875163,0.24683974700147543,0.09568525012724888,55.798031186474645
0.9995172194387928,0.2862082788823932,0.2928739573571925,0.061599025708785476,46.72293271997506
0.9987164116176614,0.6804011914939014,0.295069351438645,0.04645756959138718,73.36264940863583
1.0006461626997523,0.35740060168059684,0.4583835614225844,0.07451683768271586,80.1404906388068
0.9972757597940721,0.6167649820403107,0.356482629487883,0.05862272795217682,83.41341378211769
0.9986675764191992,0.3654621658690349,0.9679025489588907,0.06628172851965695,157.4468805241628
0.9999142610612974,0.3392058252914597,0.20854828302138975,0.09866118969680188,43.42269673332919
1.0006390592113197,0.8822012629298739,0.44213063341174763,0.08431553880259166,130.23415863582335
0.9954503039110851,0.46258850040286525,0.9262032894028313,0.0629913536350368,168.60645087068264
1.0002568998478656,1.0282329951462235,0.11115657710801945,0.08541112658778903,64.46955574833885
1.0021596511180246,0.2847505008874158,0.9826915976047276,0.052235223488627455,140.73059059198914
0.9986787186408979,0.38424311018040735,0.13421292700756965,0.05161821533060666,28.238696913527974
1.0000054951539548,0.3314161732665439,0.10748075709083646,0.06421183198010921,24.020055114388185
0.9993902471110647,0.41258935793263607,0.9233955520823033,0.07544891518414026,161.3980874556391
1.0018528082447538,0.31591098054594274,0.19967159890430153,0.08117624049708737,38.99743002503345
0.9994258710334619,0.93076526454215,0.3834949382731852,0.07899491278741985,118.44178235319742
0.9989485634288812,0.9427944522882816,0.18394001858043665,0.03444324204746143,57.13287711173291
0.9955190517114133,0.3396467432215829,0.6423031295003714,0.0376831041492762,100.02050175299632
0.9978599614357642,0.681248859486582,0.0744387366369387,0.08101422934141408,38.309210211621235
0.9964380493032013,0.48006262013094675,0.20928466382596347,0.04645793425526526,44.18569053259063
1.000176180730188,0.8321983092130514,0.46468266710595146,0.03214043028084754,118.11659668517052
0.9996039671073064,0.699289183985077,0.31558091399165494,0.05501619723985318,80.94012957208122
0.9994600662988176,0.881919633866806,0.4013547418436715,0.09090944065664854,122.21720216713356
1.000610383315029,0.5654721900008735,0.18735513731127457,0.02648517138289691,42.17466716995625
0.9987974201475698,1.0710538307072601,0.3336759157734117,0.04073652546006136,102.99914151945228
1.000414411359425,0.979670825724342,0.1645748184950916,0.05476842062649652,61.22639783335154
1.0008688339195142,0.3624307592248511,0.13832601191357252,0.023977481945663286,25.092525442451233
0.9993278206172526,0.6136298258877928,0.16815870978104905,0.06333008679011566,47.78401236238494
1.000955929256954,0.21526950017735155,0.21828949334873562,0.06774135410210767,31.856351829790867
0.9993142506081577,0.6913462082863684,0.6447202634839813,0.09212094331980393,156.18983403355696
1.0036756676478626,0.4407249710655559,0.6506594137384057,0.02795481588575143,117.57807661602146
0.9983768489014418,0.516814461642169,0.14704344862524868,0.08222678114780994,42.40539585083798
0.9994230215078359,0.477040483065931,0.883987023076705,0.0561794051506056,164.95508226874225
1.0041146703645702,0.24939644068032782,0.42921450807431966,0.07074787898614468,63.36062444643039
0.9965569405016266,0.6044539427522391,0.21001836259768453,0.05862481193306143,53.426338906610226
0.9981685166804475,0.6762789839095507,0.07212998706987377,0.03210460352910311,22.78795150543715
1.0010694183137165,0.44302230563979805,0.5022037991690841,0.05922483093139434,95.5868538470898
0.9995947798541208,0.9460067846287195,0.04857426531036788,0.06106465838877359,38.45670446524855
0.9985736369364611,1.0713925686315504,0.8065187898439181,0.021234953067330888,218.12218282630684
0.996259768727736,0.9679554983599608,0.49989908739556754,0.02751902895208364,133.97631240562112
0.9988786689106782,0.91898709236345,0.12506872056930818,0.025741988649097963,39.0797825245221
0.9959721718120285,0.5294377782498373,0.23815508403287214,0.06318264892604146,54.95455123008003
0.9992739716764002,0.5789815573891363,0.5243143974950316,0.031691300399691695,109.27566158658726
0.9978610554595615,0.895804507257902,0.9578920476429941,0.025773610199136883,235.0167843123165
1.0008233208592925,0.20853205315011117,0.7140384116222995,0.023032423008824746,87.31306296991193
1.0019929810143091,0.8408885906064538,0.919346296976097,0.08197607905640229,232.09410166846092
0.99975677893679,0.3500109096902475,0.5424804439668584,0.028422600629529074,86.81536526118299
0.9962919082213596,0.2588323603326609,0.3141845678270188,0.05940104966244894,45.630906778764086
0.9980920453792872,0.7102471395580787,0.4859096714366486,0.060854734159472984,118.72007010822671
0.9989733046332475,0.49103140783251065,0.948087861032757,0.06431059368740467,179.00722308794863
0.9940539984547155,0.4647345198440634,0.526128998870792,0.07881200873237443,102.53533410600681
0.9999031031494733,0.3149185125626783,0.5757831304919209,0.043516188850792045,88.87900204516671
0.9995042251115974,0.6467588859830705,0.030290309239901517,0.020801764704282927,11.484691074747332
0.999621673716121,0.578560782762999,0.09131801113304192,0.055593950214584964,30.185399081682647
1.0045197490935156,0.9865816998024106,0.8125137329156064,0.08737470029978704,228.23488990884576
0.9975306519421722,0.8760590864007305,0.5627545559715957,0.06976397713910022,152.58563352856572
0.9993383700364264,0.8151967867503915,0.9858128812132874,0.03920967479001654,233.5468741382457
1.000707466918841,0.27971418068055737,0.04644802850379338,0.04931536043503401,12.265805646719343
0.9997291016554827,0.5280846714460081,0.3540221525142855,0.09909142048584978,83.9126300923997
0.9976505149549645,0.5620963679863201,0.13340327690221726,0.04595718370590235,34.32901354472136
0.9992528203870927,0.7086151691866664,0.8161126216912201,0.041147213646320714,184.1685227603878
1.000170425539674,0.7039814454875086,0.07204772014319752,0.06268790094533316,33.82330052891979
0.9996620312079407,0.46968866265574155,0.713784124027796,0.07089606354441955,135.94382034618366
0.9962982665254436,0.5850744315575225,0.38383186102360456,0.07013604507539395,88.04424535414807
1.001316276844219,0.5329163208999885,0.45724928926906233,0.078076699691278,100.14256377662872
1.001016523348333,0.9630276794581933,0.37725366777523955,0.04476021405334665,109.64012934099145
0.999724284837027,0.864808526604316,0.7876346273621384,0.09879492139624252,209.13944300280457
0.996537059720071,0.3692330563279451,0.8799605644311647,0.08532832407937381,146.00523033921087
1.0008559744137326,0.20041871075631715,0.4842657460601988,0.060972939832784845,61.01317868033709
1.0027434658416055,0.6753933583585552,0.43900275454558146,0.07621029923012891,110.62140098098666
0.9997774348314009,0.24050827564671576,0.24630073083988718,0.05696510802991463,36.20569698515243
1.0008263826159012,0.5747283878835581,0.6021389995363398,0.08029788436514539,132.34137527483665
0.9959860900419345,0.2928520142573593,0.9935858454243929,0.09733252657733629,146.01159439971286
0.9982343559921943,0.9289986103716208,0.4032597082022826,0.09319164041306724,126.31037678437178
1.000985571191671,0.23828239462651807,0.21952834039994143,0.07252406691213263,34.3199445558721
0.9966969985822313,1.0764695639693107,0.8518524347603371,0.07586851151878103,242.242475445552
0.9993988443185355,0.7707618068131528,0.03219180217888426,0.07170279954034363,35.29839107826194
1.0017447524677237,1.0307201636708911,0.9737903000228779,0.05200155666158093,261.8353815534109
1.0048736641537481,0.9310341867792153,0.28518424445267254,0.08743612208352879,100.17914217860675
1.0000619933748338,0.753173388300387,0.2953611710355998,0.020099847261222967,71.88919690014495
1.0009962077185324,0.2733272887997358,0.7911293317377515,0.04992931850748205,112.27335510433466
0.9989949012642577,0.7221025136006913,0.07890967786767186,0.08028315406339556,41.24402314400629
0.9979785754856071,0.9619234305512405,0.6528321562396975,0.09906876582767236,188.96019675666963
1.0005591337882527,0.9863228227568683,0.7498473023954975,0.08624076129533123,211.66777168631796
1.0032687637205757,0.5935172310333313,0.7273385322195167,0.028307576035961554,151.26219059691232
0.9985974183049715,0.36887876655101326,0.6497695511868469,0.06812558613402166,109.69542234753266
0.9955692410491905,0.26695662857441244,0.387689827644512,0.08269742150809463,58.042438906996324
1.0030082084836676,0.6004247754096235,0.02988555945886414,0.07884345067847956,32.589763804115364
1.0020456094791936,0.803217187626817,0.9234005618670977,0.02324830769594386,216.5192402218713
1.0002686253246462,0.8211980259722849,0.5052847342934225,0.031059520094326647,126.59208167577827
1.0019038129396036,0.41634948677146466,0.6702521440131102,0.04220625752295064,118.64345451013622
0.9963459314785299,0.9480290194949232,0.7419647023029233,0.09998534356255101,207.55801139029987
0.9976160168687627,0.7032269117266157,0.2083309801467234,0.032398674572715995,52.47066537739113
0.9995978387578396,0.2198031522688319,0.8882241887192251,0.09524146925458624,114.67758773304683
0.9959574735635469,0.9804706217584795,0.41064515562935017,0.06658692090946244,123.69776870435305
1.0013399461846597,0.5824692040506504,0.7789969071269212,0.08851207125462657,167.8946783578163
0.9982926635015739,0.4553159439009242,0.8495970773755176,0.04121110774547655,153.1957150772589
0.9999034774747764,0.7355317299912505,0.6322256647632865,0.039154004046278806,148.5537587038653
0.9998264761547194,0.27281676396345084,0.5131115897650299,0.044626883814579035,73.89620256412212
1.0027355562545914,0.8076240736950546,0.9929519272245835,0.06666512644707001,239.87988157655178
0.9980817434982189,1.0090190289304162,0.45458262422066537,0.05720700386241895,134.61565454630392
1.000014097503108,1.0416317175994756,0.65693515879394,0.046827713614197464,185.20842645216052
0.9993493640515907,1.0068555398449999,0.9339571853098851,0.08851953718891184,256.99421737643115
0.9981409378299606,0.6653923311903671,0.031193785406955596,0.07080595673426215,29.40563976045928
1.0017006140628004,0.5628475219899102,0.7598354255643054,0.08337759646804219,161.00937857918672
1.0012457326281774,0.7411201152988316,0.9233677213365484,0.07938775238074879,217.89668697620056
1.0002747501975127,0.3376352673131264,0.5957397288570403,0.07070308063229097,97.76667311715403
0.9994580860772295,0.5785361939726341,0.282574986035776,0.05460145506009509,66.16225287091697
1.0037869619612132,0.402425953016867,0.06877349991278854,0.02206513730032892,16.088659625685295
0.9985664005555309,0.5449761236439116,0.7559024776190607,0.03171469031844042,148.87067591180727
1.0007957565282561,0.20631354306656213,0.370954171593036,0.03073268342372111,46.49568985616838
0.9996812337444507,0.7923247925171981,0.11763753124916453,0.06060708297565834,45.00823820840549
1.0033074098666972,0.7891372744901379,0.6302534543114138,0.09367857574510004,166.192425060159
1.0005617764044825,0.478022323385374,0.18640052998017578,0.09358931692530723,49.771718657722545
0.9983246364552334,0.568161692790364,0.19618746770288495,0.02957222889093395,43.712244143396845
0.9994839086285177,0.48579434820056944,0.9430906641034466,0.070360590230358,178.52158933059437
1.0002982977184625,1.0145744460707988,0.6184223176482057,0.05483840850223677,175.44662835130242
0.9989358088085326,0.5619465359939386,0.7944100920903174,0.036628759644925506,159.7154179055413
0.9960326827430788,0.8539963820530154,0.694745983805161,0.03149436588844734,171.64481349606785
1.0004993469210262,0.2405094476787185,0.15982531099977584,0.07349959841889775,26.91961912650936
1.0002564249459214,0.9966851399275498,0.8962474744897218,0.04966744998632205,238.57429572505683
1.0021534302395299,0.9492616388674406,0.08481348187390256,0.09840161656391398,63.300694250946776
1.0021070788401327,1.0967627623582847,0.4764340736503611,0.05042887006000442,145.72717561172033
1.0016488454400032,0.9700372154617296,0.18925088673519574,0.04542981478299776,64.16878041253204
1.0015429744443514,0.5700674611000578,0.5453107722002397,0.04712123076371767,115.50407843007213
0.9942503557229834,0.7274628258420734,0.633714237365457,0.03291085240085928,144.65184086170183
0.9983407623953959,0.5507958201111688,0.18416773450953364,0.02921221320017333,40.60280541145522
1.0002795953242136,0.9595727535691794,0.1980508772505979,0.04656787985504933,65.66662645179906
0.996356894980396,0.5728762641582529,0.7099433366642819,0.08714951445446098,151.82498322764656
1.0012707465797035,0.4211105603858063,0.03563561720258646,0.057699661260062374,17.732104116848063
1.0010516906874019,0.3190557209604148,0.573850059466736,0.05770765962468037,90.78792929236914
0.9997852827544649,0.4217830374479096,0.41511935159470026,0.07289453688352743,80.15762142267727
1.000457095789119,0.21694045357215241,0.39141808099757336,0.08807482828762002,54.08948097262646
0.9980798842415264,1.0139724003247017,0.3217859366773529,0.05586876803665698,101.20042053224392
1.0007977430299988,0.8111062838516274,0.9688429685743721,0.0778739170718829,236.63712423033294
1.0024326681973055,0.6883169134235969,0.4224851497152722,0.08295689187892813,109.59857656131965
1.0001096205466682,0.4862794150853135,0.7692795732452471,0.05859930282325185,147.11999009541552
1.0028379267238081,0.8592281393183485,0.8581434215414881,0.09598468321580356,224.00213793726226
1.0006005053672387,1.0478832901092303,0.13844744564926934,0.047058490455704975,54.657657041915
1.0002779511121707,0.32663407274024453,0.6392086622526716,0.06304055863991381,101.60151268079994
0.9979089071407767,0.686176498012971,0.49915137164079243,0.03524070049970701,114.26350212580019
1.0012850229977879,0.3910352520619432,0.059439967229750895,0.06553733955970238,20.836145727252926
0.9994295919422974,0.6340375145615527,0.18914365561270052,0.09128503608936854,59.70606258423072
1.0027230966389673,0.6312102581269691,0.6070013622889583,0.04630583789928278,134.48431784275635
0.9978015709457425,0.4203979867322009,0.9568438293030574,0.07150504852877317,167.73287547659766
0.9973715600748196,0.48975925379499385,0.2815264756844855,0.06510236039151515,61.001325377046214
0.9989279679507552,0.2048641253041137,0.15402097090626338,0.041077547869636785,20.764516999602677
0.9994817572689599,1.0433780231448573,0.8331834266531075,0.07253239474337626,234.37085385159776
1.0006950819826237,1.0154129497690985,0.5734068892446474,0.08796678963016445,173.57380646792603
1.0026567591301272,0.7823007577456933,0.5999305949341511,0.07912240674266932,155.56515204299149
0.9999414271542659,0.613629398126363,0.12124262551405132,0.07810540404162862,42.90572027756309
1.0011793689167616,0.33847485218618223,0.04386127485323417,0.04641531517477436,13.608425257653607
0.9976311692747734,1.0997866389061135,0.5085710559300367,0.025770297850066938,145.4121426398516
0.9975266581230594,0.5816143476338839,0.8125437529364887,0.09804359154217288,174.01772040426079
1.0003885379238369,0.7746274581795254,0.27105328520723293,0.07650021142296447,81.8231412199953
1.0011106557198652,0.9583719835477031,0.2610622059873381,0.031906463171326435,76.93381519005368
0.9974868724653717,0.48984144056978324,0.8325586676650601,0.06472905535165517,158.42169487950355
0.9985432937365004,0.3111803324328554,0.7789411169948312,0.08032139348742869,119.86336221639988
0.9978148559751393,0.3864801065327187,0.11583286106118808,0.0578398626429919,26.093973347188182
1.0033187421610048,0.46540235701961274,0.6295079393479507,0.06030765469631856,121.0057324008493
1.0007625894757335,0.7660913530532341,0.09420115988373215,0.09456186558976586,52.071838775815706
0.9985188290140761,0.20402199459773435,0.4829157511830241,0.05774819029437567,60.31146845410149
1.002088048746896,0.8006300709030727,0.709362369919346,0.03735465070166586,172.47566316196307
1.0004802563146433,0.6645552609738444,0.5582605147331022,0.025171182798213544,123.35634664542715
0.9996635472841453,0.45888455752565016,0.36346964126643583,0.08169299162964458,76.1568066698951
0.9987589707108729,1.064071934368035,0.11681019135140021,0.07573707405873162,61.94871731206581
1.0000750165403298,1.0997717378627874,0.5427959996830749,0.07567632110450895,169.5623993071677
1.0009761626169515,0.9091574556326834,0.8019183347637454,0.050883839009977436,207.70814787661908
1.0020711615328735,0.7102284845134197,0.7945017877453011,0.04698561985168817,181.37071075766315
0.9999811725232203,0.9608783703543688,0.022680335250941614,0.02609595899857702,17.26635858672455
1.0030973740621185,1.0814524713356253,0.12710596346641734,0.03551368165764791,49.27176422784254
0.9974997104683875,0.5990603272907948,0.5337238885742321,0.07953624676713704,120.75792150952702
0.9976980479509014,0.39324477922535717,0.33888627661787485,0.09352877854823201,66.57572613073563
0.9977886124098715,0.5793870774765408,0.16074487583885555,0.09788685890453588,51.80049347397721
1.0030445380702886,0.34563104963735325,0.10704550471088241,0.03352831779941769,21.704870917207813
1.0010748796600446,0.9254699329789697,0.020518012978286884,0.08370271919525488,49.86235231930095
0.9989830948030982,0.5681763052120432,0.8054368361244935,0.062535894533113,166.0322748920516
1.0012947351392263,0.8289388074357278,0.44735109203212853,0.08012477782335153,126.12676427472087
0.9983600433261931,0.2526876923852135,0.8909692613807295,0.02074089891506877,117.80838496714176
0.9979917699650988,0.3704092736304039,0.7210645090776849,0.07665141005558082,121.77982636678058
0.9996941296095817,0.9174223393836709,0.9929355604794717,0.04792377107724857,250.63013274210735
0.9985611237315699,0.6087522556434466,0.7778947565685257,0.07941250503771512,169.51095444746267
0.9995200632395084,0.4814099402856946,0.17206095065042723,0.032342814601173234,36.30205245318757
0.9988688638760802,0.3079628171851234,0.7451263944005154,0.027911310187838545,110.13242821801339
0.9987530821325034,0.27992620523399464,0.9933337596731031,0.040227619729693326,139.28411981364883
1.0024373078109556,0.5916928000556583,0.21099526562786236,0.027309932308730155,48.67762695846801
0.9994570822503954,0.7172567112372761,0.7957751256489659,0.08024665233096666,188.33318970301158
1.0002070312826437,0.24989333884810883,0.5412989185723452,0.05912865654158922,75.62620202362183
0.9994212199090987,0.8190412209175624,0.7209148343618821,0.040861941543872356,176.57513880382356
1.0019761322126213,1.0220015725405662,0.036464485097385244,0.025247135998518806,21.233515369638212
1.001522914723083,1.0576654526052773,0.5090585592807012,0.06800594506647958,155.94430559558276
0.9985384514476497,0.22093526011205286,0.46000006308180175,0.061739458143746484,60.541121069176256
1.0019411497188617,0.6172223060713827,0.6043525818213801,0.09326772235886557,140.38623963879525
0.9996199953774381,0.9472801858630828,0.9523297669251986,0.027224544130166714,240.80137316322342
0.9956905992283875,0.20442504405963657,0.4271873929555166,0.0523914859368628,52.61926707753702
0.9995570276619026,0.39682839367875633,0.20463143621365312,0.09698791782168115,46.94799438054662
0.9980901996683686,0.9088173586485258,0.9630502340756145,0.03855328597465514,240.32538218733634
0.9998776099062289,0.3870877009317324,0.5651315293476036,0.027786522703150462,95.11100831012737
1.0008810887462731,0.6164288387255908,0.4715081229295286,0.06760316240424913,109.38479709212709
0.9971599897142192,1.0677653525781998,0.3878603681619396,0.06466936420210266,123.8327652121763
1.002197637711912,0.49445666686840456,0.1604603711654268,0.09548766290306022,47.739388079522314
1.001620132276386,0.24085010352572622,0.6001749467132433,0.05984144152057082,82.12219691666331
0.9959814169908667,1.067619073177659,0.06408456805078662,0.02623792876215026,26.119068779727456
1.000725450311907,0.7739171564385112,0.8385814073350786,0.0386645287834757,197.36579457917557
0.9997108656349185,1.0745809185743305,0.42788232273991694,0.09982568060074415,146.68856784212534
0.9998218701740921,0.9757950468478442,0.5031894264678941,0.09319951092565999,154.77441445559373
1.0032520313839164,0.508332672572265,0.30550529759314793,0.033082600076647796,63.50012601762177
1.0014907588784197,0.3180866465356082,0.7439433706450482,0.07650088020423684,116.98080348408502
1.0001473700660843,0.526330887232024,0.28444112308390457,0.032261800493751346,59.53584948175194
0.9988941992196515,0.2236784920795013,0.4396798795613706,0.06289463678575791,58.69466660499387
0.996482052933631,0.44933920413421385,0.7147592445144694,0.04903144907308227,129.6009485477848
0.9988776728209277,0.21114051130416245,0.09425631043720624,0.09943515474489607,18.92449529169636
0.9989213413010611,0.9162858237735925,0.03212415626173783,0.06603218749663477,38.27638922048766
0.9990144704058891,0.38125038875179895,0.22499849313915157,0.058609379581786636,43.600057832783534
0.9986915842034387,0.9450653062844898,0.9889742199779484,0.028193284259022858,248.59644575923053
0.9989782727860457,0.4268661525696418,0.14684417730524577,0.09762128548128157,40.10658705054317
0.9961255031184832,0.7369514469754816,0.3023960655169522,0.06816274786379438,82.4599651989571
0.9943298026753492,0.589720324477957,0.28346563026825267,0.05348550645251679,65.20539648794465
0.9996733139059366,0.8210059719706879,0.5463434127224127,0.04105176464479964,138.1936131978767
1.003876186081103,0.5709148870745829,0.6358655766733728,0.05311511810088189,134.7410686042678
1.001725620882501,0.2012581517490286,0.2541551505711,0.07057781542526201,35.316480030350135
1.0005157432799983,0.27611427376688863,0.4596419538379442,0.0872237516625767,71.07215602446507
0.9984949455601411,0.4625056418125263,0.8034462550488899,0.05559433911076975,148.31948385918662
0.9982073249896456,0.7808504151141837,0.29532064513132394,0.06780297009203286,84.77665755619455
0.999661214138357,0.30412112805285263,0.13611597951521914,0.06189992345778976,26.215026366747736
0.9998829816245395,0.6127610114936395,0.41753049781753704,0.020100046007236506,89.0817234011194
1.0005235519206999,1.0222910604231128,0.6267619663943987,0.03852868144580392,174.11077913149197
1.0005866678020685,0.2684718838253076,0.1812145309656329,0.09692896361818074,34.1237462872449
0.9966691788543103,0.29604797361268714,0.4757579654264603,0.0794824993626341,73.870972737155
0.9976631242425198,0.5385198076489388,0.32325434456329066,0.052215023826598414,70.08709262780025
1.0014525601054909,0.7916163054034964,0.024850346678442367,0.05379897066953501,28.55949368012932
0.9955776869970134,0.262497190183743,0.18454410635440188,0.06246030571665259,28.76671631111884
0.9983305583007128,0.38866398829046117,0.8726392974008105,0.027122156835636763,143.63559651091293
1.0010738253955243,0.5047840649861806,0.48051431347558693,0.09931699553256107,104.63933830147693
0.9953084318399515,1.0809191513173773,0.1691203310379505,0.0859322140968969,77.23375536578357
1.0001373417075698,0.9866604929803799,0.9157320896429849,0.060871569039323434,244.094162232088
1.000024918282952,0.6354165151032034,0.32937046450910334,0.023785615229855006,73.50572602509175
1.0012762437092193,0.4790536553437271,0.77291353362872,0.043751837431975554,145.19478971076728
1.0014028803148138,0.3524159203082433,0.059583908299680806,0.07175140528979589,20.3717505600996
1.000061284181304,0.6075571591218749,0.6472179784176906,0.052695948728360836,140.07777758478358
1.0005685174147216,0.6867140381194731,0.24751987340384335,0.06983852634105125,69.70042997353522
0.9984925910622612,0.9073385451018952,0.36318409884174413,0.06003695290160381,106.22217253730281
0.997448940473155,0.5230573611152974,0.21511735273344745,0.0378558840965128,46.44330221048284
1.0023506202102757,0.5009853195089184,0.33559832925934585,0.09958148721603761,79.13555033407806
0.9963555805746791,0.4936333100813159,0.10417254700237319,0.07899149228101643,32.488404620333824
0.998808815690744,0.31239908489585244,0.34215994767761027,0.03345314029251971,53.05178129107435
0.9974510941374093,0.922009095372514,0.03141142985682344,0.04132066670588607,24.194696222975267
0.996732393575333,0.5272819545047497,0.22955304941865898,0.09358169967679336,59.234477895577584
0.9961046409074537,0.2594298374688124,0.39386737954037054,0.07985799116922751,57.889657400790554
1.0003919660147693,1.0770999264982037,0.46020645881282235,0.046713110803413525,138.44656645819293
0.9995443494275634,0.634589875135519,0.15687392818212642,0.09263156777790177,54.109515436146694
0.998395721376494,1.005641509822248,0.2666817063804791,0.07684666627625444,94.20862518958768
0.9988567108099601,0.21009532983146423,0.46406752255743283,0.09557282019094004,61.81772376676406
0.997799988585525,0.5360538775279873,0.721918256887196,0.09345435636807076,150.31994075662232
0.9980916452750496,0.31825054911932754,0.23489058191346804,0.07643523768075589,42.224511995326736
1.0001966817594399,0.3330644269389026,0.35153908085067287,0.05001271613910472,58.589887886538406
0.9954012203365803,0.23526002544689759,0.6278956178068686,0.0546567181390296,81.9110543568325
0.998514342020804,0.7178492270459924,0.8001727994124685,0.04039343854858808,181.60190769781047
0.9973397414060093,0.294972851933495,0.25295291824876875,0.024735784078773495,37.55514619217564
0.9962025195619205,0.9350983731311506,0.8372836340742201,0.08248076306147252,223.7184878734614
0.997706569005762,0.8853241295097416,0.2123252848234181,0.04144357254300014,63.48537363228485
0.9987533642006141,0.6543026369422995,0.13036737045395688,0.042222709802948656,36.801060808562966
0.9983648113844675,0.8564840306406918,0.01736578516081895,0.05438937141018678,28.986453149885847
0.9982424639598612,0.483078345344014,0.9481730315829368,0.027564258315653217,173.18877066920342
0.998226328063302,0.2281831102190178,0.18443852587738527,0.07679862950931755,28.5162613648302
1.0013925906582835,0.5470292434013242,0.5516977062816776,0.0914610374697727,121.48858489776711
1.0019162881704664,0.9583358190870133,0.04766436223119382,0.09049087829640032,56.372749328576674
0.9963270507165738,0.847864973631506,0.5702542749614558,0.05822615896417804,148.41562827779495
0.9980482741748334,0.3773983878565722,0.9681587107745417,0.09686552729985273,162.8714013832776
1.001449119484191,0.994459216001323,0.6787448108549228,0.07090289891682704,192.74972620866689
1.0015261295108193,0.4806112354364007,0.45909805630728473,0.03762974833188229,89.2202536195395
1.0013330641851121,0.7248756820873115,0.6695276086062585,0.06556759285585398,160.97465339949258
1.0003023119054413,1.0855267378337186,0.9575930451098779,0.09683117549684157,273.9121737117083
0.9997806716897941,0.5039455303205989,0.3575992316300807,0.043933230371834525,73.25987395293589
0.9986852494353678,1.0262455050238724,0.5101216118586503,0.060192306344897945,150.717377306853
1.000891152980056,0.8442491618023544,0.7682242935576421,0.05604954265276672,194.00097521229375
1.0040462178882432,0.47807926481047003,0.6148220435650882,0.08178323384439336,123.46508267882535
0.9981917405756838,0.8767433570397576,0.42182452065698417,0.03543713911578584,111.65802958707184
0.996218007569353,0.3610806773192615,0.2723299032763651,0.089008439894759,52.2372660117544
0.9999178462467246,0.30563018345453374,0.9433616415977568,0.02870960941327362,138.10008640359206
0.9998315328979147,0.3262537741770749,0.13336018515282802,0.09049775789999583,30.762075265343526
1.0002803318538724,1.0292130061081486,0.3053626147680256,0.029896777396013013,90.53043760291678
0.9988748229728347,0.545230177152122,0.6571268465393717,0.06034921332819844,134.96124028387794
0.997651172475533,0.2594563116640979,0.8176729800725723,0.07521027641584409,113.66412772339186
0.9991833084804853,0.5945139112739602,0.8708580504106014,0.030759627178810752,178.17981646837893
0.9998154750304342,0.6422435876974878,0.9072885756388118,0.02820225498600154,191.2633555773801
1.0005783545185112,0.5615131968760998,0.37353103137635824,0.043007882500776445,81.07439683847213
0.9996793612302745,0.6394304201449041,0.2682813721962855,0.08443262105897534,73.89023722081794
1.000360624750503,0.6023262867284987,0.289522242143523,0.022644262829677145,63.460309474616224
1.0012430642711416,0.9398064803302397,0.5991184189883276,0.04120229672085751,161.2988522146003
1.0017538951148441,0.9640597700426192,0.8025001514069128,0.06956178883501252,218.35688710570392
1.0034683232558135,0.36537874632625983,0.08541837224575867,0.05730109551700702,22.870678086211285
1.001258463866336,1.013129222741204,0.6178150238838092,0.09863322947801113,187.16707023830043
0.9976520270048631,0.8787344993064776,0.730358287542657,0.07691707219058326,193.05442346093062
1.0013878168530228,1.0714161148304697,0.5746894397314715,0.06449707645665763,172.97715096865858
0.9973771567346243,0.583857983672583,0.5794814954718497,0.04810660318440675,122.33275162431153
0.9976493328890681,0.3735269184890091,0.6283341407223477,0.07944499287517752,107.93982441726274
0.9997652034596634,0.9887756138245372,0.11426874663438487,0.06664911766102846,54.521103960804055
1.0002380064834278,0.8505519047719061,0.11836760089124629,0.06826686449069352,50.4280935804353
1.0024167457128697,0.7063749527774346,0.7322766992049455,0.02694219131472731,164.8318995153088
1.0021326182369963,0.32681850313370897,0.830949159865439,0.07592621781243922,131.33369874805965
0.9993201190077847,0.4922745623220867,0.7873704419443006,0.062116027950789215,151.41250332119762
1.0018857954642886,0.5008531285579972,0.23132224158668147,0.042592017785482564,50.53950020951322
0.9986839790553022,1.0795865749915754,0.7200138078047703,0.06890358579931032,209.6897441544939
0.9999672178265385,0.6797101484707933,0.713758814489833,0.09829621962399077,169.82639585608212
0.9977122001462027,0.2378493083509915,0.8099671458055832,0.029168592837051453,104.42392830030053
0.9981188932749323,0.5677385958830135,0.8007416559875842,0.050416037645880867,163.11596102704664
0.9988969830644169,0.31658537752099836,0.39339421815665104,0.0464142056597442,62.2574080080181
0.9974484996848492,0.7708164939615372,0.7080490791247339,0.0934017016393164,178.4318427615621
1.0040463726438924,0.30893630716491477,0.48755593188351415,0.09385913458855928,81.27989309769924
1.002923275449755,0.974963859548097,0.10742543433579156,0.049467678740612614,46.81979867547227
0.9998919612960656,0.9737027668264127,0.13929896699853472,0.06089912773165705,57.3376424470963
1.0014193350697227,0.9007626680156295,0.4714368818137173,0.031094768021712557,125.109277848028
1.0015388050209695,0.8827070929420049,0.8065072917677517,0.05389789613319333,206.5607561128498
0.9989240105833397,0.9567093072078572,0.15224472134642583,0.03910196810097727,51.42802366287157
0.9966415360182396,0.3747905280819708,0.5392146895090653,0.03661427907993445,89.43283372279478
0.9981575748764064,0.4304286787720535,0.3557812509895736,0.06278795228624309,69.011060334675
0.9973445700345016,1.01191292130723,0.39063804132049085,0.062310814421627794,120.17541910921278
1.0001877967094517,0.810099601599098,0.7721544872018467,0.05451359277534841,190.10745249112037
1.0014075918309924,0.24780556668089665,0.25168306869943186,0.06251363344082062,38.552948181947045
0.9995451596369754,1.0464025622929356,0.5172752195602782,0.05098212328127842,151.81702278311337
0.9986704188139557,0.7029971293193564,0.5030411976910916,0.09630349627587603,129.2285990706833
0.9998198917253903,1.0413422651071877,0.19115140637906858,0.0871507259794202,82.82746506301407
0.9966850129810266,0.9849937634779342,0.6165260157881591,0.05155253909491504,170.8575286302679
0.9969128593218287,0.5545826699306637,0.2786773248293715,0.059135352916679984,63.90708083076112
0.9980755692614199,0.8185962708627046,0.7091030777966609,0.020428879693124673,169.48488603386718
0.99598415083552,0.950211948605767,0.7502126272142935,0.03394505616258128,194.56002689153047
0.9990872436625168,0.568522340980124,0.04757948972232587,0.06278444078326932,24.58528705720323
0.9993101669347679,0.3960438772708065,0.5953275743792656,0.07593899088326715,106.44039797588772
0.9967620889541577,0.4502549827020865,0.8682029121113747,0.0533238675737103,156.22908412969315
0.9990938052797116,0.5068709148483153,0.11489224940206008,0.03941791882102711,28.098327342548657
0.9986568269263499,0.3917548159960164,0.8996800186443059,0.06443392751141198,152.08278108008068
1.000157483533872,0.4141986388367733,0.8058721952002467,0.06644571921460239,142.4017101070874
0.9978787923077572,0.46088831735860036,0.16527029041735194,0.07346870173267578,40.465886247245635
0.9992011899132478,0.6073949188713843,0.0554216844233947,0.027085554293608587,17.120809467988465
0.9993740829862281,0.5850517827978747,0.9700614965815348,0.03536890676086324,195.7149275088798
0.9981768902108624,0.2614902054705214,0.03645632993249462,0.044697088380921866,8.77787293243233
1.0046031275628968,0.9803355930026536,0.7447393060761396,0.0702293714736428,207.4031990312088
1.001841904459979,0.6943771077409449,0.5071564778032901,0.08505303658848407,127.87635172135668
1.0029640624892453,0.39037364569856553,0.4766835611111159,0.06089982678983831,86.16317442543726
1.0027573295852392,1.0723687644356226,0.4117904974949272,0.054417220093156055,128.92048742415284
1.0001362948408064,0.750096683627719,0.7391467607427787,0.09688379209129187,184.34643036759905
0.9988008533806975,0.4034230340865075,0.37235064088519915,0.04313746870172264,66.97724733981335
0.9971285618342107,0.6555665303232716,0.234702360142934,0.06756125148443365,63.3470291427372
1.0018918160243195,0.2802635678994009,0.8533378798966947,0.07870725252862337,124.73065116178924
1.0033038626764788,0.5862941248338451,0.07852194652752811,0.08016801854517419,36.73649893161007
0.9985670795977153,0.8059950866111698,0.07185059597752165,0.03295107292755991,26.194775276189034
1.0033930601245415,1.0734090684858064,0.14278703824882957,0.07786232489054808,71.07871895534419
1.0000194699158989,0.446828502128448,0.21100186852717423,0.03158477405114026,41.61200804973123
0.9982855899182373,0.5949740172330393,0.3016984264328509,0.04975746824614383,69.7796213439355
0.9982866141694557,0.29781764139489453,0.13262530602737782,0.02783968750805185,21.198382495714725
0.9964871677920827,0.23934104592043282,0.8229942730890167,0.0245502083375683,105.89192096366605
0.9992182982239001,0.8556426969922863,0.24888830982858068,0.0708070728233022,79.92385457767273
0.9993669778598046,0.8088267336271646,0.960439273657403,0.05756080083230136,230.62457891802256
1.0025858242286738,1.03913578253564,0.7693136925317309,0.039394722289355144,211.63745148601808
1.0011594407943825,1.0416071955748438,0.09872196328367795,0.07903758697299199,60.09598828394542
0.9987653426187746,0.48563562479287525,0.5584414117304465,0.0912167423397636,114.08858715429022
1.000410688144587,0.8672063123695031,0.4024223886988797,0.03058480370185406,105.81168829185043
0.9963878239935511,0.4170287129025594,0.856344537701539,0.04465091888422988,147.53547265978324
1.0015103266898977,0.29932277649760214,0.8485800534148901,0.0965459311151335,129.62112173580016
1.000523735521098,0.30663406108635227,0.9666839835463332,0.0906575146587727,146.88787497163185
1.0015872717341734,0.7077895224294055,0.07601234241373377,0.02491233280484763,23.71838625577783
0.9974745286385679,1.02079535257704,0.9355434647955552,0.037102983808705324,246.93988391386316
0.997630257725969,1.0119680407897613,0.5569907413475249,0.05165805343984457,158.51929581909906
0.9998478699580878,1.087963281138334,0.8000564064848056,0.09060932644688686,235.66144198452434
0.9994031895080121,0.764873817652898,0.5118107114584048,0.050813210496212326,127.24629554073073
0.9977123845061386,0.6814342877711635,0.2470025757512322,0.08558944294837612,71.98180354234893
0.998645098696518,0.5918598012496186,0.9041930587450498,0.030479653061243353,183.57663147420052
1.0038065231688411,1.0077850080159767,0.2766597714304295,0.08147391404742398,100.43947282117796
1.000501853988437,0.35138546069247195,0.5674013211004146,0.08238471738490326,96.8589458315302
0.9990940165375729,0.743700514652762,0.6586536423313302,0.05021738636682145,156.70800688699973
0.99866911196148,0.3712590869115139,0.9360029119792301,0.05227626197153243,152.63289470510114
1.000424451196725,0.32869381178574303,0.4990449658479969,0.08607741540403811,83.89755428648061
0.9963896003257673,0.2136745005691194,0.544084775245478,0.06877005301778227,69.18865797787248
0.9997408708942648,0.586106571162158,0.10619258408722276,0.0715499358008798,37.09808286298795
1.0024592514547999,0.39972627411935113,0.2200769018814747,0.09852518399712776,51.091596506111955
0.9998655244821892,0.30670637310370896,0.41485920803184845,0.05151556244504489,65.23924636636298
1.001699853353386,0.31787428482363744,0.1515478584292734,0.05622783386510888,29.230342471261338
0.9958873116180891,0.49738953442134193,0.6408689485120502,0.06441802561566577,125.37051463406709
0.9994176033944678,0.5416818830467482,0.8759449488163864,0.09422574730274832,179.49282368507653
0.9992942716869827,0.5783231248038132,0.8308655129302056,0.042183270443032564,169.6978561131381
0.9983321693312807,0.3000299728600053,0.3451152956060915,0.023726899706026493,51.37664644599545
1.0014111431653425,0.23248333520482578,0.8681794088919972,0.07418879719142299,114.7796728546104
0.9980927993858543,0.7161479266271245,0.4828763179343273,0.09377019449621428,125.51546050624859
0.9925104917707922,0.5495518654329445,0.04312840373253764,0.03020671900993091,11.665090053353254
1.0005883360291028,0.2786553468207819,0.359660052043547,0.08278585180561412,57.484687512174276
0.9940432273655303,0.2830249376698696,0.985158659550974,0.03742638260435939,137.039845518417
1.0006772129905015,0.3459891778026368,0.8713431953732981,0.07979295113273606,140.990878585835
0.9962098582989793,0.2896031370632977,0.6824164968514083,0.07440679359099468,101.04447612211283
0.9998427855477583,1.0666579122862618,0.34098820133005564,0.08336274549474994,119.3022786546232
1.0011593114944972,0.6870184809203521,0.36734459108980644,0.05421001293226674,91.53774715556125
0.9981417220730427,1.00729606783498,0.7844063668985027,0.09884725437111555,224.62487597816684
0.9970667303357851,1.039875581866223,0.9999599578565114,0.04513663458212586,265.54474839692773
1.0001553233645193,0.6576390520945927,0.985117342382903,0.047244209167648044,212.03707383542996
0.9969643500553319,0.8229501069963241,0.23912585922007837,0.09206205891332073,80.99656339613125
0.9996579255105719,0.3855470865286671,0.855484369500446,0.03948319449023157,142.11486653476112
0.9998243788930535,0.655728692965641,0.9771036968073955,0.0771002497655661,214.37244720779543
0.9998019933340306,0.790799979456535,0.9073256262767482,0.0853584636941076,222.39165320721858
1.0004578187448052,0.27567455775911576,0.27950787380849373,0.04161447362017155,42.399042144164696
1.0026780914544995,0.3401466770901682,0.23603936299240047,0.08066659562499667,46.370837601787
0.9987430332859305,0.2869251274433605,0.5948819802674344,0.08304843149266454,90.19322066041065
0.9976796895170129,0.7418991214210859,0.31721955308101424,0.0669604145333273,86.38636673811442
1.0001924037295316,0.2883856527648184,0.1560676237483005,0.09494826731769306,31.901134690611627
1.0024949448246447,0.6078471343221485,0.3142510484604543,0.052850734593748325,75.13150895005879
0.996603496822121,0.766150446628358,0.4728750468875779,0.06150981948707637,120.36069492088916
0.9999311327924792,0.7918574290015423,0.5493177164591428,0.03195902259061437,134.24873521578536
0.9972936438408705,0.9972730012522011,0.7019553394302254,0.0992023507627442,204.070619536837
0.9989627853232769,0.2383779143979055,0.889866850864132,0.07082287065989941,117.72183821493081
1.001980712956935,0.21178296375718092,0.7764796358458643,0.09752714418115302,100.16106111671587
1.000551746971146,0.9309331333921345,0.487939306361974,0.07210824886825991,141.5364711956595
0.9976290935722326,0.20779390041668092,0.6611940306015209,0.04878903544321904,81.01309147813032
1.0014996042689863,0.38099271960252323,0.22250628454020216,0.0395366744433384,41.52591982421632
1.0024119061720063,0.4568542051102007,0.9452642491640635,0.061946923880773413,173.09852819200125
0.9979875283020724,0.770083898947076,0.7489219039297597,0.09904858270283148,188.34620186743942
1.0004629147458084,0.3837540911804765,0.5735099646634386,0.023164282332707443,95.81568817922886
1.0015930195039595,0.7454712547297342,0.3086528395074188,0.03243591671568766,77.91238296489962
1.0002751689400995,1.0733827680442805,0.5124804557582368,0.024082083508469854,145.19270441711905
1.0009505690461153,0.5372214903351535,0.5334661139825109,0.06216639532752842,112.01130955045346
0.9950607865579713,0.5634124731747912,0.19602835258459156,0.0287401439064799,42.21493427046363
0.9980842877801241,0.42800841691238667,0.7418774381231422,0.05501179311868602,132.10917175607517
0.9989573939286195,0.5118997801775647,0.37068275308221493,0.09093595690718989,83.59088945118299
1.001028511634148,0.42087970999893554,0.4367152720957247,0.0800783788710455,84.9166155724426
0.9966067063603904,0.37745389693492254,0.7100203424309119,0.0526499572251556,118.22211846678795
1.0014113511276712,0.39919326386642284,0.23696956635496103,0.04388150433604961,45.55219850937607
0.9987129190991482,0.8466688751352727,0.6716111484678363,0.056663281417565145,171.64239715064906
1.0000173681944606,0.6382088712349198,0.2756796835700007,0.02975292900272672,63.81476678149926
1.0005216447931358,0.49278473889385466,0.6869338765835398,0.02388932946935661,129.12545739921427
0.9997987909711223,1.0486970689977855,0.2889839431570676,0.04247959816346625,91.00176776912997
1.0021426113026108,0.21789976478985032,0.9436577591912674,0.044169670271978774,118.45448138038574
1.001466782452515,0.7655846609254229,0.6867214113285917,0.09272425355124111,174.62198756569575
0.9981030874261366,0.30207244848019804,0.7298121912189127,0.02475193801172586,106.26113364554266
1.0009206701503912,0.8443526656192386,0.8515243545832487,0.05203188465819271,211.35694870870543
1.0020784197789945,0.3829136012911203,0.7607449336303762,0.04330505545839761,127.97574679195009
0.9982854535097739,0.39520516829835806,0.42422290244741545,0.07559134749462636,78.53790679377175
0.9968594431509061,0.7016181893082465,0.19238838417317797,0.03191562006820316,48.446452037756444
0.9976397095697774,1.0942662722452547,0.6120050285511021,0.0944671619517364,191.20953069550444
0.9991966566052236,0.7851894067570344,0.06730107434097053,0.07833563755636705,41.959733123257706
1.001207064797424,0.4408934854423687,0.5700746244983491,0.03437448942684342,103.79450946228087
1.0009828451251692,0.5895599058345186,0.9385851085690989,0.028094929819628432,189.64540936542016
1.0025403881859474,0.47371199590593743,0.6335098087316653,0.041257202455420236,120.08964679447121
0.9989458609014384,0.6439085896559558,0.26738913432886463,0.06361648025807189,69.00642520117515
0.9986917784089615,0.41213219794642464,0.08819499341950825,0.038435001736794,20.059004276204405
0.9973909363977758,0.4452850371767775,0.25058969591680236,0.08555614972666642,55.50488479061528
0.9972565483127077,0.6155647128266175,0.6356660965124307,0.08912469408563459,143.68889458921188
0.9983817648131148,0.8681892616784339,0.8812154676607555,0.046036990438533126,218.85388770061667
0.9984208221539471,0.8391797465392217,0.6027946437337831,0.060679848557223054,156.11653147454615
0.9993213537903145,1.0608028919032673,0.9644066765065937,0.06871914784531265,265.9460995352349
1.0046514898401815,1.0890787903266623,0.9645396475347227,0.07580829613672961,272.945130345042
0.9985400574601687,0.7115595583445018,0.39193356767090487,0.07815760178351555,102.72622761883991
1.0027443391317747,0.8277115030692856,0.8340292853911845,0.024537554179245885,200.57412017053085
1.0021593190511806,1.00930916623711,0.09544992475555522,0.05499422290443484,47.38842431396222
1.0053748987980777,0.36974172794193727,0.5316431098956904,0.06708991451817503,93.8212369505087
1.000007153754974,0.6105684880687323,0.9842634538793943,0.021952487859462275,200.6065148693275
0.999393372932501,0.5510782251113309,0.5249108557012089,0.037886416885750146,107.5687451681809
1.004061709583053,0.7528929501892094,0.017930825656320436,0.07962308553148102,41.007249257794456
0.9977303160748228,0.6269971711404043,0.2947668446486905,0.08666116964280797,77.89598664061799
0.9971143236975856,0.4317030000307774,0.7535464303920045,0.09920557420947418,139.76227750848477
1.0006097198967594,0.3018725279816032,0.4393500340871916,0.08175251238609535,71.11823683220706
1.0021665652409852,0.3825170020212938,0.5853875614201869,0.047172698715070016,100.69088635977903
0.9992828641968111,0.5639745656112756,0.6954781021692715,0.09555240710134605,150.13808921554283
1.0018471287252464,0.6316274602111137,0.2819974103523365,0.061254557408762664,71.68121268574976
0.9990228271294389,0.43512359857433625,0.9318524790656947,0.06747994243890283,166.4359797239719
0.9995306056014807,0.8653171457833329,0.4744274484270132,0.06408574159894605,130.5305531136874
0.9970199654410674,0.6486862251788142,0.18919772870886326,0.07459028568953467,55.50814039217448
1.0035388319969267,0.6846783518721644,0.6639709480586385,0.06374877352035979,155.62537315974612
1.003563047528048,0.7250994329412452,0.9638576858255954,0.08761413454276847,225.8574984248722
0.9980947166450627,0.21593207081544208,0.20618725982947742,0.07810446648612629,30.17070417988998
0.9995414654566501,0.8777904964788232,0.4836468817111691,0.05833719115439227,132.46117686866722
1.0043143254586375,0.7133244673960055,0.07809908816443485,0.08582675855580754,45.47861519976664
0.9978671533530911,1.025035154908403,0.08634385060558174,0.08350441486050739,57.80255181873895
0.9989923856984844,0.41609079122509457,0.840803161347776,0.03170427112165835,144.13362394240744
0.998306050198034,0.3582641696908072,0.6507584444557408,0.05127600992900662,106.4958999925982
1.0029138787336922,0.7772155989500491,0.58034831511841,0.03128692037137046,140.68545148911232
0.9983076745412618,0.6211997707074914,0.1625080360074883,0.024394796713046406,37.9869584724874
1.0035280491859528,0.5677512579849089,0.5367093844102097,0.03416798069786965,112.30543941114729
1.0007156361841198,0.3544630487502889,0.2975409716410966,0.0940551604427056,57.659407092308356
0.9941811010593055,0.9180566410634208,0.036637063386579447,0.0577898473596109,31.366724637470043
0.9945056459993535,0.5670742217913551,0.7858407819114359,0.021966051924226307,155.01760810505422
0.9998607449126199,0.7762113985492829,0.7974881564174262,0.09920665851976282,200.09715435964603
0.9999903990639654,0.39326799059469236,0.04010523956518557,0.07017981571526657,19.13671601622343
0.9995581139149774,0.6298830610953865,0.5982888043395377,0.06324535283793269,134.7538902211415
1.001586720534735,0.9298030520379121,0.15873716030034346,0.03411609016238916,51.46639822435259
0.9973595753210704,0.8314634789499014,0.2465188135463325,0.06884864323829214,76.42583367835607
0.9983441724442207,0.2857051146340376,0.5654558907305781,0.08273421925794207,85.81022148621616
0.9986712139174025,0.28322143032442915,0.844674442477153,0.08217184124547272,123.20842578744447
0.9954538303861326,0.6501809090044788,0.19844911199858262,0.04208466628629104,49.42425061925081
0.9972214222743783,0.6495481801181711,0.47160795167615965,0.034726576291885615,104.83534143625451
1.0026206769065695,0.9215751634082181,0.7496366782110676,0.040623496319217814,195.41725135796716
0.9971017554983588,1.0313759451130229,0.8661064305536734,0.08959444033049634,243.75482486750548
0.9957394805483439,0.2839427166114924,0.40354417198893744,0.049090954526579134,59.416971069050874
0.9984314636896648,0.6959701347038331,0.6093993118318274,0.07407894206786061,145.818094096406
1.0007431550602421,0.6447987128074701,0.8140599980128039,0.07123279664985466,180.64234107405716
1.0020367922706201,0.3946215553598359,0.4300496286179839,0.09964649547307171,83.82198831703607
0.9963820062887865,0.3944000738943574,0.17546631058415066,0.069819999304863,37.07914172433459
0.9984153797054779,0.7261564518659016,0.685129499150098,0.03388177780500064,157.0673304409861
1.000991225289978,0.43336081107686164,0.79340614452871,0.025482818625561964,139.1969009099472
0.9980289432006328,0.26076780821638945,0.9199060535408858,0.021582354698300117,123.37538581137233
1.0015112228869159,0.629049792795116,0.4488426254989979,0.05937709573520154,104.89681503514578
0.9972095892954792,0.778563196525627,0.29706229528354633,0.03782373766507251,76.81952729006531
1.000205857438106,0.3886335936648603,0.035599497677600206,0.026778299261393128,9.952351903100691
0.9982575117008667,1.0595717870357548,0.84340377464543,0.07096403583646389,237.4119139419448
1.0001382359174051,0.22802707640032274,0.7119702966286432,0.02552573529325157,90.8548235534044
0.9992842930034512,0.6869592031500927,0.15470684154371941,0.09923483764186157,58.48675741429486
0.9964946031581812,0.7291289183702259,0.43129421377838173,0.08805793782176936,114.02424928705045
0.9966726970494321,0.7334881660449226,0.041481598083504136,0.04677876580055412,22.537094800653676
1.0019212847921604,1.0307293898263548,0.7743778117000122,0.023695143624683307,208.08636568473872
0.9991496317850663,0.3362500494204601,0.675656587921397,0.03458693538362574,105.58722880480303
0.9988460050939867,0.5041428968162323,0.8325293450607543,0.0981380111548849,165.60125549587224
0.997516947064289,0.7214887569872444,0.40711383062956347,0.07716275725521099,106.3535275392606
0.9990980875465312,0.2194370668114626,0.23859748662045566,0.05940149959529595,33.32283416783366
0.998439156975847,0.3125805240169106,0.5288132880691563,0.030652603280683737,79.79721022178632
1.0025677117171403,0.8059099068228714,0.7369207822518328,0.05963124582598653,183.71357962740777
1.0009911147098305,0.9848978659331034,0.3918773662200654,0.024535387114776305,109.13061535222721
1.0015333067000658,0.39090227900909713,0.7389708331535311,0.06432113142582557,127.75681051739514
0.9991442878465265,0.6308728317934975,0.02120937549925623,0.032076320577810805,13.329496398538595
0.9982075906814746,0.9265914656340442,0.1969411132955416,0.04740412046359516,63.64173147441966
1.0010020440862277,0.7609955391082919,0.6838245899993715,0.09458445906727156,173.67445200860658
1.0012151007531112,0.8650419653086845,0.9962875835563543,0.022939748529219265,240.62283824608582
1.001765134904802,0.8571608503884278,0.9887729878311164,0.02730311591770252,238.20874430157994
0.9995892014363942,1.0274209254443938,0.24135376485810703,0.03171268434753161,74.26004668594851
0.9978774128094643,0.3803379890273182,0.5564910458305768,0.05749005359617618,95.66021367780735
1.0011925652664546,0.7522479928015502,0.5942179929900404,0.06108238449807599,146.70561707364152
1.0001708662551794,0.8670154803965118,0.4691889884498783,0.08338950178070849,134.52624878228738
1.002381820980919,1.0381891566260448,0.028333524098528517,0.054601048826374426,38.05168099156617
0.9982609199716596,0.36296060360887883,0.39577175898389905,0.020720393541201813,64.2773077020193
1.0005295508458873,0.820540170098365,0.12398221547281897,0.035048545013971616,39.588508917617446
1.00239467051249,0.45601904435521773,0.9089683383607745,0.08055297113671013,168.97661152734582
0.997821701482694,0.44417150796796123,0.5563283765621031,0.05394066812621062,103.21419781498969
0.9973963460439987,0.9987674343168538,0.07524526953503304,0.06794773708238033,46.71993765429568
0.9972037712079164,1.0498184087138327,0.9110227048068643,0.06037056207876594,249.33598605939036
0.9988502414673179,0.4314671762858005,0.07605218676303747,0.032283775807611194,17.66792903101623
1.0014057177565274,0.8439340082302267,0.5188339818915898,0.07651677570421668,142.77642100543693
0.997570888096925,0.9154838604324429,0.1969061992498325,0.04534807724567194,62.1757571847229
0.9997298941239223,0.3667510747912736,0.4234543518965738,0.07764379330349311,75.98366377595255
0.9989556526751455,0.2732996868254297,0.21992722588109342,0.06082389060090042,35.386075625803926
1.0014681145234596,0.2915856690966804,0.23684427739310307,0.04656913403472196,38.60249277107846
0.9936968452263075,0.6230238953769406,0.03388482298118793,0.09489543386133117,33.97249066891743
0.9984046937649275,1.058156753335304,0.24395185421648252,0.04719977672792025,80.98121290248997
0.9967971226293504,1.0085678326056093,0.6053187140276436,0.03928082766757958,166.3473390206059
0.9963794096359285,0.6414791956837292,0.08896810256472931,0.08252169203584699,38.409752645913386
1.0008359337427428,1.0090839047123203,0.032374874682143645,0.089049444670968,57.216664737967335
0.9974240208139618,0.5596665134472933,0.8080822159835893,0.057468630596786335,163.6723487599407
0.995509386250651,0.9593784259901552,0.6300359467104385,0.08618792510825123,179.38773751033034
1.0033447341452402,0.7562150321109575,0.9269462279848809,0.020905593231439958,211.2915437065481
0.9970748384451436,0.4698228238307259,0.9273978179816889,0.057037380797089116,170.42119703963607
0.9994694963569719,0.24974704760058397,0.42844838152106157,0.03778659116684097,58.90596854064694
0.9968279243397534,1.0435407180871907,0.7563459682579544,0.041394074389465116,207.34688170667508
0.9991150068358404,0.2349821998111648,0.9871213872542646,0.07164738868304242,129.09256631890707
1.0019565678585476,0.7663397838307722,0.8885214545420357,0.06560858622526695,211.95333850190877
0.9996663822652408,0.30229040159100595,0.5552550639797125,0.08088313345276886,87.06249538887306
0.9987014506227484,0.6263505846879163,0.4564510122497948,0.0927419705923809,111.05652103334569
1.004169841974137,0.8065027910278697,0.620291187518903,0.09153220031699749,166.09218785083567
0.9974152158110472,0.8935160298547804,0.812068148124826,0.06200720037961781,209.19827806918002
0.9972297580249467,0.47633143400920336,0.6398157548310525,0.07386654162812707,124.10023205074754
0.9994000313829151,0.8173977399088073,0.9512638911310574,0.07159653856707011,232.28788453862995
0.9985459186370506,0.40179196827359037,0.991308034694215,0.060354617665791074,168.2669358391815
0.9993102955348955,0.765784022858307,0.8309328749544024,0.08594927846331595,202.84341344909575
0.9998215504635052,0.5201369308451099,0.9870286596838211,0.07057603400513798,192.21226932854086
1.0021368461586353,0.8131278631578833,0.04568188864869197,0.025907758548511923,19.96846839710338
0.9969030982665072,1.061886196219393,0.5405754277944563,0.07105468865205905,163.87775997999944
0.9983999223833028,0.6419694495669738,0.6685213994022189,0.056519407084948264,148.61350063268748
1.0023750244231706,0.9500575971032041,0.8594809004873688,0.08509155408121687,232.9715144081156
1.0011228882515895,0.5286593390226938,0.7671703190375925,0.038731089563201385,150.75504460485445
0.9985952950701796,0.8045682845676458,0.2150007366005739,0.09620313210183287,76.76496787517033
1.00059106744737,0.9289283341692627,0.8980466812606566,0.05442780150716765,232.314222742776
0.9991798800915658,0.6365598940538096,0.7525255659088279,0.06807832426815084,166.57846984504704
0.998350171956269,0.3600071302995995,0.33772674794379015,0.04578278672486999,57.88391094715314
0.9961638336775663,0.35113468533306214,0.11698821170814398,0.09142260466202749,28.61581143879056
0.996699814525351,1.0379706287030097,0.22981874957049545,0.06349557100369455,81.60618656041106
0.9993693019688672,0.4456024375275851,0.22681913691341987,0.07844873354034597,51.203619113036666
1.0016103541526395,1.06026392247333,0.7952127939413299,0.0947544713257641,233.21565762010724
0.9998228610847849,0.47418676621487077,0.5286554568082155,0.09106564831015526,107.83160271021683
1.0019057364622797,1.0925376440390702,0.41821373244008475,0.08559135781324032,141.38600660522667
0.9995546368798546,1.0508093571020354,0.6937114858422633,0.06682686020015838,200.07678333213676
0.998415646081739,0.8252552149985111,0.8155162827623309,0.07000489969846384,203.6932153223688
0.9974758472695159,0.8857631860646973,0.4533860039906451,0.02658780797469671,116.96052029798182
1.0002495771435176,1.088489328396136,0.15203104225311032,0.06499976749796518,66.90029292272618
0.9985108789440393,0.6608483549781983,0.49168780009731444,0.050723297972042794,113.39036498502367
1.0017513968951486,0.7172357557912605,0.8199919354845622,0.03372041888094812,185.45305569315786
0.9933604145753192,0.8469512117026885,0.806744466072538,0.03955336561265606,196.35594730622984
1.000490549580198,0.9908341596595966,0.06643684005635864,0.055878610540389895,40.63302067830597
1.0030298862657925,0.5271296500013363,0.28852167119296424,0.047272366762884356,63.802678487900096
0.9984101993633503,0.6527007732055394,0.14137032506154795,0.09815197924220552,53.303992360983045
0.9989653866402535,0.549873379835755,0.7432673994347224,0.035584622178057745,148.19450616026006
0.9993315101709708,0.4260523044401764,0.021192658606466803,0.07494857824708447,20.33226381999134
1.0002468729389846,0.29380988318074164,0.9654442197531358,0.06785396373201068,141.35398003504753
0.9996096409271705,0.7101678036837387,0.23124954488008329,0.06192231657260583,65.48912587776044
0.9994163513814528,0.8066884911796868,0.2711520316520052,0.08516351395341014,86.05159065837017
1.0017673309286015,0.6269012896098468,0.6036911112164867,0.044849182819490935,133.15768857166927
1.0018781086677295,0.6033725307647382,0.1251914145007521,0.07578362852125613,43.30480792251808
0.9981983947201277,0.677175925963276,0.20855559211225405,0.06272970680140441,58.422472263643215
0.9963589388651378,0.8502221412930637,0.8688751006486513,0.06760699514035229,217.18704993575963
0.9973179116349813,0.24620916395880293,0.6601137515278173,0.05509922855549351,88.74884046967645
0.997517792460526,0.9830115639177206,0.15207458106201407,0.03454768934557023,50.0173854641223
0.9975896884234337,0.49123071067660484,0.35307377616761343,0.02393504852483389,67.81415312299282
0.9979856073185653,0.7567424083111938,0.3597733145642246,0.07388664471219726,98.23060036086127
1.0000530960592953,0.5200602664144056,0.17055401385907829,0.021694989092447114,36.00356815265013
1.0054110421824531,0.4728479816565777,0.6667711140075516,0.056994551118379796,128.94648527991092
0.999463633387434,0.9142680327379329,0.9214205799287472,0.05025095482208618,234.56713618093872
1.0021101712682658,0.26677250350382753,0.23846195676607543,0.06256257030435142,38.691562454236646
0.9984546212996254,0.38599058988455703,0.8529958682618956,0.057211711279022484,143.3819346037664
0.9977554192087528,0.7942590910229779,0.20944033133092937,0.035109665926084166,57.19972270104074
0.9986445691463061,0.9210150502243108,0.7958901779330522,0.02314169994069399,201.09996886988694
1.0005282254449994,0.813195233055382,0.6252411849686778,0.061674339160583444,160.0978758862072
0.9995084127210694,0.7591620145060805,0.5124297716350938,0.06421568172006237,129.98874270971203
0.9961646045188669,0.30160941543094977,0.4968857974523995,0.06180081054655344,75.97273298589323
0.999373800096232,0.9556041591904767,0.5525253659884946,0.06623996752266542,157.2055488319944
1.0001011630817638,0.42988870158721093,0.8488835753580959,0.050189409672675274,150.3163208911485
0.9999994855716465,0.6081537552194853,0.34521450520045754,0.04922815453042079,79.74963388023758
0.9996584166752497,0.4136530620466098,0.10149095898006481,0.043115333429006315,23.35695553487608
0.9983651788979874,0.8674183931405697,0.4781456310037834,0.09263954037254926,138.7282202420874
0.9967264727151556,0.8320106646142396,0.02378717122130201,0.05690560327086293,28.504946843489165
0.9981402951806511,0.3163070149584365,0.6380451487123664,0.0504065176738885,97.83299202040848
0.9983675660761164,0.8271051913281537,0.767678042293543,0.07988052680357463,195.4580570944966
0.9994787044223071,0.3169049574768239,0.3752000354680114,0.08837182587872484,64.01808074737858
1.000999123615743,0.5588280299733406,0.4312119937865774,0.07552560202122179,97.57033674338078
0.9997783161173065,0.9450363938363846,0.6810778973150817,0.022797161716430772,176.5218267611403
1.0018016657397502,0.826888699108767,0.19789377499729238,0.0685225862274555,67.2092039604243
0.9983609061117233,1.0095061717256426,0.1470606448316797,0.04307786273118963,52.9938534075028
0.996104577009713,0.6987213925867484,0.8467012447917895,0.04782053414541183,188.74005783164
0.9982643647214894,0.8866162759165019,0.7862818844814301,0.06514058742553126,203.71193904079615
1.001262676978682,1.0185930291940286,0.6230622696523739,0.06842084698116098,180.97594331580785
0.9981185747192421,0.36175818488310774,0.16595363668488614,0.09483641077024951,37.681525080937604
0.9985196093471385,0.7692261476995068,0.02098578129456421,0.03528991256278229,17.124704878151192
0.9964556621927075,0.26760147772890475,0.011752093040568217,0.024683813174477782,2.795153612111619
0.9974567682797528,0.8498751976138448,0.16350456869742377,0.054944841391038765,54.61161360650095
0.9982949843380808,0.6201759866632595,0.32359353708513056,0.07762373180234473,81.33415533141141
1.0009107050652826,0.8675772949694966,0.655326443062605,0.08595293796407819,178.04248532288335
0.9981269107752002,0.9684124628122752,0.8368977586428854,0.05580074871507809,222.5799561646956
1.0022124763488902,0.6416292042894809,0.4907154905989839,0.029378629415893906,108.97120430590246
1.0016340346480461,0.3235732038465018,0.20973593497392184,0.03392830754625537,35.498089037249656
1.002224993639994,0.2786853774013261,0.23371632718480848,0.08821980804151279,41.535066827522996
1.0030322883988665,0.6163934159028078,0.6453929022165226,0.06208781435835188,143.24231389578358
0.9991905496967457,1.085019765450006,0.9257345237870024,0.05907338282315512,257.3436504857086
1.0001865052899295,1.0512647255529843,0.9141302325009897,0.05042211237876973,248.72081864368496
1.0008030009413436,0.9982181197630016,0.04681914957862125,0.02642071269140697,23.00274746920877
1.003174961431239,0.3758260242959431,0.3221423637751904,0.0839393903081022,63.14341190074657
1.0006662054505935,0.4056164679256212,0.31437795678413305,0.09641251256739705,65.38675982941885
0.99971809906876,0.34827435987603994,0.7192958255247665,0.03366425997900674,114.32037698575823
0.9995774678479948,0.49260557743457845,0.05385607610843447,0.04739347988920223,19.037159100955193
0.99937657437117,1.0681923302092742,0.9910000209367548,0.08297993814738956,275.8458410897459
1.0005384516390061,0.4351419375660355,0.2286682606266713,0.03655549321899247,45.050926580659905
0.9932517801050355,0.26679439268516925,0.6451517867545031,0.031764979617841554,87.41381146997122
0.9990232367998831,0.800624127467072,0.34587922992962983,0.0753841252730134,99.22008675360041
1.001012805199354,0.6034131893100805,0.9333967913595231,0.08729243883359022,199.6061667873912
0.999993058641217,1.053382477771004,0.3539682846791473,0.04678190618615542,109.45858090901089
0.9955494132856556,1.096015100053841,0.9044980286276272,0.05884930286139704,252.54289891685423
1.0010509908727758,0.8906554192531839,0.3288244278012665,0.03751629714750648,91.73386567808438
1.002580772944894,0.5685378276129298,0.21878844352355423,0.06336048187654102,56.37000903401611
0.9972406834688714,0.9915731568112929,0.42912120842749435,0.03614325299338989,120.65638250584368
0.9993986514461036,0.6773742955997868,0.08043048122504716,0.05340329660641065,31.05104461866523
0.9993235825161049,1.0741421708625896,0.3375172067038456,0.0891086830379038,120.43616199129269
0.9987877643133402,0.6866736849720128,0.9449949709019235,0.031086560785912144,205.85905332686357
0.9996548179996568,0.6911652830791031,0.3788007298757201,0.08739379449152113,100.81297096291485
1.0001295119071578,0.4076610172846263,0.16595744514217062,0.022566575595194118,30.90577865471556
0.9970966512376369,0.20429364599913544,0.8291300868377389,0.05527105209511497,100.26491200041465
1.0005672802013112,0.7235861603784344,0.14485950740738082,0.03603846424376709,41.417625991239504
0.9993447725816718,0.2602526786344579,0.010058210661670758,0.07461655207733965,12.261269287091523
1.0008097194755456,0.9428568536768211,0.24145239190914727,0.08628504683282652,88.76361984617353
1.0000232270147198,1.0499731228986637,0.25923446048106485,0.07492438082225875,94.77873989653489
0.9982899376189661,0.7651913806469923,0.23890892376264458,0.0316501304208477,61.96869873951783
0.9994482155874969,0.841259544560198,0.7906946085766456,0.08133429515002788,203.26590628341356
1.0009851671966061,0.21778646235267568,0.2233210250942771,0.024977669585984436,29.584962954650052
0.9995613292975336,0.32479887234192284,0.46313155536558004,0.04732611508274957,73.85603988022814
1.0005462589297187,0.38473068103377617,0.4372825993362186,0.04842871109581402,77.01418066818269
1.0008754790104235,0.6097743804967704,0.4916865878341508,0.06300335547599267,111.7476142206026
0.9969655628718511,0.7619959467540065,0.5196743476657019,0.09357815334461159,137.33708899843765
0.9964829506449601,0.6814048075972554,0.026795006261360874,0.0653681858261653,26.65157849360969
0.9991908444602889,0.7055638083073943,0.2870005543147392,0.04539402095551694,72.93710686166236
1.002660989914534,0.939491691399085,0.8567920561887103,0.0998247798656406,234.473475819584
0.9983886151895945,0.24227175081145189,0.5726840085434438,0.026054105420809607,75.2559401042538
0.996975641818308,1.0857324649415052,0.1951697567061862,0.028166204651514634,62.00902794357023
0.9996510881221973,0.885569380507468,0.5206449159934827,0.06909083861838781,144.11342327518838
0.9982722479415937,0.4739404879782706,0.39055339669319494,0.08401642098650777,82.26587825899179
0.9999268892788428,0.6734042964538671,0.8253225909459555,0.04856023391237539,182.77247380347606
0.9999828154274644,0.6914640438136577,0.8687961242804108,0.034488140013021584,191.874383457234
0.9996403807060714,0.5363430525353116,0.801075014521499,0.09963034066918748,165.8422760877284
0.9987335056214497,0.5492607505793469,0.27816046778029785,0.09207512551540528,70.16263024991372
1.0026164125037889,0.6336665219076634,0.15231292622612297,0.05155378636789719,44.17968361750718
1.0009107474001344,0.3761238591753114,0.028532354702314536,0.08448752267656584,21.333503441022685
1.001768034499459,1.0978151223847725,0.33541825696457633,0.05447488957213331,110.50606429561668
1.0034368910563427,1.054554313281043,0.3585070246955423,0.035989354036701615,108.35847929835961
0.9979545154066117,0.3064399245827047,0.0776364880223707,0.06379680365329259,17.8292976469707
0.9981359942025128,1.0181926175231923,0.41926745491699613,0.040121992353290586,121.2987319238826
1.0016226526398229,0.9101106948545341,0.38835503986794123,0.06781473341548155,115.76326913274079
1.0005429065664555,0.2656968797696795,0.6796378001696688,0.09622734790137215,99.47153212201528
0.9993225715414781,0.7574010270916702,0.31412269008979593,0.08926524002402152,92.9001633670062
0.9979547468977927,0.786972134864466,0.8194454643090459,0.0522865137017339,196.33246954053044
0.998998084543218,0.5043015433590954,0.07710835362612517,0.09866295256290653,34.97643405995785
1.0012737842543895,0.6329664283383265,0.1811209931472649,0.059972578953241165,51.219098879569685
0.9955078489207121,0.87315923028139,0.2531673662011422,0.06239977086007187,77.88071697288592
0.9990182516003738,1.0933933467192185,0.5256476938045445,0.07858759555613705,165.71466117984835
1.0001605623789545,0.7345849205342523,0.8306930393375106,0.09072497130940882,199.47599842688922
0.9974589716823549,0.8502489176934,0.2836997131836079,0.06350600226118232,84.64182096144077
1.0021987397336884,0.410621466981811,0.8907936330466474,0.07914236535698396,157.3603059896639
0.9979389841570634,0.7893572078348245,0.2911455450405335,0.09588823525492986,91.46546406635798
1.002021313842525,0.21648087486345605,0.9784887937215213,0.032707581776600214,121.15647515462456
1.0024993603622534,0.2085451500423118,0.03998610051540959,0.07578666478091713,12.97630438649037
0.9965003318319898,0.3218900563229225,0.07564650568707806,0.0807991383413311,20.01257376246059
0.9993136220645197,0.797834402485424,0.856591397965097,0.02351168147506318,200.4299574518395
0.9993183914228916,0.7264299643453449,0.6182311138698375,0.09061209071320492,154.55985444055614
0.9993595244833013,0.25006829576800005,0.819241255131966,0.05646149062648895,110.67702277731195
1.0010630018595015,1.0355994772647426,0.7124056290301272,0.06909132448714274,204.31852762622157
1.0020138999060426,0.9463751241671088,0.7495751902247628,0.09942508987604146,210.79368443780567
1.0004143324519177,1.0170941012527914,0.7781602110290954,0.061996495841513344,216.37509654824694
0.992765514894344,0.5715868602132346,0.7066545838984042,0.06741610978312544,146.83084637560148
0.9988642813513685,1.0279969828372388,0.1252398236526759,0.045425621958361945,49.45686882857939
0.9984726672527641,0.3899807283619484,0.3405380770633587,0.02313969888449325,58.1768566526041
1.0022201039224614,0.9021360055544787,0.6876672792310132,0.07480842626904181,186.61928193939892
1.0019446113903427,0.9156242676213451,0.4523323252197532,0.026329777701749525,120.58339407181182
1.0031602865187612,0.9499155902696215,0.1394140679872784,0.026794805273161543,45.425094393746406
0.9968025769207858,1.0733325707433166,0.6429500449692463,0.09480552835375229,196.55183744945543
0.9981123767190424,0.2317862196828726,0.18450711689154606,0.08485507005450914,29.384154013491923
0.9967720862302217,0.29848250382074043,0.7500370410126689,0.09132743642737035,113.57926630202684
0.9976957897089758,0.20934738435304648,0.3834165778931197,0.07273142938528801,50.04675224880282
0.9996150467588744,0.20105234388239687,0.7067811170853978,0.037500953743214605,85.23997638357122
1.0008175083750885,0.8202006380914215,0.9367773920543617,0.08542332366465759,232.81940389084244
0.9989901510185163,1.0487829192797504,0.9915387082774503,0.08647111796899157,274.31517214169577
0.9979644821952891,0.8146992079295525,0.5621878157231883,0.0457739618548495,141.4775345971969
1.001613285653187,0.7737533877392095,0.5982348973243309,0.03765423029280052,145.23866261547363
0.9979283150772343,0.9516637276765152,0.4583191444638106,0.09862809282570874,142.8171837651596
0.998474234908733,0.9937870072223023,0.6035465663184164,0.08076875507920836,176.13368771526865
1.0005387375556867,0.487264954749228,0.27924643802366306,0.06486629408605765,61.67477271838294
0.9982127200824557,0.983636096829164,0.9614169718952841,0.07499465539240412,257.02910570703654
0.9995661909428935,0.5316988827642739,0.05301630202062912,0.0967556848506915,33.896587039195424
1.0018877451510597,0.458379181627802,0.7293319478051252,0.06328828408189226,137.0366300371728
0.9974737118738579,0.8731997981549637,0.2090396580152664,0.06424854120905878,69.0475217027676
0.9996173334340671,1.0777133528759768,0.25295191887200447,0.07860516229983003,96.12617187322752
0.999093398919976,0.6761874246964796,0.19131487613754072,0.07221903983796073,57.75535822521891
0.9958708364946055,0.7208902354572411,0.913740910573072,0.03246909139645128,203.40377632531377
1.0020116409150246,1.0441131483524368,0.6405497479474052,0.06563530218070794,186.8686492874074
0.9996779633815126,0.6536862082017442,0.8877535756412623,0.04876165795591779,192.84980464843213
1.0010944329482112,1.0649473559742004,0.8747929814573221,0.08183417784394686,249.02995643051858
0.9979991084115828,0.41780456347198835,0.034651668227424756,0.07613907595955183,19.980945540281027
0.9999438412001405,1.0904881296028501,0.6874649650105783,0.05267494980102094,198.90190541247335
0.9972753421096142,0.6123814351221037,0.869733948105816,0.06278227686859668,184.55954885526944
1.0047950036251412,0.5220833579786952,0.20315409540458443,0.05892177853888163,50.75935750435207
1.0052412384691927,0.8053267588841648,0.41230645859103326,0.08976998984347143,120.34396694191645
0.9982023898397543,0.2695608855019932,0.1631755948027586,0.07930404342436552,29.015822077955477
0.9994295119476235,0.6275583127593093,0.15500838541324571,0.04354130784270954,41.33349917181607
0.9989824938262363,0.6160366023501043,0.41520179380634564,0.04337065484697461,92.84102361660649
0.9985930484403125,1.0698897881297358,0.18705931950246035,0.04706632752608461,66.85601936588176
0.9985806800585545,0.6212581649411029,0.8035046061861154,0.08490348130257656,177.0050614460452
1.0005870773610532,0.5156094050398901,0.6359726629945369,0.021087154201521043,122.29350063460834
0.9997319629233546,0.7651162356731567,0.8234049612541487,0.0894914341888259,201.9552292947675
0.9976609743478659,0.8883366985455181,0.255201482213222,0.043860056324033385,74.51412218024979
0.9980262142601454,0.7120538997930248,0.4004196292301321,0.044853297612122325,97.30903931575847
0.9977142796220704,0.8203317095252238,0.946879555310723,0.05713739255367767,228.242935503175
1.0005682168309549,0.2301608171735,0.6993291457103488,0.07536785000174344,93.02269025216356
1.0026920420548715,0.6913532382963491,0.29508173484733285,0.08594422278194361,84.37049662065607
1.0049622574947645,0.22803806417938194,0.8963053941693908,0.08664402505486,118.87008112052985
0.9976948069148187,0.708819010214534,0.1830790421367434,0.060474229542994626,54.156709325100394
0.9995371914199271,0.38046159912208766,0.9724064438846688,0.06627198973916645,161.76529935875595
1.0014919105482707,0.35255133179566545,0.7466013011905096,0.028714074886577547,118.94879066835142
1.0019161775893701,0.7212548964464256,0.7503928695975283,0.03678400756524965,172.2703595592897
0.9963048429619157,0.3544043116125677,0.2500278614209604,0.04049382355002122,42.44145132961489
1.0021077505177667,0.9813318248744847,0.5614836851305829,0.04851879128960544,157.52409459942083
0.998377302182739,0.7273750143821935,0.5545996039501437,0.06353169526676421,135.53418463816712
1.002047352955956,1.0432666206886088,0.7370122519658747,0.07785349020074894,213.56165102473037
1.0043573183542,1.0882704596389878,0.3174779214966795,0.09683927988345471,121.38725182253467
1.0000681859766176,0.8617634707037805,0.16031106265956305,0.0858168202806763,65.75662516578524
0.9971142593611765,0.3362980832811254,0.4316580587468584,0.04495209214744071,69.38744687676655
0.9977763697175362,0.7413849564761903,0.6937562158557292,0.06953086056375654,167.44063865901677
0.9997422002908648,1.03666854119827,0.06775963111948513,0.09735474360547292,64.55275093404009
0.9990281503720783,0.6899213570108784,0.08545341443912606,0.0396750199162836,28.304628177781183
0.9965510041913173,1.029538413550299,0.6596286168210782,0.06057232167785284,186.94217961760907
1.0052148417024975,0.23434170637767654,0.7320796801358102,0.04885380160892239,97.99705270261006
0.9975706785092194,1.0319413677803195,0.962597582164253,0.06395921770630872,260.3854541365116
0.9975863561743059,0.4059889418632166,0.26013900447011434,0.021292366962093415,45.47280555163928
0.997111120881205,0.6011119502119008,0.8430393958143749,0.026367975826328112,171.9003954355411
0.9975072811722899,0.5802989012814637,0.7008614808625425,0.04777763082610685,145.55708671542453
0.9976337194861565,0.4729109334488422,0.9054113371011174,0.06196188089271078,167.9875571729733
1.001222569830016,0.4250000926262753,0.5756599361993225,0.0966124060419121,110.48629832102813
0.9982253762667684,1.0630847283128797,0.7326900271784956,0.0580370032777766,207.9758111646151
0.9995795244706484,0.9107870064004839,0.5567443217307736,0.051721684430415735,150.2571676393913
0.9981009262452492,0.9154174881368835,0.16101868908668895,0.06100224267781572,59.07859962595933
0.9994890445133596,0.5679365493400943,0.10702884407670735,0.058356956668782545,33.162714815703794
0.997616917365232,0.717247559634453,0.30364522554810974,0.03412474489354185,74.19470648372953
0.9973965799117032,0.22703568408834063,0.04047759463568811,0.09883861513092458,13.94620020502714
0.99901971563071,0.7749923149505329,0.012380822075320472,0.02335652697818773,11.349077714043915
1.0000786056350366,0.6091367831173049,0.11311331098744233,0.022685922491122064,27.928046248467126
1.00231649470055,1.077622915511637,0.8742025098760416,0.049254457062524765,243.01672657763913
0.9988015610479034,0.9859341736289604,0.029875021156614397,0.05228443641623291,32.67193722822435
0.9967731885671294,1.0081475856637474,0.9652501702728767,0.06534326549846779,258.4456267986873
0.9989948592034851,0.745459983896279,0.06296067835735886,0.03386610571795092,23.387090656946384
1.00144374017965,0.9614758994911918,0.955303224805709,0.09195055561568251,256.78619670308245
0.9989023642205858,0.9209313904167196,0.7377749908713435,0.04536426095553914,191.88994338797275
1.0009145645835995,0.7897641678341825,0.06567855600380769,0.06745965210906056,38.36718675109762
0.9985047030110075,0.94592678784743,0.9485500378433557,0.08709946090824237,251.5205581515362
1.000447609533665,0.9320708753381497,0.3355543594386472,0.09729355456818253,113.25438567569216
0.9997501273176875,1.0978006053652816,0.35447254747872625,0.06920259500438465,119.62929980033556
0.9995960344950159,0.8704343644377459,0.05767576179189603,0.05639404212933906,34.82410340904579
1.000393285679069,0.7227977004020563,0.5996992309971623,0.04850596146320146,142.273483065738
1.002833113146228,0.4386542683428015,0.9949050959512197,0.0271031369674888,173.94674667075628
1.0018150918331559,0.8247319103965909,0.3726232750958029,0.08836058921730963,111.34611178480765
0.9995772753192436,0.26975851684365487,0.16096231604568312,0.03016401471739031,24.587839030238342
1.001319858977014,0.9176070017761768,0.9603501018017111,0.037465196831995985,241.70028096282462
1.0011269514708778,0.7784114435814489,0.874317444614816,0.05120506425858819,207.80989377450038
1.001937223674675,0.7004584364277202,0.540894225572103,0.04765364932727741,127.92832841677642
0.9975396410255282,0.6620368829011682,0.3785677482341913,0.04275800906187047,88.18542112355999
1.0061643513732181,0.2555066629647402,0.6065394255067733,0.09627694660705176,89.87547867060658
0.9946787567737574,0.6219228957759362,0.34241909736345033,0.09535246352818492,87.37995907666999
1.0018726189505212,0.32993121875231,0.42345295421643375,0.027432034198669877,67.23713094739492
1.0007822748384585,0.987453567496511,0.5395978479382464,0.07224216678530264,159.01141478133417
1.0014194387862936,0.8678550236813523,0.07005936971523902,0.03606803712099127,29.5975841694991
0.9993569378856042,0.4979272508665913,0.2506102604124218,0.027229044223087043,50.48473440032694
1.0040492655542315,0.9199776785603331,0.2044022779726248,0.03051079541991255,62.050831966829264
0.9996723341511717,0.4999599990965789,0.7478638668445535,0.028380233797929852,140.92157816542073
0.9967639563825184,0.4382053224302565,0.3559676805845576,0.06987048373066833,70.40337906214444
1.0009710647726484,0.9258102539568005,0.821398248603641,0.08859113759552492,221.90222473760159
1.0002399003760585,0.910488634130862,0.26642191632446593,0.0691712507872888,86.9869832776701
1.002057921908947,0.5598394778368547,0.3312549120787931,0.03519753506207394,71.90380973860442
0.9983671926563898,0.8512027477168522,0.8139068633619947,0.06845153566151041,206.1423368893889
0.9986569225317037,0.7279454016693199,0.2855813014723609,0.0571263581155754,76.64977902603192
0.9971714488358747,0.3302398564309077,0.6350157307646903,0.08660985674900173,102.77527475461187
0.9990255578058302,0.7514645206201656,0.07455937008930694,0.042616011163006354,28.69144632508676
1.0041503068785813,0.8530896300851156,0.5024795834016632,0.08028897391875753,141.51885696084315
0.9958980775643188,1.0097326855219464,0.22469387928934492,0.07659379354848993,83.25705670358064
0.9964968020479922,1.069596060467504,0.2651305374897964,0.06458167304479405,92.42250992191856
0.9998044093482428,0.35525396553980876,0.10729159608034328,0.07747590484785502,26.99664287553452
1.0017332820115645,0.9655887249388933,0.5304923508704258,0.0884398455030087,159.61398606623658
0.9998035382567133,0.7885432527240905,0.016767105785951225,0.07070740055642478,35.65629660487241
1.0019556435601322,0.5505417934637371,0.8637653231207203,0.029972309629173025,170.3267281788804
1.0002223807201631,0.7255379966316342,0.13524240061738338,0.02615970897119748,36.74426007040785
1.0005731340349293,0.8386857971601263,0.7481367345762143,0.062252902201889185,189.85125048679626
1.0043625017388649,0.24208837980574083,0.7236240528254013,0.0671559883861757,99.54166885243552
1.0016685476258134,0.30983159616669853,0.6340918340759982,0.09929826661873976,101.89156274156892
0.9990518516568028,0.7100038183867794,0.18459456756041417,0.04263804139064546,50.61189295009916
0.9982521627036961,0.2476047575630677,0.3052637478220904,0.03005538707504077,41.652418370569194
1.0003809192418247,0.9489652946448377,0.7267233105520657,0.04862599757773581,193.98939600887584
0.9992375410640855,0.8068806679087159,0.45031071510291876,0.07153887225869222,122.14025670671657
0.9988629183066335,0.8601554075435787,0.13960662510973232,0.037368454532739605,44.58565008025346
0.9970548392037545,0.28745433002102905,0.15179757858867093,0.08959983139550935,29.40402142236468
0.9972828332336586,0.987381572522287,0.26156788752945725,0.0989238547533606,99.26144279664157
1.007354672058888,1.0323071663268657,0.06380345744104146,0.06645909425901925,50.85301629666151
1.0012418005710513,0.6560308194494523,0.9426767086400161,0.04096532235912666,202.82142994798096
0.9968481857828372,0.9450207862019682,0.9942741534880681,0.09922455606082864,263.55393305983387
0.997024013741295,0.3746412208333103,0.06983597948322764,0.025485603021859395,13.482225823603528
1.003532087200913,0.9812270661948068,0.9094488804522983,0.09326340685451565,250.1876091384077
0.9987313099516725,0.20384957831450173,0.7296449319804492,0.08784039159791604,91.10195836250432
0.9996623457405565,0.38350115917098027,0.03465793079826518,0.023602345032525545,8.94291901441045
1.0007287551922057,1.0926348049853971,0.17298291964823886,0.06290378144727439,71.38793962733928
0.9974611974489086,0.6301502713786775,0.4471089263291241,0.028989890432781787,97.19592156966928
0.9991289925257085,0.2769723101168237,0.6779081564754809,0.024272329439458708,95.07073888812135
0.9975851389550316,0.31324588174722473,0.8256745214701083,0.0660394640307358,125.36616416440216
0.9942818659602787,0.2399870832407246,0.08772146258007578,0.05860567597154859,14.167248518455835
1.0027213873689544,0.31126293029928503,0.5987546441204032,0.08648151711368435,96.46769596111443
0.996741459680195,0.32752193632017934,0.26170730550370525,0.05065005413513839,43.53854999195397
1.0018255529584161,0.523098165619833,0.10425376839725076,0.09459983649650332,40.2840329256199
0.9988211497346874,0.5685755957816645,0.8003183506286498,0.09545328768090935,169.83831850900486
0.9955580796429344,0.733708737111463,0.08989259484193406,0.0676691649736384,37.606588527808526
1.0024745715739511,0.8585013297118647,0.6159750306637601,0.0960419195963819,170.75099134967553
0.9988894235396361,0.3095614971041587,0.8641980300735577,0.041083566307841574,128.35546179932982
0.996933355615954,0.8780349419459192,0.11936146158217786,0.06370640660156056,48.80082747123862
1.0004981380562696,0.26104190617812256,0.5108626461996764,0.03582583884097049,71.52258214150197
1.0028243918388353,0.3672078767775537,0.3789530037899512,0.021618910112014618,63.76754941081998
1.0019277132230844,1.0989493974563094,0.11617625971233927,0.06590305445100277,60.24065580346809
1.0018839917576625,0.32202004355373576,0.012214265295861036,0.08486337700712197,19.039487574708687
0.9977641957887016,0.46039412923671075,0.9730107915466649,0.055254491955981214,176.284882442279
0.9993705362580683,0.32706097610717555,0.24378573863258451,0.08914035674119881,46.24306782622108
0.9964292893725338,1.0207530733166965,0.7770567586956465,0.04046733667425827,209.50478154163176
0.9984813859253086,0.8965026499598936,0.5529102425548724,0.04025350671837781,145.54370878798926
1.0013013011955136,0.7088793414384149,0.19077536596739048,0.03825827367722989,51.459280905876426
0.9997076682690562,0.628275677627862,0.5104967589032193,0.0914621784544903,121.97782088764859
1.000210952658457,0.7426457006230258,0.041786302080908444,0.08652391573833904,41.565118529894335
0.9982919423777892,0.4825283313834243,0.5131561629960517,0.06450716960413436,101.69902904151462
1.0006780953729428,0.9273542251596814,0.2764434415171392,0.037897316490854795,80.87740837747788
1.0010234926039097,0.2286339391763778,0.8315499760016255,0.0858362689585037,110.06077682999057
0.995930983767005,0.33201780932138614,0.32465025884649434,0.028080377126536212,50.74872716759751
0.9974775506719774,0.3740079519399637,0.9241944496188077,0.024947714943688155,148.19313801650463
0.9952708192649977,0.5273765830150199,0.9079290159787677,0.06839377903406718,177.67257782068666
1.0013255174150495,0.8912205482553601,0.7584336917307954,0.02429673531384288,190.09289383904837
0.9991965176235043,0.7430573508192742,0.5432995972472846,0.033211360460510236,128.60905819730147
0.9968293736425432,0.48324614273642774,0.43348701248096205,0.050776635411114227,85.16450283887156
0.9964252360348627,1.0177347277900364,0.02884804039022982,0.09653358872495765,59.467787591168644
1.0006090624515978,0.2673029400227179,0.46123780427553557,0.05897527164142857,67.59917429656582
1.0006075799772347,0.6034914120506819,0.5156421028111732,0.0784565710503957,118.56263753536552
1.000339506112949,0.9167709663586472,0.8787760076907677,0.0915316682280927,234.11063724121107
1.0012306868980376,0.4737613513578632,0.3045094320049246,0.05579153372611828,63.71205904933993
0.9998024725579276,0.9778497855614119,0.23270268491525262,0.04016560360800178,72.93241247807663
0.999923656963056,1.0618896298597764,0.5051151621855681,0.053660924769314916,150.85364674998368
0.998587026639595,0.21418357030783525,0.9607896331445839,0.04982623743429686,118.56354468426093
0.999342045077839,0.8763095189528691,0.6690866015061413,0.020310077173507707,166.591591174522
0.998517438593719,0.2855182507899833,0.3795923601541038,0.08155598546957168,60.09891400344026
0.9970756409191692,0.4196199669143944,0.6423941783697098,0.08650432126856547,117.91564363519308
0.9990435527639088,0.2871072557380403,0.9451337515862945,0.07861755497365865,137.57965992805566
0.9994077120766264,0.7845537838366519,0.8367963035128034,0.07930624856674094,205.33017519818316
1.0005676772849785,1.0571496491691443,0.5984081415063335,0.06785360854329796,177.7155098871641
1.0010427512081623,0.2889111451873686,0.8409268841149344,0.08461757608105869,124.83398456993962
1.002213602275144,0.7682724005125847,0.14412787171392674,0.05283681124360452,48.24794795451038
0.9998898729896851,0.7635286025205594,0.1614139391000319,0.04586383403800123,48.84484842734787
1.0004123821816913,0.7308103653289062,0.3021606865807851,0.058907201094118344,81.46881536209037
0.9999739703585352,0.35778050525211447,0.0917252276155676,0.09758268924868015,28.255180604056648
0.9954598547535377,0.5162066323026001,0.9173533782750178,0.06694260131532236,177.30393668650004
1.000434440230782,0.8432987269864527,0.49378792521779374,0.047088632887627824,129.3271792839521
0.999610120625387,0.4683398451107661,0.4296596366963818,0.08749528747856918,89.37806410414737
0.9989438946586149,0.7001325109078682,0.721123692779311,0.03673009868905494,162.63512514783173
0.997523057554924,0.9590600006569598,0.27705830194551045,0.06601301126612591,90.21073227487494
0.9991884700997078,0.6700084842837343,0.5673473737138509,0.031840790097571715,126.67520169563534
0.9999796695681489,0.4278296932117279,0.523438170494913,0.053625378444707134,96.2057295190346
1.0011551112337183,1.0228107059604346,0.16781783738824066,0.05186762180062866,63.08564913219942
0.9986806909082098,0.516117672862183,0.8910634570012954,0.041677830543998526,170.71630610815228
1.001157734124343,0.8225362666525937,0.23831143896001616,0.07976308091525493,78.99059254833128
0.9996574025258873,0.8555898498665622,0.2234866194501888,0.04445336584054661,66.4720434009156
0.9983771792739511,0.22512390351099446,0.9759103898762751,0.07843531177774554,125.20715312841719
0.9988267155550181,0.6998597481403452,0.42429954634540984,0.02407240603554757,97.34201452140735
1.0019980894629552,0.9229041087307648,0.9129147228585968,0.026246654494847137,230.07222953173266
1.000185257563078,0.5995651734563874,0.8435107634103001,0.07407223911011955,180.25018033109177
1.0007973885207984,0.3989078257556849,0.8867633295939926,0.04799651291066252,150.94784368189596
1.0023987041881084,0.9152289559708309,0.2186452128328581,0.039147540515151485,67.29139547498687
0.9962795500242824,0.9473133737758999,0.2716018130908698,0.02482633932893914,75.28172037230729
0.9963105755926384,0.7689308023286741,0.6538161000427885,0.024420419862683264,152.57747390550935
0.9969378987352876,0.7903962690566453,0.061320457380101,0.03114737510897283,22.31279437212669
0.9969647992168181,0.7873620311476737,0.5563843301092748,0.07478038573699265,143.75177237603322
0.9967545867039121,0.4831453984113653,0.3287357775628006,0.08015892806322981,71.06931936003883
0.9969852795163532,0.5970745707142077,0.3708485981132556,0.026165189548160148,78.69312419333784
1.0000737021519623,1.0071057585030563,0.9078859185714255,0.07164569320740681,247.89445501483212
0.9983494877532327,0.3770263052108612,0.6328794043360942,0.07947623824356799,109.69241585767793
0.9987706885395858,0.4956896909925612,0.8330488136272913,0.08842079584116097,162.96349583518622
0.9994050056275126,0.36692801958372734,0.40136145482550034,0.04058852470253619,68.03963346872052
1.0013794317638045,0.8387942754035609,0.039133525856414574,0.037276750066884995,23.477568896736102
1.0005585667578158,0.40909149729042427,0.5440793087932437,0.02394839738496281,94.1406235081356
0.9987895899395756,0.3938505928839975,0.22169842021413766,0.08785544027259294,47.7760235131891
0.99908189009862,0.7008775782133434,0.6160618141545262,0.08826970542047696,150.85467975369647
0.9989770993821708,0.5464956959865099,0.4625819933637976,0.038890490965518006,95.48298412405461
1.000957870564546,0.8855875451696589,0.36079871987210776,0.08870961923579838,113.09841285798109
1.0018414113931706,0.8147406827507111,0.07120408619363479,0.03385729195384933,27.97329320602944
1.0009585848951243,1.0175803574215705,0.9201697099201761,0.07696440654580285,253.05416537270762
0.9985516345000799,0.33536555045555977,0.3261893500215008,0.04579252841477963,54.090186539549904
1.0003914522527388,0.9139983845589978,0.33006345055653824,0.06639829026745064,101.34544632603041
0.9987188856874386,0.9160192079576022,0.1300597336311224,0.051404247860346364,48.87638498114194
1.0018770156245587,0.8735993714251502,0.3151647262815601,0.06652301104470479,95.72803847359916
1.0015320819520757,0.8173746685288301,0.1530305336750282,0.05885161538149124,53.80144229587694
0.9972618622556275,0.3707797781444023,0.1333269872650276,0.06069638106882383,28.197506935253216
0.9976288524149021,0.7823307917634612,0.02017399801789841,0.02236632381436129,11.166903852147243
1.001648855786986,0.3997030183434711,0.2777554956227002,0.08982663363200508,58.61103575000925
0.995660253877339,0.3247774814907408,0.5638481402020582,0.08348043556331403,90.66866678735147
0.9983012168631535,0.6964427230926137,0.7525493879217632,0.020558556694977012,165.6991498695492
1.0007219723557075,0.37231641540134297,0.893847367265566,0.08826445128200239,150.56766832322768
1.0014700128289102,1.0647160384564434,0.23389712788270112,0.03218670661586259,74.53252120992192
0.9990239309397163,0.48672791755974554,0.12413915631924849,0.04124372126941437,29.312844717074654
0.9937808944440795,1.0952279410984171,0.8884537838553641,0.028647550100765466,240.86900431716248
1.0004683671940127,0.8598987524162458,0.3911914776071242,0.09486204392535276,119.32366218182767
0.9989445455879822,0.9674830940570669,0.9101395777962002,0.02673293054053062,233.24618485409786
0.9973871471637823,0.5826367823143861,0.8519437671098785,0.031846487041121,171.89577812964956
0.999098558438369,1.0940389439685085,0.16249617558507307,0.04473996805537063,60.837118373458964
0.9995242199382173,0.8371603198478501,0.25160356462503297,0.04682584771454112,72.59437052810716
1.0032815663907726,1.0703758219659933,0.14739734162524487,0.06782349352531741,67.53243718954292
0.9995827598392416,1.0751628350652014,0.8858160607412616,0.04167292492876694,242.48840856536464
0.9997446409830792,0.45416558399495305,0.28414727960400843,0.06289066671304373,59.41474584749551
0.9993358763407066,1.0617898810377941,0.07576841731078268,0.08742323433697904,60.93081348600481
0.9972815327762388,0.5540218852501222,0.12836746436942534,0.06228098812024652,36.33526315593224
0.9975001895247717,0.7160779721691544,0.43449001702083606,0.09004606503602539,114.39193514265969
0.9991530247121224,0.3697513129349034,0.9101684294943954,0.09285488517116258,152.40800818923185
0.9998171975173231,0.3621553196833056,0.5655918855439179,0.06826119155934567,96.38226027774135
0.9981759064203732,0.7829207651135064,0.551957783153308,0.04565635153131831,136.65972469603378
1.0032883915297781,0.7675237496160421,0.9130709336938173,0.03914130946833484,212.9257301931246
1.0001250718813706,0.3698243613028479,0.7608340124403431,0.08056449079710708,128.70279692809987
0.9965237086629005,0.3153967116638415,0.5963749586292306,0.028735370661508004,89.29711998061771
1.0014277995891725,0.6706809320582735,0.20547735862352065,0.022987483870865848,49.622277840657205
0.9984912616263804,0.5504165426988017,0.7350533308677004,0.04371639469964379,147.41167261910687
1.0019394794948115,0.9182040157269398,0.5097041908903842,0.025029634759500423,134.13844004041488
1.0019217568109924,0.5855965571464312,0.8691885711747664,0.06737814815389104,182.32725945362407
0.9999064131358496,0.5775597162410503,0.49286706667054264,0.04626387742181977,105.65185840163855
0.999376534332307,0.23781475589807327,0.5823475198493901,0.029163126752902748,76.22764770768401
0.9980658024865345,0.3456534243264502,0.9125079092232842,0.02558399229997689,141.01837785944343
0.999186409164328,0.4552470944432292,0.5965787696341104,0.09153070623646081,116.69010324512197
0.9985891256111609,1.0403108022506922,0.42977625826626104,0.026102436706193846,121.49394286354578
0.9971584238777521,0.9940054088231705,0.2855368510974655,0.027516019956891073,82.05443281197773
0.9960835980048421,0.8320911212331337,0.47283927612658494,0.09611939454426321,134.21715468012655
0.999431907066556,0.799207922533713,0.2053318421777733,0.057188942017211114,63.105343100203356
0.9985607302064362,0.3795386642573529,0.3022602915741714,0.025424329100791045,51.45524894591864
1.0044220464044593,0.3312772845746287,0.3201097893553093,0.02355150536340795,52.47242394513091
0.9981651950361765,0.6401838057408266,0.8862376496925718,0.0829094679728097,195.11697143197551
0.9990901210679852,0.28328991964563743,0.16434538777799657,0.025424553327780448,25.092831254396742
1.000127179900304,0.208737528583467,0.15635971512517513,0.09721224239128219,26.017867785787985
0.9993111759103235,0.7717400611968859,0.797042880665202,0.07612146951121396,194.53317423074407
1.0017300758605938,0.3288692038169847,0.21169883445520116,0.050503187892412225,37.99233178306497
0.9979642209710925,1.0025088765111216,0.03899621419666769,0.039153344028184614,26.371481033742498
0.9986959448880623,0.4345762127213388,0.9516860598152039,0.07765555417484522,170.80043015518658
1.000114123591484,1.0758069747701378,0.1792172247978367,0.09587235756165614,85.86783544798016
1.001195614036633,0.4916300272033467,0.624211989527125,0.09111463568706529,127.4029992727144
1.0035802580724693,0.21342567857580458,0.8444043954474193,0.04761667541775984,106.38503046851872
1.0048407276168312,0.45737227400613106,0.3452747230863287,0.07665346241922362,74.15743637776461
1.0007079437892654,0.383381988017493,0.8534103795865193,0.023689896958481053,140.32385702979514
0.9950538078701056,0.7662505304750566,0.3151804177875518,0.08609954515635354,91.18525908174428
0.9999399263374807,0.6402971961249242,0.09203149043605348,0.07049914181582304,36.926675007042604
0.9977268583546782,0.31409211028796874,0.1443094310211265,0.0805897571404284,29.437125349511234
0.9982039783415299,0.9722729988719587,0.9270554584156201,0.09015245677706207,250.46542449651983
0.9968843709782838,0.3590671152084802,0.7059238896831034,0.03591246933844032,113.05500739797873
1.001853832309369,0.8945591488912419,0.5311300270347098,0.09392235408316535,154.36027726967967
0.9980462422434435,1.0903869322331807,0.030817503044384763,0.05575445607063374,37.94129677396154
0.9966598496972575,0.4198363627764816,0.6036471012783344,0.05770333167867968,108.13316527012807
0.9990244270810384,0.5034694049891698,0.2161716135035482,0.04068949698518741,46.68578867439544
0.9990184271714411,0.9453628443052378,0.8002378699446099,0.06121765480976332,212.99302958582243
1.001769247594227,0.6749838741418472,0.3869765701498179,0.02885019724329111,89.63766432647742
1.0013881695597302,0.32082513226541776,0.19303791148333196,0.024403986439261754,31.800548352726253
0.9993079915323693,1.0110066957576485,0.5469667730209032,0.08012569923984765,164.06081216066923
0.996650870263732,0.9183251785643898,0.7537813233860257,0.0905066898125215,205.0996446086188
0.9990230308177716,0.5644385180444949,0.3674295844254977,0.08737738028256886,87.40920029584748
1.0001870476663046,0.4766373985892709,0.2477069098705355,0.05480874664687316,53.62827401275632
1.0018342455859932,0.2546329971215444,0.05390520461723115,0.0666837034590938,14.893828336620516
0.9987733104231097,0.6237060680205935,0.7594260735492337,0.08886249362715784,169.17033135564498
1.0023398099214231,0.6239310902789478,0.8183791757968146,0.0431623894019241,175.04629538394843
1.000109259747335,1.090252744639157,0.9413952133824014,0.020790330121575523,253.29353925455115
0.9984852207311485,1.0188706793639257,0.2937433670483988,0.046776305484912024,91.7600345171764
1.000133472550774,0.8068516211309749,0.7048388910374015,0.048989089370256964,173.87264172743306
0.9994625382512989,0.5718434909291109,0.1028338666809907,0.0363620992650315,27.564398763169436
0.9975693535067945,0.5288527469260406,0.5093929146879679,0.07752185912375052,108.09610515816763
1.0016724290364472,0.9309082533089725,0.4735189160426603,0.07682421182402807,139.86794898297603
0.9973652462954025,0.3925912145728807,0.3292062100240016,0.031537236413180916,57.16002183718598
0.9960051438735152,0.5533024051104145,0.92143525240235,0.03954746174205269,181.08691573033562
1.0016774929727832,0.5858998192981195,0.8390103803191217,0.061232680993634464,175.80198998256992
0.9972389268554038,1.058769084640906,0.9882511396989395,0.09880340268060911,277.3215750827804
1.0009249382406624,0.5178839010254507,0.12903850962164015,0.027765718951744678,29.579038902375544
0.9979628967058898,0.7353997981472025,0.2585522005579222,0.06007327774526042,71.65608126034596
1.000600087313117,0.2845117065935995,0.830698738424277,0.054220048175310995,120.0875422954939
0.9997595054758143,0.7385312927087719,0.105392001283554,0.06818270588339226,42.899521258855316
0.9985872874309325,0.6534023894297967,0.34519950920167053,0.05936347575880163,84.38190966149023
0.9965637387858786,1.0520637668144368,0.05012688096386629,0.026936920199998892,22.949730537781363
1.0004573965978945,0.8779251697369139,0.1692922237704281,0.07104332308011073,63.592131220761416
0.9997227598865019,0.460786306499487,0.8733676850153063,0.06578044299951832,161.39992263930947
0.9991166203413767,0.60612929996746,0.028628614461950676,0.024251733760988287,11.432754693187974
1.001484525773833,0.46172974539602196,0.9770170315651829,0.0892495882770522,182.40837867642844
0.9994505711805057,0.9956059643492421,0.13052733470150296,0.08462698593801624,65.93546196490104
0.9979131832441465,0.8163880364765772,0.17579479034762865,0.0790381862485165,63.61660066146618
0.9987023883667262,0.22591932496284658,0.8097029309910996,0.09522384785114556,106.50972154004461
0.999378754172806,1.0898278119776752,0.7500782791942876,0.0747441208423353,219.69895126124723
0.999184252607528,0.9532707184369225,0.8794666975384371,0.035295572797902575,226.660337250345
1.0018752415298318,0.8594866788025044,0.9332783819418133,0.06675517230680698,234.08168906808308
0.9990596546948376,1.0723068917037168,0.22206804202862582,0.042752274816502095,74.69864221009908
0.9983457030139368,0.9873411513284929,0.7970956946007185,0.09226452841903063,223.75022001324277
0.9994718662518036,0.33558236614548387,0.3297691365552182,0.026002886772482015,52.7372005628892
1.0010194214880976,0.32740197554834694,0.16969429693408955,0.026378815712706095,28.74806975114751
0.9956618974905168,0.5721647203126534,0.2667137159200881,0.031598968283012265,57.13695835187053
1.001258133393393,0.9499004894602305,0.018956204258984248,0.02703264142625897,17.96890420564398
0.999103719876414,0.35249860850289216,0.3144823314754758,0.06363919946514084,55.87646294870291
1.0029600409055064,0.4335823867145949,0.7401944328659824,0.043854973441395044,133.25206904796914
0.9991633196227372,0.550940289106574,0.48762342562803457,0.08945326630471624,109.20078242358551
0.99889106317836,0.45769067766551136,0.8775984607681993,0.09232711811453016,164.50604277265234
1.0010711375042451,0.2394383209473215,0.7114754863282067,0.06219505310466569,95.70803454912311
1.0007180882249842,0.6422439130091451,0.9396495184158213,0.07055258053777905,204.67040017558156
0.9991238468650162,0.43135205991322034,0.2620745639199057,0.08515272022092986,56.99699242935327
0.9977820757012823,0.3034887893507122,0.34076802922610927,0.07039007638487019,55.30094455822842
1.0013897335465782,0.7444115230493233,0.5627293678026188,0.08085743643368294,143.72177499540692
1.0007069554681611,0.5835843796068534,0.028548060776641355,0.09634298782736378,36.56237931674514
0.9974679940268089,0.4232392496582153,0.16885195983057708,0.05303175545797123,35.58419455358927
1.003194409769983,0.6437432634231424,0.4802356051006106,0.05232108997144967,111.53020236455666
0.9959408504927961,0.24309412975695444,0.6561015189600916,0.09964498489866076,90.44910544265872
1.0003802110668245,0.5062888827443968,0.5312114571581724,0.040036944091398366,105.0571933733267
0.9983741196751464,0.5216336457028242,0.5531658743051288,0.09435053993602002,118.03887305810088
0.9990295054315524,0.2966319405559099,0.0953805289641267,0.06671531096651752,20.56912998627763
1.0032371673040392,0.7237464630144657,0.9375372674214507,0.0318639333467804,210.91150344264898
1.0004507806443885,0.899691601948416,0.698166932067855,0.03388670332855459,178.81790680624104
1.000339557823386,0.3785674776237128,0.16619514444063904,0.057582079296604485,34.49015685622123
0.9974463126520349,1.0731736829444969,0.13113996050931856,0.08796725418710656,70.45232884623312
1.0000578176646817,0.2595843577360895,0.7809563526238588,0.0718977346846004,109.2520999751585
1.0007071140840378,0.3062361869909468,0.8420146954130495,0.04119630015968905,125.37370471317388
0.9981204385215987,0.9507688260601486,0.1971857277441953,0.029405108237938907,58.812982840702205
0.9969626262181028,0.27743498176142534,0.09272485151588918,0.07813210914416596,19.672216656662386
0.9995850649534258,0.5900732605285968,0.38378670707718326,0.08152832126917571,91.83315426436417
0.9992574633166688,0.5785835342569273,0.7609040897897977,0.025868212933554374,153.90085274014797
1.0004854090106572,0.6195382145186693,0.9487223415157706,0.08427533236980171,204.27543336106916
0.9952558929740369,0.6355823455970422,0.1451466219224148,0.047938878694850875,39.05714212320737
0.9984059964191639,0.775507382724496,0.1517845343358772,0.07116737751360692,54.15000189604086
0.9996821507840113,1.0459506122552495,0.3571026897906462,0.042471890154009345,108.50039305885826
0.9985195143219214,0.9942496387705755,0.43020992707611977,0.02878704559550097,119.64951461615351
0.9984330489301871,0.6959916516295588,0.35091196150260184,0.06962251886272322,91.05856260859866
1.002060737438416,0.46842525662619644,0.35619673255924256,0.047818916504294345,71.58068713775839
1.0017410589331064,0.945985462981118,0.0810110927872403,0.03213064650753346,32.59744106196757
1.0006047559740452,0.9102715617565924,0.32597504246115205,0.09795143089933311,109.49379271098786
0.9988751338304784,0.9110698356435198,0.2009220381301054,0.09590909937965145,80.37501493134835
1.000871903786787,0.7891709871059835,0.2757381186867621,0.08545581716409534,86.58378236784375
1.0000113173648304,0.8882078073415469,0.5061240573431742,0.07281216968977099,142.1902094198304
0.9988093795211983,0.6851694404689767,0.9410184230825092,0.021781678001387198,202.84787774096918
0.9955265277489092,0.5892689119428403,0.922200309047897,0.023239783742070825,184.27856848540836
1.0005719265415032,0.35617019130419514,0.7125959593226113,0.09235094770611757,120.73500395605595
0.9980724183114297,0.4953996240993937,0.4148596541656452,0.061892800267892165,85.10514528262576
1.0008631602987703,0.519291538645789,0.23614372163568076,0.09183371298734251,61.15696300605538
1.0021347309024808,0.7817762497010385,0.6595323660006237,0.08676067585814981,169.73063983329826
1.0007696338989833,1.0241005228248439,0.5796771114676696,0.077004955288815,173.03299354500632
0.9981465993528134,1.0426548146047194,0.9828940987290106,0.045830360394710015,262.76067887140175
0.9970092217327706,0.45833066633725655,0.24970376677307587,0.08529596606636172,56.20893481979846
1.0034067378275942,0.443280201411227,0.7948644911460407,0.0965285898418927,150.42210662711796
0.9970154755653399,0.8775784179787842,0.2691314869785498,0.03219940680337589,73.85477840987352
1.001360986389201,0.702879197713181,0.5396322228697045,0.03982200511813476,126.35443179155499
1.0011726672313608,0.8499746866827242,0.0329657721845596,0.056401906857605835,32.02724541887892
0.9959774170393755,0.6544351031034581,0.5244746002856953,0.04616474950364945,117.87919186289417
0.9982604660485749,0.8698361669110113,0.011585919432275077,0.06145915350835797,33.284201101434746
0.9984749338893958,0.5580961273055445,0.22505803059825924,0.09637302008333097,61.75548214434707
0.9968709835681597,0.8835138435613195,0.33185258135573564,0.09344438318973687,106.1428079500539
0.9980901760436167,0.8133815350626947,0.7816337909051027,0.06146112573137953,193.06850028818724
1.0036015813235655,0.39085040217502964,0.9701897568845166,0.05395481133114778,163.88488025582646
1.0010449525370912,0.21419631797347682,0.19360528891309647,0.05385155130531652,27.797006035939546
0.9999263854188253,0.8002754978677566,0.3017973890622831,0.07673862227234263,90.01352568716891
0.9994095944575334,0.4206915696028821,0.2757754470292307,0.03466118759861409,51.4513512565091
0.9995830876598983,0.798889169289176,0.8208504792446304,0.023694019483186654,193.18836418586505
1.0010378653514869,0.33138798971772365,0.626575347990212,0.042455565374754416,98.7456060475173
0.999533544398798,0.9047983137520155,0.48996296894684693,0.0905440688561561,144.34262846218252
0.9992548915908057,0.9014728727851686,0.9404632485316732,0.03876980078457076,235.31640288239285
1.000275720838016,0.43617020638989445,0.9150933679388564,0.06537283892244218,164.0612256698318
1.0008242402187868,0.5275349976613802,0.8331793766508047,0.04678608240823321,163.45466173884788
1.0028952850952766,0.337838043837644,0.7631425862701131,0.029115125303765713,119.596952534825
1.000624869985179,0.7904969574308649,0.17756538389117985,0.04686161843933727,54.09847868834214
1.0042636958757305,0.24980918302884408,0.5631013685999761,0.04081294606860359,78.30756177398979
1.0013393075704584,0.35161879285939346,0.6024134343162293,0.037071866593232694,97.82036019504568
0.9974287259322939,0.6967865312991304,0.030872762598318816,0.08023824276613586,34.34337056597428
0.9983833272038508,0.935347105118201,0.05670214479598482,0.02117560204634076,21.05976144898898
0.9997155565477213,1.0980874386498845,0.19404753086172408,0.026062747755989105,62.44373086778137
0.9998893836503268,0.9392842522932023,0.34743087636818837,0.0814511014224201,111.29253983065809
0.9958708834943696,0.7624463692243195,0.36108130382869197,0.06698002461604614,96.56396765841816
0.994047496569148,0.28973523661629325,0.27157078836531884,0.061595146395359124,42.13199365378176
1.0009095254015417,0.6861827826140462,0.8374279631366376,0.046420746463809524,186.94211593511764
1.001055712138343,1.0147489094678692,0.5224458782384536,0.09099115606932935,162.3518182618277
1.0032678486196285,0.281104572280078,0.7160598236155239,0.05594787349501146,104.78029680428693
1.0059351639461458,0.8747908390090513,0.348954068332024,0.0716860458872159,106.93112501737357
0.9997180043029485,0.39288974470166627,0.27041299061986596,0.05008555648730066,50.85834182014014
1.0000345354390994,0.2207708455349992,0.9262735221892772,0.035780440740016496,116.03817549633771
0.999560807633411,0.8544635822421451,0.021024675207266707,0.0812089463113682,43.90355243552949
0.9973280130222889,0.5929823021932675,0.42110749585116436,0.0538714941051744,93.61910677705083
0.996418258023511,0.6170121282227415,0.30375632469592345,0.07792939143883032,76.58259852513936
0.9950837918242018,0.9459227182183181,0.059305593040335496,0.0968731673498425,55.668181802200365
1.0043200002836503,0.5576668216136731,0.6325687725792254,0.03061027197837194,129.26458734686958
1.0017056692337687,0.7714719772639183,0.543985393398879,0.0537124274352333,136.56666667045238
0.9993915706185037,0.5082703269463447,0.0731235452468073,0.05023255837616855,23.180457966214647
0.9993992201470372,0.6007101338286044,0.04654448393871518,0.020646572592727327,13.817527222063575
0.9993100613758042,0.5415363381571033,0.19086695148000093,0.049921426116046816,45.784703831621016
0.9995139442850886,0.746334874068973,0.4120997739301904,0.08411544759062103,111.57197885447277
0.9986922339486131,0.2500299066535242,0.08374449160914663,0.032852038379410455,13.374577719661943
0.9986960678662955,0.2293886077311422,0.547368508536361,0.03741471586392454,71.06435088693848
0.9957733982789372,0.6889885964697966,0.04584387956043737,0.03138102199312961,16.585284640583097
1.0028562818927413,1.0008136950788662,0.6917859244118156,0.08577915468734526,200.8385303486921
1.0020087941540279,0.5208672275695361,0.7948553845858305,0.08385940231313962,161.1518785266917
1.000584432134037,0.44260961113807934,0.1954370059017209,0.024129490231649633,37.810660487078565
0.999853513487974,0.6007076214946123,0.7279947864097243,0.023809424896541156,150.11043906397936
0.997360773118581,0.7876697203394949,0.1590404479626347,0.04471024482658497,47.93342211199001
0.9977978832823831,0.5713805201810285,0.10617230779577418,0.09589101045548516,41.680260808926846
0.9963955451897061,0.5922778725634958,0.7920764036822686,0.02774180205960004,161.12751403791262
1.0001446431353664,0.3215719956867287,0.4075298008256288,0.04892301460962824,65.43828002009883
0.9985938835392317,0.8853111201327992,0.9190953581578539,0.09418020768642624,238.49276338120538
1.000377501100351,0.4201418117911619,0.7447025897047548,0.06248569078610089,133.160733470936
1.000327677928131,0.5541018383387382,0.4982782121802646,0.022320769456594,100.5743824690324
0.9976590663702287,0.5561443218677102,0.5810563320469148,0.020752327966243423,115.59453358988645
1.000578242240149,0.7647298112914491,0.5082032569189314,0.0653742089879324,130.04760203483346
0.9965221329257229,0.23653188606711473,0.32602752300008087,0.03587614257937323,43.162100776982584
0.9985971630033862,0.8045735206326254,0.6559516608764703,0.07679776885007805,168.23224415756783
1.0014096019855026,0.7559545802157466,0.45755710870871946,0.09434964709516831,125.12253501965489
0.9992194337911198,0.36815808283646284,0.9265379710917555,0.08771542468660558,154.11883013306942
1.0018627663420554,0.47389265486427734,0.22339531694027517,0.06753120866355884,51.796434622410516
1.0003221045582105,0.662793628842886,0.1059877352921987,0.07053569931636336,40.532312065342694
1.0017273709186034,0.8285084834656828,0.9374782801822278,0.07189943439615482,232.11493685857877
0.9997863126715806,0.260460680260816,0.37350065491194107,0.026930539659993764,52.17431879430842
0.9972174583924739,1.0325242517464281,0.9486757177038188,0.03932824851583403,251.59847471942422
1.0004423587542384,0.22564057853984335,0.45827257529067045,0.023946357174391846,59.03158133088965
1.0017132499926542,1.0370081078463556,0.26433873913384315,0.06566289551010587,92.80573749174334
0.9986553030345259,0.40588720214332175,0.1486326283091733,0.03318742614298337,28.919263888040348
0.9959480349282075,0.8702420283417176,0.315730062015038,0.06094029191066305,92.08569983442845
0.9979812763974819,0.4223906874281562,0.046984692937701966,0.05584613570816184,16.88847421247482
1.001702499264437,0.7513569220834451,0.8284093197091189,0.0685726097606341,198.07771252272212
0.9998364035282493,0.285893289642727,0.44530894319734443,0.05248166105629576,67.05391491385018
1.0017576658868017,0.7068195726432287,0.3047321438264001,0.08103812221093394,86.09591066545238
1.0039233553266516,0.4049533071799319,0.3656468989316138,0.047114406058621564,68.25709067932229
0.9974067376233158,0.7395164039775277,0.14864006463043264,0.09472329376245031,58.31536537296466
1.0016041930873572,0.29093922463787275,0.9979864111054442,0.06261863307055139,145.20640502860988
1.0005115100566364,0.45261554682966426,0.27988283482749726,0.08267295554349029,61.880974505926986
0.9998495793151215,0.629304168011813,0.20184980495184987,0.06921160770539797,56.71366417510734
1.0011698308625412,1.0440173577998229,0.29019201278635615,0.025023721187513753,85.89399632019047
1.000606056896639,0.381590771956071,0.6039194422491571,0.03529215281406457,101.59266879004667
0.9988547255836776,0.332521866994393,0.6879260855310986,0.05652817118118522,108.51600010815406
1.005996884715585,0.20563060531277602,0.22849977162543933,0.04588331071620206,32.47775713507781
0.9980846098085013,0.47158331678365,0.2228439399021378,0.05535087128708334,48.12898521702908
0.997292182533012,0.29765687438005745,0.4556007770493052,0.05699231044887411,69.52203853956962
1.0006249153624311,0.5781483171233768,0.6998841449812673,0.07187050015843878,149.7211827480774
0.9978673885671305,0.7474137744344558,0.8843359758261085,0.04947984986833012,204.27391173080952
1.0037062686530795,0.8080796689640997,0.3819356523040876,0.0948728097834457,114.43691146218839
0.9999465480878834,1.0690581224200053,0.45453660615435026,0.035528191050053656,132.88734237850701
0.9991680667442531,0.9512868723897734,0.06752928154683754,0.08536110663058451,53.15388902201812
1.0048578289273842,0.8814094195081137,0.44277811436905734,0.08226305608254403,131.21086692579797
1.0001401846966336,0.7252801832188243,0.6144126029894994,0.08991662545791133,153.7294603796903
1.0000120026690111,1.0624565045299128,0.2138717063360599,0.04288349394589622,72.41127637623276
1.0001382195721795,0.49111060625895414,0.6326219869731238,0.050250545647062266,122.61914363391315
0.9995619516850042,0.2999644470642606,0.04727311764612681,0.05730419773563872,13.583334987849923
1.0011857149814711,0.9413514441458692,0.1578135667565182,0.04137839288180564,53.89394959884112
1.0010883625694784,0.40936423785323506,0.5147926155706732,0.0629905614187385,94.35095575898498
0.9991153523909331,0.3298449510788941,0.4328819626932322,0.05193282066467349,70.1616802061667
1.0021764035928635,1.0170681335428315,0.28274460678802943,0.08714702255612092,103.74179387395287
1.0008533607467833,1.0837675104816777,0.2640423856588448,0.07894296129508274,99.78400099376444
0.9984341931196528,0.7718973974521495,0.12515982388624286,0.0688882584083232,47.84968938242014
1.0018839783752385,0.6623255362082476,0.21832571255223118,0.06690469610173853,62.12541506948895
0.9982041039611428,0.37714143446194826,0.8229621391341478,0.0399289861213314,134.9296719884154
0.9992995361852393,0.317773445675144,0.4707817687439966,0.09438225619464188,78.58961212164968
1.000091344454883,0.6884611608676656,0.8911761882880956,0.07115164428214475,201.73599607167912
0.9967167303625399,0.887981191152136,0.4895298175103677,0.07644840580891234,138.0193604007958
1.0015292002747285,0.6479420693864077,0.6054470050576384,0.08214333706101472,141.89265840852397
0.9978124439567967,0.6519904155647683,0.5275133002886239,0.092663900999673,127.75696793421452
1.0049993435868603,0.8804808869273213,0.6881499583315958,0.05926249025351696,181.70678417364877
0.9977510387548643,1.0978494274316732,0.7483595704159095,0.05608704465315073,214.75179898960985
0.9990326170127259,0.3675993277315177,0.9253658675917582,0.042185878170910955,149.46646341009722
1.002992327468161,0.313182611817592,0.9284981055613207,0.047895468391376705,140.46053545489912
0.9983735042419655,0.5892072030118751,0.6886316101137798,0.04633833494358411,144.20121571693608
1.0006705503425823,0.856960647795171,0.8420627265344343,0.04486439496574439,209.48049546328363
1.0034957070204293,0.6622391126159778,0.21947630840744992,0.08987737400591943,68.54000106157173
0.9996688921316652,0.8381542389002852,0.14726385145702042,0.044797308844358404,48.205604725141086
0.9990555348933132,0.6645016401499801,0.6791207278284687,0.05567466742900036,153.27774970998797
0.9954021355559446,0.7460602889963133,0.28931346381136214,0.026209411741051965,70.08196739404832
1.0019991779550868,0.8084779262832384,0.23475972243548268,0.03681301789500094,65.58629295528442
0.9987888317305432,0.4801904191575098,0.21431774461286385,0.06945419139924608,49.701105730017616
1.0000549133271943,1.0482234667092716,0.21478708076615424,0.06675661648486166,80.88519851771935
0.999669069366776,0.4257156733213714,0.6187349964264739,0.035892993436646384,109.97275965376849
0.9986146347326933,0.4824334104637707,0.1452467071159494,0.07009468612058421,37.93102425679524
1.0009402811337729,0.5412379568538355,0.23302263131360854,0.06509753923491511,56.931130681818445
1.0003885049842727,0.9469546457949705,0.2784549090456589,0.029572808533757843,79.73013934529774
1.000163453979685,0.7828451722252392,0.1126700682041853,0.06171852508804905,44.232027427853495
0.9991106783604103,0.8586915653616285,0.6549292184096752,0.04060550506448509,165.98362080513778
0.9981987041123526,0.7008038491979638,0.022499309407022612,0.06540903133170621,28.488945869681174
0.9963242416265718,0.9058046092678935,0.4793169508690474,0.054684540422089964,131.46006645962035
0.9972835689397305,0.9698364721021011,0.09124743660453662,0.02297450800002631,30.267968007573756
0.9996680732020098,0.6896043787045887,0.8060842406907219,0.0725061341532413,185.01707969035255
1.0012815560543236,0.35007284198079314,0.13225582756512574,0.07640416021011469,30.71286793448172
0.9994146860349113,0.32607103034776963,0.7714423055177237,0.09077039621119654,123.18141800418755
1.0004499799609765,0.45895001422355086,0.9483167256925821,0.031066178621526986,169.8167929254527
1.0002833294183224,0.9670847327448773,0.8561682678993673,0.06225644150280635,228.67370571550427
1.0028959902080528,1.0549644222784293,0.42455887468591424,0.02145242101417451,121.11229830566316
0.9973023212945182,0.8736614936970248,0.5600907056612192,0.0870183449886102,155.90223099181446
0.9949739112792876,0.8858980188488463,0.8412564753553955,0.09136361525563771,220.1154374462321
1.0022529048688786,0.4958559473369375,0.2407342313934742,0.08871421874540562,60.17364154886303
0.99874845550454,0.6901655971661004,0.15534266500053637,0.040883875309010165,42.91412930613569
1.000816438701215,0.7061372295160162,0.8054763870946547,0.08958302481808413,190.57462426671685
0.9975852442067639,0.9783513796848669,0.24214140132884426,0.036023150627774454,73.02006602870858
0.9976539808310189,0.3592167315643572,0.955073313174101,0.09058881940954999,156.50294416646005
0.998090499460831,1.0378608574401738,0.03859472643117987,0.08163889744242254,52.4869618041447
1.0009866773743026,0.2290652822648001,0.2804644402179907,0.04816070724289501,39.17800248749808
0.9974049598196019,0.7884608631134657,0.8218318832893264,0.04683989589090326,195.75496220021554
0.9973347756591942,1.0412434582418602,0.6719982120586867,0.033656665531609065,184.72325116599916
1.0039906464151618,0.7974651658452061,0.7600362002090321,0.04634644163686963,185.90833895004238
0.9988129682797446,0.27135068936185264,0.6834806879880855,0.04187081957295448,95.98580576306159
0.9955438243052634,0.6759705672909013,0.7185611783605761,0.02921245058125294,156.78382792030163
0.9991310025565269,0.7353961758636638,0.587681562585265,0.027076116512272107,136.02349310833966
1.0019602129665401,0.28322414466625945,0.47979601841722846,0.09955780805175977,76.4201575445644
0.996271132456364,0.5824058108406791,0.868366404847062,0.06670088558060078,179.64411840806252
0.9979022282875585,1.0253555015611586,0.6154336866081301,0.08604680655328323,183.12008642878226
0.9992304729762963,0.7678404671838852,0.7593717756782998,0.09115142926883815,189.04810018094952
0.9962755251078687,1.0209895240782239,0.6467174978116333,0.09321214979980616,191.6813323903723
0.9994495831586168,0.5815973669400833,0.40618881050597916,0.07293845345583115,93.66364244530047
0.999526059171333,0.9976717987448482,0.4636769986122322,0.055771339474313245,136.03720545596644
1.0006375855797998,0.4935559836365461,0.46323838714734805,0.025701224756156223,89.13690346890621
0.9991684032032425,0.2787682790796024,0.7131961845978412,0.06423868556463608,103.39959276043447
0.9980550903959252,0.46726747811695013,0.4332711106826446,0.020193721092918376,79.85390411323391
0.9983126566672391,0.5627512865610041,0.022681430740341128,0.059870637154436704,20.86453985953665
0.9995814472912031,0.2122255232199747,0.22414447533929283,0.09329160465403775,33.754497195150634
1.005865582350474,0.2003099007022741,0.6592310188870615,0.03385498386104069,81.34740655978646
0.9986690914718565,0.8997137504733037,0.05405400383472279,0.03373343620434438,24.77799931679789
0.9990332156811823,0.5262859526684885,0.7512221380230595,0.03886946121454822,146.70500374632155
0.9973036692545165,1.0531610478385285,0.4055876004500048,0.060439311440125446,125.97826403290463
0.9994219649214232,0.854135888051933,0.6537099496481841,0.05974577791108271,169.63606897634492
0.9963511039353361,0.34988772959026465,0.5335257455457976,0.09120670105559178,90.83303447079624
1.0006910071408963,0.7681072070297741,0.3585560615190203,0.08629752232257455,103.112642190504
0.9989051823992542,0.9846117811601829,0.25680543729786787,0.021573911121923556,73.0351009044374
1.0034653793326456,1.0259341531455963,0.2306042656110936,0.03241103175885962,73.07164958711724
0.9987455579228963,0.3890038721697505,0.6627374111470337,0.027831121032184852,110.55007824838412
0.9963314188266825,0.710279697460509,0.6148422094593895,0.09798386626804621,152.4386634013366
1.0025112676790273,1.0485134266463196,0.7332229082188857,0.05456169564071266,207.7664464576076
1.0000605130812672,0.6114593933020562,0.22353731605451493,0.036801212732482984,53.190136778055376
0.9947014970501596,0.20628873294734365,0.6896870862213853,0.043010930411484384,82.97714317863984
1.000571424254096,0.4499018548204199,0.9923218011247754,0.02248248758249065,174.83521097216112
0.997314477687711,0.41324894982551963,0.5566958661869679,0.023001444841412803,95.59362383660641
0.9993265131964033,0.7466180794544282,0.17735150085916662,0.05365962260073523,53.59466712683917
1.0001846459921713,0.573630856972773,0.739542869928526,0.03975369437922838,151.61609803593473
1.000518388789955,0.318342823313841,0.9647909013322213,0.025044554642646384,143.79956309955105
0.9992838473575953,0.5797168195049942,0.4771852263806024,0.07839450613770399,108.15274453243546
1.0001699222654397,0.7900184704961131,0.2082808999640633,0.07312201631922757,68.11796642120271
1.0015407040957585,0.4755471874778808,0.4465763200690216,0.0402275263387626,87.00940382236286
1.000651142168871,0.9381545132034639,0.41432815044250665,0.024115487109547765,111.55288265881421
1.0016668333297265,0.8661647950847633,0.41888699790476447,0.069144955846184,120.02443418726529
1.0003690715131615,0.2932724177463325,0.4020451013108163,0.08956991432875902,65.50084603581911
0.9975941933211628,0.9909708279910721,0.6572852935907021,0.07481592751587597,187.1579074331982
0.9975452235551058,0.8690031844957828,0.015935027505044497,0.039070694451449076,20.482513761671157
0.9991767564628885,1.0154372087927177,0.6022935898816761,0.05135615234624445,170.293875950116
1.0006328995530127,0.6388655513318044,0.41116654179182693,0.08362993375085452,102.32603848824942
1.0021892515337678,0.5092085834407595,0.8599286385023647,0.0911068052557084,171.55818628340012
0.9997048795987794,0.9440249298187886,0.25830928128636876,0.09223906287127671,94.27006399634416
1.0010293505497305,1.0561623275668743,0.13362525775954792,0.07720816882969297,66.987243932853
0.9982148832990164,0.6821149272712346,0.6512014959988588,0.08557721899961016,154.5385773003
1.0017099949052397,0.6407711587861808,0.46589997034282066,0.024173625440982206,102.4230197175441
0.9981668778476285,0.6368950158085513,0.6360421026366446,0.09384755219152725,147.66370069121587
0.9988199335664567,0.3195644334826764,0.2683954827839452,0.09165635032150944,49.20134470074288
1.0011310806610423,1.0471369863709494,0.8151341571199686,0.07313719952099089,231.2641089304776
1.001121414890513,0.4030954092615426,0.7703530780157619,0.09086018767452646,137.5932129909109
1.0001720102590461,0.3048472713361151,0.09198264977141303,0.0668753224760949,20.994698374669895
0.9993565210673735,0.2388341063840465,0.3754717345575061,0.05164600952703183,51.836385490809334
1.0003094070721381,1.0595484234506298,0.18845437971671286,0.042868599533728464,66.06433878248248
1.0021377199149137,0.9940151785043423,0.4041654320750875,0.04355970802424259,118.65433796583204
1.0000730675421259,0.7381747076993979,0.8451410627678527,0.07391126717817936,200.05113445175851
1.0002670108213436,0.9684795402205177,0.6527877603145791,0.04287858339141963,176.85241990728406
1.0009209794662668,0.9993325280718295,0.04313928338430424,0.0434918942170553,30.824287368748173
0.9980856052277305,0.3036497426883397,0.9262256370262454,0.07794006181653634,138.61050146369934
1.0000514650881709,1.0542861626705136,0.9857410322957252,0.0429803444963342,264.6909433097621
0.9976633007646745,0.21966017975747282,0.8292763755263832,0.06449000558565107,104.95497646402652
1.0005843383387778,0.8690061792346297,0.8335134996616976,0.035583717945209356,206.9949240386486
0.9983311673099601,1.0997757535181745,0.044536453553768895,0.028422681624593757,24.071737896412685
0.9999091640994552,0.28678771565241334,0.6253360631515205,0.09069402899897858,95.1842153860598
0.9984135190832546,0.7801141435033481,0.7495160557782452,0.04632921879823001,179.39285118881972
0.997412191924618,1.0617221350123835,0.5893895897683968,0.05568331114054538,172.00360136859985
1.002520193739643,0.9907786102439282,0.06209416302768985,0.038450792043104726,32.419361809745794
0.9998396065690099,1.0040632380472727,0.20102406847855525,0.05473286614825833,70.94573411071195
0.9973297930467403,0.5477987824874446,0.07579231906134107,0.08088314853294516,31.750844595864805
0.9992948552575651,0.9675909514187757,0.9536738504134934,0.08052628835780029,254.10715619485043
1.0026901036157883,0.42379684201863543,0.3960254257339045,0.08000772771818504,79.1422854082303
0.9984130046349123,0.5906361285087905,0.6498525879856758,0.03895904274111893,135.93150372025383
0.9993798289832974,0.6850542190710258,0.6904564303606866,0.020139192243314154,151.8739566851691
0.9980675515841744,0.2830718112797408,0.7578174274915701,0.06388481855753564,109.8682060938537
0.9973419630462638,0.7255779566901357,0.9561778079965688,0.031780654483630946,213.5108930918564
1.0011083397648641,0.5127917026146485,0.586485135460784,0.08839415832283111,123.0545078045032
0.9996632968523372,0.5809848268671005,0.5629811645552376,0.09707026743914694,128.04526847848211
1.0005244560224986,0.5391875302895948,0.17227018374234707,0.04982821227540318,42.566667759166876
1.0035106996479317,0.6926675459284897,0.09042807638573619,0.09584624022928873,49.26754801819834
0.9950437996135167,0.6305977028633593,0.47854761465179396,0.09136972444350797,114.44857228984642
0.9993697637663204,0.42569959470762364,0.835273369694233,0.03456126811477954,145.41496125541732
0.9999217741956886,0.2828555372442646,0.49624498399965167,0.09163831909710611,77.18387236224225
1.0032679130995639,0.5721209000786763,0.37383168012883383,0.07885338535122298,89.01826760865845
0.9972371901742583,0.4977280913963205,0.4061379045927844,0.041795586195725404,80.34665209098466
1.0017488010493387,0.6453671541777428,0.7174030132035973,0.07123311640175349,162.19052735840432
0.9986768662366386,0.528995239109413,0.30009862580956187,0.06968929178212271,68.51595396710059
0.9985036218409735,0.8254935780277635,0.6054274115728193,0.05174001096236033,153.67323458343424
0.9969844268851747,0.9940835079360804,0.30320584899455616,0.06401299153819358,97.68151924652199
0.998202499359432,0.6736996041791465,0.173923999418306,0.022863942838737047,41.88709603872883
0.9957797938526913,1.011425258252546,0.5006376064528171,0.07394607013645951,150.16202580559417
0.997938601988513,0.6342973364182852,0.5924835080411558,0.0561253866183158,131.86303367072748
0.9981911696123393,0.7421954391118908,0.2940260280298648,0.0658792146073981,81.16073571387096
0.9987174912590411,0.48445654441374386,0.5599026532138149,0.022296700576578222,104.66693747167017
0.9977725578088739,1.0301110065724253,0.7891575292414251,0.025777704469815105,210.54233994810167
0.9990296380733511,0.8522613554118537,0.9965548636854826,0.042314705866599696,241.54653916710572
1.001748458604645,1.0433950995556682,0.9281875848215622,0.09070555607035673,260.7069230241907
1.0023010336788003,0.5160949298427454,0.6017317084705283,0.09128986101399139,126.98695201815679
0.9974649273436937,0.5816500689932484,0.01724896950647971,0.059225054200812796,20.75190682794687
0.995523869326473,1.0334983918451883,0.4940182324278949,0.024720526937627094,135.9626298856113
0.9988855867713272,0.3951749703619125,0.6873948894899763,0.034187762548131884,116.17612370390015
0.9999201640380543,0.3638580491229262,0.8430878285002438,0.04867164506816393,137.11958298526775
1.0006713397785085,0.7028830384534352,0.35083826617091113,0.09161664228089583,97.36562899712158
0.9972779278456733,0.7718425820997552,0.25203256468239216,0.0752910715415337,76.14423537112685
0.998002459385016,0.2698400756744762,0.5822046265592076,0.06594041098511454,84.03262956217867
0.9991653175805364,0.40122945009928573,0.7265341614166879,0.05239583445161937,125.60131337789903
0.9990152955610535,0.39820925896561976,0.7396985776174368,0.06974148801549183,129.28088009352467
1.0004593640704942,0.6465197940748935,0.3778646621875807,0.05015113949958942,89.66624216826318
0.9988042717245113,0.49554679213990066,0.016694020303297544,0.09592353257105188,29.860790885542883
0.9988033587828486,0.20465346095733222,0.5320477245510857,0.09748751385998795,68.98146593463207
0.9999048618003129,0.8035387901416857,0.15907575681097075,0.02822628522229091,44.95915656041626
0.9986880013477343,0.7937374635081775,0.19721484822430813,0.04941607972927256,58.71642071940596
0.9980952132445484,0.3471817083940036,0.3020327287913596,0.025062795049744544,48.72059494765932
0.9955223691451213,0.9357204701214021,0.10146420192050574,0.068837967854507,48.739872253495776
0.998765400668848,0.8797934850462594,0.10304402998040312,0.06295839704029825,45.8916585352635
0.9999817286041662,0.853900910199467,0.5545808955095765,0.09216140015855191,154.94095800164195
1.0007902142109828,0.5628722850071524,0.03936449352576088,0.09908656325724162,36.51122950869137
1.0013750225843585,0.6280502427990514,0.861124590874178,0.029435609498216806,181.08100847036602
1.000519942936606,0.2849531542908426,0.08026350978146883,0.04701492230579382,16.351587953407034
1.0015936892476458,1.0462878337031432,0.9831590834673929,0.024453258873407588,259.7503976410924
1.000705020800279,1.009904731646838,0.18145530235623414,0.04132894158525706,61.83814014023005
1.0001128178510028,0.8256201588595942,0.8006405172964571,0.09706658388319243,206.81673328707703
1.004274468912622,0.5116504552615857,0.538118946578858,0.08473178674760826,114.82874420369353
0.9997546631282661,0.6565356213727455,0.04254628174141455,0.09635276203783383,40.56628605970786
1.0012926132958164,0.4013684368003779,0.4106599360128819,0.07547233863649172,78.1283375574314
0.9983012421461657,0.8261698617983546,0.09468635104013,0.08337246428434571,49.554838870008155
1.0018184103030394,0.9071618235392354,0.5116556063803973,0.020549897396871294,132.48596468572129
1.0008068121799203,0.9392771138446934,0.44070863084642947,0.07379908576785668,131.5211085693923
0.9998097889747902,0.9341495924408192,0.7832001729535047,0.02406272309197437,199.77497724684372
0.9975537484657685,0.9413871843886135,0.049588043393055406,0.021239127699225993,19.079875441700324
0.9997339408150826,0.3111550293509133,0.47704565220980205,0.08274573287215832,77.61050861415168
1.002588120919798,0.9282011519359163,0.8635589751964614,0.057712978462297754,225.92740007501504
0.9967688903352732,0.8792335146787038,0.9497963196235161,0.09467193989669286,244.20381104618056
0.9975807958075983,0.7200092354484875,0.677209775932563,0.07272590509603231,162.0066488848335
1.0001078228220404,0.47035215959563204,0.9940015582147336,0.051889085795679385,182.18484241950753
0.9993603357351318,0.4188773550038781,0.6165826745196636,0.09191233962798587,114.96316677789554
0.9990437956530818,0.5298412543174009,0.4592869079595881,0.08845837476208977,100.9431835250441
1.0002606581541855,0.4327647953171846,0.09225049382163014,0.02845454777268083,20.35209295033758
0.9991577996155667,0.31606304552679343,0.9497973715561989,0.0576456047099633,143.5758737593855
1.0004598221845185,0.6943268794411344,0.7534010548558318,0.032841040945762234,168.36742325616305
1.002201270776681,0.783083371263092,0.2660389139679323,0.05974125891846829,77.4890710248302
1.0008563356785143,0.5114738289714233,0.061835755749523096,0.05343494318004313,22.89531332898912
1.0023878082700746,0.7400832719745662,0.045465681767132005,0.04990267666973625,27.587156867805675
1.0013237962505166,1.090808360165142,0.6954536277507362,0.06047780206374094,203.3593214190875
0.9970763561974185,0.47100974708633103,0.698982764634219,0.035180069636200385,128.85648650455886
0.9995586533263315,0.7342712407668806,0.8297361252306632,0.07707913170879752,196.115908322707
1.0023975331386268,0.843592731956978,0.4383426659562259,0.08910328998832315,127.96910767128298
1.0008560812785048,0.8076744792507804,0.7446915631333771,0.0735400907472581,188.0364487134225
0.9974745121247989,0.4523952082408516,0.9002320610896305,0.09131515751318504,166.7506300027202
1.0020091570364988,0.3728793803257332,0.3785717057130035,0.09853491828459528,73.00643576333488
1.001115754282135,0.7976319727066059,0.3547145864941921,0.07684886402499749,102.31006408964828
1.0001559007172849,0.8740706518509638,0.20150691725886719,0.025750928318770835,56.64475067664188
1.000100702823265,0.4232371784343504,0.4486934905126408,0.03355156403804136,80.85456068672033
1.004026070233721,0.9316970665562321,0.392090829461244,0.08520121985513808,124.08666938668
0.9980899079843715,0.794162385112954,0.9770227968862578,0.09445971237854328,237.88996965068748
0.9978855439138634,0.8860853764687247,0.945386790994104,0.08042034391895625,241.5385369701573
0.9989177946945739,0.7563867004257125,0.39862883083001455,0.041607637589650914,99.5288599626412
1.001416397952968,1.0792504746500022,0.32752176249809845,0.0556121818126559,107.78999065696786
1.002029455056955,0.5636302358485537,0.31648846822079035,0.04964448293627627,71.70879051872947
0.9997604253402388,0.9180947097699987,0.01996377611774655,0.0761922588591264,44.33408010964945
1.00048774563325,0.5459619840298993,0.9963816131682004,0.05437133776767086,196.60376207198294
0.9993087551401361,0.9988096080542681,0.7588020317445306,0.09114412002876769,216.27869315269783
0.9963694808461727,0.7375655453733199,0.502957649042658,0.07176073696012884,126.29493900065586
1.0003826113585508,0.8918405002698016,0.37303012337872893,0.027350383683076435,99.35215648065798
1.0011015645898569,0.8321293989100051,0.7813029747952075,0.024573478151086327,188.46591280721745
0.998736707116618,0.25392577264096866,0.3209322678843396,0.0885640333801158,49.3242562102551
0.997530022537904,0.3624078254335219,0.5035653197730418,0.056672760925555385,84.87653813324181
1.000733702662132,0.721336023847331,0.953077967877698,0.05401511591455899,216.28349648827228
1.0005040628484418,0.23099396867614932,0.7859850939507895,0.033842916847060485,101.14580815788577
1.0003166277643114,1.0518537006098765,0.1398675790969217,0.042059671397794,53.094339059826325
0.9997674333107379,0.651432371116461,0.8842091936688866,0.09385320475459759,198.72802537781044
0.9976487325712587,0.7287785088941374,0.22223458138422242,0.02848320570947501,55.550539241144406
0.9988039371554708,0.5946130350679635,0.5776270957840111,0.06491915754347823,126.76590965044028
1.00077021774617,0.6952758843755489,0.4817956845106715,0.04157129020263674,113.39681493806592
0.9979911854961253,0.7679282553001057,0.22570210279651082,0.08974902013428965,74.26253633605694
0.9986442724973335,0.4453680225537018,0.18470290074409657,0.04963188641390982,39.23791540241001
1.000884816085624,1.0391211522425632,0.11871380355053457,0.022204897402134317,39.93942784456044
0.99867159654097,0.32574069541584205,0.8566116113156899,0.07505116564847873,133.45586002648702
1.0016767888056588,0.48985724040085193,0.012834071802481951,0.06564786824192853,21.955949007880122
0.9958999054086821,0.5184977263819761,0.814653434143971,0.020466165242755237,153.5015722548582
1.0041701190260492,1.0649286153087756,0.9180839940682735,0.032175568932000485,249.21779096497335
1.002597737470754,0.5632971741905459,0.5065829038346913,0.09465190813887824,115.72563726097911
1.0019725142866032,0.8965897411584176,0.9492517866619634,0.029772751314973506,235.25251911232112
0.9984348161189394,0.28199379927806373,0.12279624674482031,0.09721531865679542,26.67177217294892
1.0019116999398272,0.5996424625511265,0.6327372398914899,0.037081798764843174,134.23530735413772
0.9994239936641934,0.2927864391126733,0.938933566655562,0.0328552527385841,134.760105242176
0.9971383878832087,1.078275938507528,0.2745517381588427,0.06535143145372022,95.74187779661713
0.998536710896446,0.3401637024277683,0.946218777682053,0.0942790930772128,151.34630453004615
1.0013521232520364,0.21376273444723656,0.16290019247632267,0.0780822545752784,26.141668730159722
1.0005856545888312,0.2318930837671884,0.7906065008836947,0.06638676571522419,104.20633339381709
0.997674001719958,0.4866382971966274,0.025580938311939326,0.046828598116777406,14.071579744797077
1.0007142982047883,0.5052373715303782,0.9043389586590094,0.036740128972155235,171.1604602017989
1.002521898206904,0.3639312188632269,0.8146544527876949,0.09881204959351195,138.56147764578236
0.9971757182330019,1.087677814995264,0.3066533483516232,0.055073445814057584,100.81292674825437
1.001847518597295,0.8078650058659445,0.30088925071750533,0.06216068786522114,87.17150104858302
1.0021698076312118,0.2969129889623781,0.11004274050586176,0.07367677942448209,24.682780835272297
1.0034629879483912,0.6328002550578864,0.6823606458398725,0.04653179474769287,149.9953105389651
1.0030872908118451,0.9210633618297288,0.7615018173151563,0.0632181777086373,202.9960911136943
1.0026319900732887,1.045739199184962,0.630035128971499,0.08893571296693532,191.13587946104025
0.9988656022925996,0.33889857035568727,0.9864878992344325,0.04270245788022044,152.25213488368775
0.9980706920647776,0.20257496401546685,0.977312238101076,0.04497113405391012,116.66001133075991
0.998829675819479,0.6454685745208071,0.2475947162633028,0.08511880447254291,69.85346351837762
1.000609255879507,0.8801067310069817,0.5944540102603723,0.09270097948103663,166.91302894249395
0.9992743781493871,0.4568326139457299,0.23414761317936783,0.08763183032470596,54.716825380456385
1.0017364468324144,0.5976184208287383,0.7176626154152971,0.020989035550988414,147.88665719110077
0.9995479324583783,0.4816111876755974,0.923258148026859,0.041578621452743374,170.78295749596654
1.0003584729994863,0.25307746420436705,0.698599028103025,0.05529644170772724,96.14565832337252
1.0025762043282642,0.6859534447386284,0.6384248314755976,0.08953395000132418,154.97684842393608
1.005511014498085,0.32145200148263664,0.04855785388497145,0.05114109407737586,16.501359198565126
1.0000655609669344,0.8182175423963631,0.708681816446055,0.0603880195323547,178.137200162083
1.0019019335268131,0.9583272715270392,0.13241643578426537,0.03480974760261368,46.25057229636718
1.0033126428783177,0.8363516649385643,0.7967179846118517,0.08653183692224183,206.002726571513
0.9964635918453763,0.9864914860154996,0.747010806170155,0.06817279374935176,205.43832841532318
0.9989140418608617,0.7082787591964763,0.748816769005471,0.07674676943852575,176.57025601319492
1.0014660142724994,0.4156984826196597,0.9514995915742089,0.02852175199905882,162.47455917186778
1.0035254448443562,1.0440535425115116,0.7472249621740179,0.045364616480531764,208.32838749278693
1.0021485604762408,0.8209920770182118,0.8913287668686005,0.09150508643611434,224.7830906750569
0.9997952365439292,1.0645576203466665,0.06215499082661869,0.08141848806558659,56.324408676050666
1.0003830031746714,0.3206696642107255,0.6348983692388424,0.02661815313635475,96.4757719396099
0.998253636209115,0.4624548710869313,0.6625139344752282,0.04086570857519514,122.42736070381858
0.9990810432464496,0.769959778499288,0.6681679819899218,0.0588390887182353,163.595572620045
0.997887460607987,0.8672901322040811,0.4759208342478074,0.09970347651589648,139.54899269986606
0.9989324772578934,0.8114766160966012,0.024214240111015993,0.022121227104330083,12.826999143172372
0.9967355442618295,0.9573125403365392,0.5636630240618946,0.03085818081819376,150.12323743730155
0.9990336445014608,0.9991298676608222,0.693980622251388,0.06681287283667225,194.78517140836078
0.9962304723503913,0.9716057066418522,0.3373875473083659,0.025732166044297903,93.06496095197969
0.9988736879144545,0.6406595202885144,0.09142237052365532,0.0454118945858705,29.466918278099
1.0011207653267746,0.4228394326182444,0.47853011705980597,0.05520520155690427,88.92142532435633
1.0039667458073414,0.27954578300628863,0.318969430878239,0.09242470863128875,54.125261033251036
0.9975186830611251,0.5213708919736418,0.9390405795259004,0.03719638051150864,179.52998855289303
1.0020004930329107,0.9080330790310245,0.9650419164890959,0.060663002055349566,246.395008670987
1.0004723563812272,0.7456570927881969,0.7899066307767849,0.08634781397866477,192.0493031044768
1.0008227442423259,0.31146935764976297,0.3831925936432597,0.09965575717810707,66.26946831196346
1.000019359626647,0.20741749699478607,0.38512267387215576,0.0813590412215933,51.48237834982791
0.9987718633736956,0.850707019823939,0.642589462638427,0.09484173494545878,174.18472899816567
1.0001246009206641,0.41954140931327366,0.6963187820348592,0.061807924231366954,124.71011586913471
0.9981762008208936,1.0345220960811221,0.021899402579012912,0.03323963514137339,21.59192403017653
0.9988605909895593,0.8014823268196554,0.11658136408151298,0.034747705207390345,36.67308573181049
0.9997064336521961,1.0549154391746762,0.35852533659863167,0.07662065892640707,120.21840084005072
0.9994067200905543,0.5639345744400714,0.788518103754045,0.032322896838170384,157.93294961501192
0.9967787119886031,0.9203117096806444,0.3543622839336049,0.04887024634876673,101.09929450057984
1.0022671509229122,0.2116824755019827,0.1857856840695433,0.03162797582197802,25.39772714629777
0.9998252485161261,0.39696176101598224,0.7459444168663748,0.09846231818126756,133.05299201477476
0.9979400778739862,1.0743748652704626,0.01615547023289077,0.07915968540397227,52.45260224792162
1.0007392124248304,0.2971695210858681,0.37724165672947135,0.02192672291342931,56.30897665339228
0.9998044106378635,0.5644283951660406,0.6178924947263177,0.04459521568888948,127.79408321215516
1.0008224319693018,1.0648485100547198,0.48867291838511717,0.055191740074906015,147.34865455651925
0.9951678049699254,0.5900419177834365,0.06726176099752164,0.07908914482434526,30.98635638606129
1.003371435538691,0.4306707283005657,0.2913069485082889,0.08761171004639266,63.71672530192495
0.9987934553882906,0.546973256308769,0.732976921638939,0.0968480084842638,154.69955532308
1.002884953502866,0.6299062790996749,0.4167184470361779,0.03941150065700537,94.92375218354579
1.0019974088854133,0.3328742650416947,0.28257601517729386,0.05985901681517938,49.98145228423169
1.0000564896007982,0.9420348593411223,0.6431327782431636,0.04004391255462464,171.4048944581158
1.0002977774911228,0.5086920432439139,0.7102077891112198,0.06876608830810339,141.13152210632722
0.9981437892418795,0.49180334781398344,0.27136631840532155,0.08982142275337379,63.788759130082894
0.9987659680389697,0.25571490158137966,0.8716159357231913,0.0888775775792281,120.98550553422149
0.9977805914817547,0.7575774424245134,0.06865277342762387,0.049252112355802735,29.42182910380876
1.0003422331669334,0.2294276029298345,0.1872648256853546,0.06448161398942062,28.782517639465652
0.9973964744491077,0.92645103532991,0.2928614433217303,0.08752340383832984,98.82248026585427
0.9992737423232277,0.7936433200427062,0.7831263490452615,0.06857014956218441,193.2939272770531
0.9954270134555853,0.8483483741821087,0.9619880021238394,0.09974556619404794,243.08420732010225
0.9999788979764463,0.5181309315988448,0.17468332411123222,0.07325592351153147,46.22289088195322
0.9965954206282845,0.3653386570084495,0.3386839031844379,0.07016619265864601,60.507992673423075
1.003815158464752,0.9039357607771996,0.9875089562613023,0.023619213324213108,243.8964994334698
0.9993002179836975,0.6475857977839758,0.684882413667886,0.021960903612415362,146.53622872593672
1.0001253161716037,0.7899760016645299,0.08895218007845467,0.03267090547645708,30.103863796263738
1.0009820525165267,0.3225976038661189,0.6007415413685009,0.07120617590449839,96.4335897340012
1.0000917615133698,0.8098294952720748,0.34557761604256415,0.049748211776237686,93.72975316203878
0.9991471857065088,0.4965707061492096,0.5864181094909697,0.06949913123967462,117.38784485167952
1.0028726166155142,0.23203062633625457,0.954172703807255,0.026922747487667573,122.49407428598153
1.0012467208409908,0.4345602963478186,0.5734919799934955,0.04320087844952328,104.66983802254896
1.0001296405834184,1.0101441602205843,0.7206145247850126,0.0759480590629403,205.39998185891267
1.0001169003980326,0.705180628870901,0.5012964999921526,0.04739153279411926,119.37347359353782
0.9995171724646764,0.8595570699771893,0.05521054304014618,0.049914261821690085,31.184435431062013
0.9964300509366911,0.6404282040168912,0.33402350761470206,0.08524785248403305,85.80167597930512
1.00274474591018,0.2614808519805336,0.8674553388809813,0.05383684914220635,120.4249359494197
0.9983944550631054,1.0373075030966226,0.937536702799968,0.02275327869596004,246.62472724093163
0.9980753170500333,0.5076442126862564,0.7560248382366954,0.07667341146195401,149.7116731817551
0.9960360286436344,0.9923102970632645,0.21827655018814565,0.09214242368035208,86.35843031156259
0.9983171735554952,0.4358957133725951,0.9008527512178236,0.02171461245971809,156.02246629666166
0.9971577412289174,0.48048912073602895,0.9187201349226382,0.08626720895446223,174.38477841541675
1.0019297571368802,0.7556992958703768,0.5204839225802687,0.046318276766937685,128.43143079380468
1.0008333542429237,1.0210021266745855,0.7428875188832319,0.07814293067980549,212.40821596437817
0.999414252884957,0.562994812400277,0.083147569447051,0.02072258634878738,20.203178374997208
1.0002421013288691,0.9450196518109051,0.4325476312775233,0.08339404287488923,132.74231871603916
0.9985306337250717,0.6684117511483294,0.3823956984204258,0.04752072418918396,90.67971948422706
0.9984760886150346,0.7828896442812909,0.5768666149801482,0.0485103556057218,142.32004735637696
0.994821774185185,0.70266503015016,0.10925049085309425,0.041148397094931274,32.220201715711255
0.9993424651136947,0.5688442815685684,0.9945407915426222,0.027321923571498843,196.28270077636876
0.9998201826872586,0.3855495773827984,0.8723241845341486,0.05346633500929725,146.36677242776886
1.0010162622716234,0.480631312789745,0.6077411825990308,0.04373571854694799,116.34803238279562
1.0006883647078118,0.9608962540652761,0.9515821179074925,0.09459294131508937,256.9683232093507
0.9971891392115216,0.9880922914111803,0.5748705224848435,0.0927619678180809,171.41881775933547
0.9969263630271205,0.22827089552152768,0.9585630063449502,0.08164505982346977,123.56997666503321
1.0022971316018965,0.5584841699909059,0.041857384181480696,0.04536784420553908,20.127740487400956
1.000818598968481,0.91271899444395,0.6177549122301278,0.06148219906423137,167.87525121119074
0.9979101953725621,0.9423159746480116,0.24416383458395474,0.05000638715203988,76.37767923819422
0.9953975713915464,0.8350336414778443,0.36238739937293823,0.07708132708020662,104.45317147407269
1.002829223165576,0.7801862548613703,0.09561142998458741,0.053577512502767016,39.19242347468321
1.0032527725270848,0.7853162676210097,0.7611540711943807,0.08902117832761955,192.57841382745346
0.9970230756771185,1.0918157989194455,0.8856556295548671,0.08756824922132049,255.2260208869646
0.9969470604552194,0.6554064218024005,0.6490899888767238,0.05341047861443392,145.03349487992364
1.0007409381338468,0.2699700806740847,0.20482685486527685,0.04581459531312456,32.39900007110185
1.0003038787594627,0.49702872445945684,0.16655122387260782,0.05797435808416557,40.846828838752685
0.9964647538182182,0.8042779480899345,0.03844947647582678,0.06354657066846263,31.42452399788715
0.9987942727304305,0.38012365548266724,0.3559037075906297,0.022768094859507333,59.853077538194896
0.9988147882854648,0.952875617347446,0.7452498863622644,0.024353707486357488,192.13263396121715
0.9992779429043883,1.0081252438391817,0.9661011097767164,0.023050133208325673,250.50027503495568
0.9995979816947843,0.7359504827996988,0.15551264360101993,0.07369966033924427,54.20615017812571
1.0027011605146159,0.9690396830767805,0.6416332915099682,0.05092342564677431,176.68377810582658
1.0009994817262966,0.5356721275218673,0.20010293275963667,0.02551566496493244,43.29443506818353
0.9998264823339006,0.6936439821854057,0.13892555996849387,0.07939710625426505,50.59213200873046
0.9962624026358766,0.3787183350817661,0.3484555019285177,0.09534029589480832,66.43953993843854
0.9984941053232683,0.56549765934868,0.399434782073337,0.09720102349716148,95.09584868992675
0.9961232370542693,0.8323367734361073,0.5855590804571346,0.03858787271878031,146.09550608380022
1.00280574571901,0.9174718496056216,0.9312338672993279,0.09625334150286946,247.65967196992165
0.9993428774325469,0.7356997729398398,0.6022719009573879,0.030450667342717008,140.44136471250903
0.999545180606837,0.3466735845250088,0.08848822180021164,0.08536665144693327,25.027199853055777
1.0008847001792773,0.5521882170132232,0.02089343081080237,0.05179022728914137,19.275314845155776
1.0005454154863958,0.4951645223825952,0.26113179880160814,0.05582387484660409,57.422050619398135
0.999645638036114,0.40141389460308297,0.3062309946933957,0.04662593308290128,56.80564400030238
0.9974387788690438,0.35970985185936044,0.30950697009296907,0.07241088214591973,56.199479454439654
1.000317318974989,0.745746742262456,0.8663677554547382,0.08288415251846755,207.35451598116651
1.0040068998831542,0.7174371899087657,0.16538954220010188,0.09800159109866714,64.0638973227463
1.0009318826221203,0.2639501309956729,0.8930164721777122,0.0652537500309833,124.9301520861872
0.9994928359209568,0.4326712082014549,0.6050420112386776,0.02910667862428765,107.56364966671487
0.9991225021752295,0.30645444307601166,0.26675175711255283,0.06210779921687512,44.63375550049011
0.9972960435286472,0.431613731363947,0.0209162129650031,0.03647399710489804,9.337992779980254
0.9966593483487093,0.26792228522538136,0.8167171722773738,0.06601583813361918,114.3225227474311
0.9980284460838674,0.7422341681970805,0.19676715397671918,0.05348455061877011,56.89241494247398
0.9989387046350781,0.6983265690453372,0.6320844106879641,0.031914858511971525,142.86544823944013
0.9996401561294187,0.20312286156186093,0.6217101473856569,0.0990689319601512,79.4415181650781
1.0038582743207176,0.8716355934005544,0.5886795194732515,0.06436878838529428,159.404866745076
1.0006827384948132,0.9777346336083363,0.4950305759779615,0.05438015152757568,142.47639831603107
0.9983827548633682,0.5091167600782742,0.6076064072404425,0.031482076531018956,117.21520452557468
1.0002949676424808,0.9317263193275245,0.43100153423270404,0.029777374652453954,116.92577134944452
1.000579211025118,0.4554589408661559,0.4365048753116417,0.08533675485666398,89.25654468601078
0.9994029823392213,0.8328588642591124,0.7358988141326316,0.03834946111005464,181.5759772984827
1.0001802969082878,0.8290734046116954,0.32192503508978076,0.04103983715719526,87.15661156324552
1.0019962800654143,0.2974530954232202,0.13929003628528272,0.06668538384716394,27.76501633552317
0.9959581717457587,0.41200686814677534,0.7764474839719324,0.06975393144856099,136.25452715371642
0.9998915611958922,0.3106531571353235,0.7386324509611117,0.055356151991513405,112.65364961610754
0.9971921696473763,0.7829374315916269,0.4967179156181467,0.03008484580401688,120.30458992598847
1.0030446461108322,0.3380669350182016,0.02700323186511102,0.03203121815092886,10.168057306333822
1.0000217746669768,1.0854161948613748,0.9235446195583217,0.05378628693994145,256.28498365586927
1.0018855692195303,0.6924459302891113,0.07498301361141756,0.06190053192464942,34.48195143247489
1.0021151347992654,0.5537374398108389,0.02502327652874687,0.08360311758987245,31.233291945630754
1.0012382690491104,0.8245286213594818,0.666565284008832,0.06775701233105177,171.70985857232125
0.996416507152764,0.727269505760642,0.34072272412472865,0.09233875484974721,95.60400189862793
1.0012893449498208,0.7020860905517097,0.7905276434164813,0.05880120144527265,181.7478517810009
0.9965031296413335,1.0635972866535133,0.8871208841037734,0.06538084345496084,246.2648779816669
0.9964748183872034,0.6329282123645905,0.6748096753771771,0.09154022028720257,153.67525772027562
1.0006102393055782,0.67570283586393,0.6646447275139392,0.055538095549223995,152.2395959497183
0.9986761539509442,0.8157151782519196,0.08491737575998967,0.030152606767710442,28.50724075847222
0.9959271034159443,0.8262122032275614,0.7589603100631719,0.05387127262838158,187.62068028770457
0.9969003345504602,0.21452467003513082,0.12662809330350216,0.025688727930670563,16.21062844567615
0.9991707477745462,0.4155008774432192,0.8774743828948285,0.07032154673357847,154.48965262211988
1.0019541191196901,0.942182307987363,0.9402686624441038,0.024127395524595495,237.78258319396792
0.9948260164426797,1.0167860512089668,0.4245876106180768,0.0909579238906506,136.68823823494796
0.9964469966889657,0.7252123000110735,0.5718965549136432,0.058886949057519705,137.2173442482715
0.9987999161654256,0.6174783824651465,0.09518028960784633,0.0535069804788086,31.509771771211888
0.9988108136949063,0.8557486454964054,0.3078796079632324,0.096931840759949,100.34284473190888
0.9984687073843144,0.3582301760996349,0.9471945510163038,0.0771970371584255,153.99609523996082
0.9961632549282099,0.3613405342639655,0.09129831124331705,0.04733497719288593,19.09529107345662
1.0035672697542486,0.3279357931463509,0.822395308149544,0.033512748498820744,126.6899487287917
0.9992307277840011,0.2282115550971838,0.24484495930428982,0.02852248992279814,32.63456747364535
1.0035019025755318,0.9850980072154609,0.7661980306921216,0.07273900975520309,213.50685449050434
0.9987655733753076,0.7974921598212843,0.7738988417955288,0.03374710775595358,184.27118512423803
0.9996646100153718,0.49326837354578135,0.6517930950420394,0.08725505823813856,131.229558344966
1.0025351528253736,0.9196676876089036,0.7332933853092919,0.06822368177838425,197.42956397287364
1.0023763999735211,0.7581461200649502,0.1496743656777311,0.05187039871471613,48.78712634960772
0.9970347874879055,0.6002011769630544,0.8127931752006563,0.06206680156801701,171.67165350706566
1.0004604810180073,0.25994918890693647,0.3538139626033901,0.02029130784790948,49.10739237179541
1.0013011397960103,0.5047197987400476,0.7346335942915395,0.09335155389201083,148.9116800457295
0.9957247362943977,0.27100741172090304,0.13283533922887786,0.045873613520557216,20.84102613547043
1.00015630245653,0.9572731412170465,0.8122915561786258,0.09338476642579338,224.39564328783453
1.0019990268262917,0.4043954391006783,0.9804666478118218,0.04357775903560909,166.65744771419443
1.0005117139570212,0.6159084810207951,0.12126616122449134,0.06050639558867599,38.75261656415648
1.0010549670485855,0.7406427863595857,0.05622281048985825,0.05763017176750303,31.366010248457656
1.000075521948376,0.522755235910627,0.43412618354704213,0.09263088276907723,96.97384705815455
0.9969008142373329,1.0848786938795887,0.8617647550961633,0.09067834371469442,249.17605858000294
0.9997957669133829,0.9796334291448969,0.6466268299910096,0.039268446653313985,175.12528483360333
0.9986265412800048,0.7953520665410274,0.24419248807381597,0.04314233379284628,67.54210201482573
0.9962903956971034,0.5659201152812989,0.6521741838601944,0.07157680381772945,137.67666982689366
0.9964850922516892,0.8105095065939387,0.731715794047976,0.0441022989369544,178.00037387733462
1.0018908833662967,0.30540084412870494,0.8709774981613013,0.04096325709484301,129.46297616648076
1.000632400942151,0.4949844656801988,0.6943633715116715,0.04561084383079894,133.94572858857833
1.0004206293957643,0.6150455833442225,0.36730195248038994,0.0772938221575365,90.19201598211606
0.9994458062361398,0.6674890435902829,0.1430366954436632,0.06999026081088537,47.09045671495511
0.9976503807746091,0.7117201495384333,0.82989254878731,0.0447540881826987,187.04973377517516
1.0010155490841646,1.0740992449094824,0.636642851119679,0.025056859731374885,177.78043734603702
0.9992703836832568,0.658786873564656,0.42707115842022036,0.032867833619033275,96.58403212075967
1.0049552409882705,0.8335325680840882,0.647128654802402,0.09552909401925726,175.87125906225742
1.0006955948587806,0.46766585832875324,0.7680942489383519,0.09609009844858217,149.00658472521457
0.9965564342502717,1.066552867034277,0.9368345628765335,0.050893674443917916,255.16438681309072
0.9987891159138431,0.7541238201754534,0.08133738818069366,0.08536721624201933,44.86994401458725
1.0013713576874594,0.5948177290376633,0.7335281631233433,0.09291283068774306,162.1569511480215
0.9994822839609249,0.7140551115324298,0.7560921900094271,0.05537614921994784,175.3017764494862
0.998857291651212,1.0032939338675162,0.21737224525986845,0.07972231152620246,83.60512571783431
1.0005774518510313,0.5259757904669125,0.4952957364390603,0.07354751919065199,105.48332740838725
1.0008836299113886,0.8861580149967365,0.5466064604637597,0.07556686776455371,152.27709859907856
0.9996526543785373,0.7952420312661319,0.16979813999315357,0.07756329175130453,61.4611970159155
0.9967557683203295,0.6244336214378127,0.9329615683675428,0.066097745595921,198.54947335249315
1.000571241899033,0.6722440928519482,0.9940053283174417,0.08221098464709548,221.26145641758438
0.9991214576133081,0.6637765761335168,0.5251535205369865,0.057968254073621425,122.08994738810804
0.9982005463469309,0.23123832195419083,0.686910697374136,0.08780774120312144,91.92493675394468
0.9997376072713107,0.5293018365450252,0.44588601665934813,0.044299404550179486,91.9248682497713
1.0010503230381713,0.4684486328532515,0.27677570467317375,0.026724900473317454,54.0807759842225
0.9995722323997875,0.5235001110141755,0.2875935389399362,0.06985168664905793,66.271176922042
0.9994321497295653,0.6880030191699245,0.5946527791832164,0.09518124222988335,146.38985933150417
0.9985975883381274,0.39331695015591955,0.05718198180447268,0.06721473202534964,19.67721813650502
1.002333413470754,0.26366033272185996,0.762350670832608,0.06474836701629955,107.83996834770397
1.0003246330964326,0.6682266075966448,0.8202003131318449,0.060043853230124206,183.26772455513046
0.9981595374594083,1.0932860416790047,0.8932755012402629,0.048515133507301314,247.59665149303208
0.9955024411250016,0.63887932549144,0.9010230223073962,0.04843972700304257,191.58982714031146
0.9981993805742724,0.9830620640799754,0.9554732263117323,0.03458629572623532,246.8875247017003
1.0038534107477326,0.49838113751511565,0.016593768436802575,0.03225006110325396,13.16944264386143
1.0007820214107939,0.6285061458637734,0.5942972433014888,0.04621072589173534,131.0351818246906
0.999899918196754,0.8044543005661542,0.8653809190900954,0.05272163617616281,209.32385016676346
1.001766638826183,0.5618407188313377,0.2732949398137866,0.03346957868233502,60.326746898046906
0.996841703037112,0.9329828677441114,0.7256363707375678,0.053520818247166826,191.68705625880344
0.9970324831332623,0.8493082881357312,0.2093640535202492,0.026483477871814952,56.78911003368523
0.9978972258612595,0.7198982542835135,0.5367935252842714,0.06010843138943882,130.14781634866245
0.9994789596232357,0.9857948279323447,0.9989677620960797,0.040445347519558715,258.57658825903695
0.9976091584840714,0.2960745259718607,0.5920288460883644,0.03962281079995049,87.00359260164191
0.9964562300282502,0.3284655449620332,0.7481040751305388,0.05239516377615455,115.54367271287737
0.9971733696907065,0.5286297376427205,0.34569678388982517,0.07211145736665599,76.9172906409861
1.0022264393650036,0.21667796097681477,0.8508831006506775,0.07702603213141893,108.97898258180629
1.0036367163793205,0.9085450017280927,0.13515835334750922,0.038958825119634194,47.45545201432628
1.0014744034735297,0.362258546876315,0.6905312113670465,0.02514345530579199,111.54864971998103
1.000964636101847,0.5974969312259674,0.7523663549528323,0.08555146638218337,164.49709148311587
1.001500097934802,0.7015690637214604,0.06856316510853952,0.07932964210792182,39.861012464873966
0.9969435007303175,0.286965908757211,0.4647236279720122,0.06572788637113115,70.00725785103475
1.0013053115015247,0.6922273234979619,0.41917159242279656,0.030865141688127047,98.1794502606968
0.9955022486563346,0.5706031781531973,0.7251814804498434,0.025469154684438493,144.60649251857348
0.9985799373938291,0.37246479148735623,0.5778666913733879,0.08089140631082009,100.64536885589001
1.001022050995023,0.9559781949897417,0.4017490943800787,0.03497006492625761,112.5298861086564
0.9984663454064684,0.8021163986121875,0.6129081724061352,0.05711680065506243,154.31978908629003
0.9946818548658893,0.9006431074652701,0.5988577630599192,0.022034363345389794,150.94764445911534
0.9993766342048627,0.9450589485220615,0.2562662365680046,0.030834341055106844,74.1749854547648
0.9966621853023492,0.7672209982738563,0.4849475092500374,0.05824033289234151,122.55504972009317
1.0010813432353316,0.7454841689302021,0.040677355446605,0.09905540050501167,47.789246602566664
0.9976914210719074,0.9725575208710342,0.586125940776061,0.05925093789073495,164.26175605779264
0.9982333688989765,1.053012421765027,0.12342816408476176,0.09944370014249568,73.88534651075031
1.0002623722671022,0.45240667433329473,0.6241860219652566,0.05196679766455786,116.47274424327372
0.9993078281016788,0.5460860378377792,0.21761077153257632,0.06897556099632654,54.54326478648909
0.9994903569245468,1.0476906754367226,0.43527587396059564,0.04808873591709148,130.31339562424432
1.0029772571586804,0.5799968842569405,0.3821979015774706,0.09941845008725914,95.44147794821328
0.9965083666510384,0.33361868418085755,0.8371011829866338,0.06181798916745873,130.65934127423247
1.0013622457349365,0.4461533047975128,0.9247353887211627,0.07463846035267128,169.04810320801727
0.996572280253171,0.34074830998920047,0.7782388414683585,0.09546763445128693,126.35771627061888
0.9969138251100839,0.8567458140238386,0.547003644144162,0.08658398376458237,151.15900139043913
1.002294175438501,0.24459971797419194,0.42218693093103227,0.07824615879656417,61.64645892877218
0.9977020716059881,0.4141512070109126,0.46439385759227614,0.0667413762920637,85.71008778331719
0.9989406354090608,0.7715446204402705,0.580398014879248,0.0689399176216687,146.6421738328167
1.0003348022702352,0.7004534579658928,0.11010262407537173,0.0959873114141185,51.118676792838244
1.0025914673893521,0.8127005553473636,0.12505799866308934,0.05353305160450239,46.29754309530932
0.9992286642344488,0.5990038258649172,0.9477728427108657,0.05152943071108268,195.96648345581266
0.9968229384934856,0.20797262689041496,0.7930345839664119,0.08656923133162238,98.85730316595249
0.9949297610444104,0.9217163700958606,0.31989301803504977,0.06895379743246186,97.97062205399419
1.0008698615681806,0.6763568126423871,0.24481237041359497,0.09747309622759846,75.2199093191303
1.0034613742971512,0.7679650799550817,0.8542606415933325,0.07520777305414289,207.2622617498596
1.0032224067809148,0.9705303895209179,0.6113213518752173,0.04909776531265214,169.6382371202793
0.9967743007275605,0.7828376376807824,0.6408663769085549,0.03002720970554485,152.61323527504032
1.0038807829077596,0.49857937591207685,0.2282709488855167,0.023192659495178906,47.41940832842175
1.0019005453426797,0.36347641728557195,0.21443090397070788,0.09607992029728177,46.64803123577559
1.0030938249652586,0.5894243686506091,0.26366109620159167,0.09284064133861872,72.48174779008588
0.9968539186382177,0.4151818911906515,0.046274588540313216,0.04764750226835915,14.414049817511
1.0020448742273842,0.3553522871997422,0.7529791580928652,0.037579904537849845,121.51774362765894
1.0004567182569857,0.23263317169927977,0.9662509094075197,0.0607953856444273,125.6048818402694
0.9995326498213624,0.41265351696728436,0.6431243896132461,0.02011830656845185,110.11904654299911
0.9985451848662732,0.9633712267794008,0.28238529203871277,0.09294263076357459,100.87650833553658
0.999737135729904,0.389060642248671,0.13828207741800919,0.0571764751542278,30.362511237434717
0.9990266210954809,0.9500360029034334,0.34392988500509025,0.059359469611418886,104.3744923248612
0.9995994339112111,1.0318455232331918,0.14467644899044113,0.06516663314608072,62.46690069585344
1.0012795370936889,0.8620627495160671,0.5610123991560082,0.06369662716750697,150.7142541496856
1.0019338277181664,0.32015801331975474,0.03442515637215135,0.08522623416669974,19.40063560281112
0.999761533002518,0.6776425217754235,0.11443003312351888,0.0282929881388789,31.258945440264995
0.9980914872581096,0.6861507948182883,0.7712755662819772,0.03480984705049565,170.74773067995588
0.9987080837337927,0.41960286925551016,0.30318648184588975,0.035455151619920126,55.78231454965078
1.0005323941546744,0.43917894044603745,0.9840305349699446,0.03480270244429768,172.4429470733618
0.9972438883682563,0.9386163184863552,0.7970186356414221,0.08260030205660902,215.94708373956678
0.9985461176166143,1.0262738595508847,0.7232443721660323,0.05525070679773403,201.86229338819268
0.996319355574807,0.2637046397675207,0.35290440470081036,0.024321374732474785,48.37126083413165
0.9971842622308668,0.7897449481244887,0.4456411139813965,0.07808193918288102,120.43881715121421
0.996500402434803,0.3751443766862799,0.6739637984603345,0.08178969843064572,115.52131034833724
0.9994281592929503,0.6672400213983638,0.03171817393803248,0.08347191548818265,35.491508384346844
1.0014974133267345,0.8995320469382058,0.13009970928959488,0.09175459546730048,64.88257013096592
0.9972615563034154,0.2557524080156858,0.8909590363267177,0.08489117703039468,122.71028751646833
1.0034251070623783,0.3431290864279485,0.2241279416071163,0.07389762114679589,44.285634639731256
1.0020819106985515,0.752937201360546,0.36229016347955006,0.027313321372870413,89.35577968908342
1.0023296779494464,0.2526452866501675,0.757798813268108,0.04731158046406132,103.64337202185641
0.9972748395524991,0.6297094484727321,0.8001295792004137,0.034881018926822716,168.7427834137289
1.004283421399237,0.9527254142364436,0.7104217177216178,0.03175439706723614,187.86410347902796
0.9992243189577626,0.29659844239169475,0.08462051901233439,0.07618471316029161,20.39968175455823
0.9990064204666421,1.0761019515670394,0.31749712125622964,0.023143207813299222,93.1649377031053
0.9990373039017287,0.49098887756499,0.0754005718790218,0.047476424282361374,22.236732526599837
0.9996762579147455,0.5269830297802095,0.12843387819758284,0.08567330625367109,41.263685165001334
0.9994942662443209,0.4854766642914021,0.1954550958303165,0.026448256575831525,39.68891791655534
1.0011353104231444,0.42230704093405536,0.08815958474927454,0.08279962447318613,29.37571308688956
1.0005887138707314,0.563648601527529,0.024093224841652897,0.038221336162567565,15.07821915255306
0.9999159679299933,0.9664216938849717,0.8473399064558812,0.06515565203516122,226.9476235372983
1.0001869391416913,0.7797683569879243,0.06589998146951857,0.07401462759418417,40.28195490919859
1.0027136836311992,0.763573223690676,0.5552128033454856,0.08916783153369817,146.04756454076596
0.9988092935794101,0.24565440413532297,0.1346027443583925,0.029604977051645907,19.5872358381053
1.0005942330545572,0.9993674346407391,0.8106423560950069,0.058599398415857026,220.9120605150444
1.0008372178111022,0.34456152491020664,0.9762792144058258,0.051224328014831386,153.48775161732658
0.9978432137303526,0.33717688022492653,0.9814218451795974,0.031048015056742182,149.99882602523138
1.00325591140791,0.6132430430018249,0.6970634335717363,0.07819625069448052,155.41611735148007
0.9969006348437851,0.27359597290632476,0.742254323301845,0.03593828409261076,103.1400938372135
1.0016961911170665,0.36452618932499253,0.36176363475120027,0.07576245036618291,66.67045277453047
0.9983229867382276,0.3860795814265586,0.9774517588725712,0.08840916197426771,165.50342428566375
1.0000534835100303,1.0663238695904032,0.0764159478932381,0.07231253523827241,53.4004435583343
0.999231256240309,0.4080323982014049,0.9369904964072399,0.06649229543745737,161.89564525648342
0.9992022536151172,0.9604916336652949,0.9128045966841831,0.021055001139966383,231.5981005182681
1.003782532588797,0.5192620840463125,0.6812363039249514,0.04160041957073319,134.74554798933372
0.9972133957421123,1.0334761745211616,0.5288025180440629,0.03166200810459595,147.53574095582826
0.9990402119476284,0.8664588981706383,0.7038120514947978,0.08368588415771451,187.25880292324476
0.9981209564516662,0.44391256965048687,0.6083929964400349,0.024517797979210405,108.41054982508552
1.0026309220212537,0.5883832023464048,0.9236251655341269,0.04133606110963872,189.4197624777442
1.0008692112139845,0.7772405776909961,0.04166137875002322,0.027396818229660037,18.48954160590108
1.0027496238137308,0.8510880500593203,0.7572529023434877,0.03648638533736283,188.48473498475195
0.9995052601683628,0.5824479782467196,0.21999621288517343,0.03821134094907502,51.20191365770438
0.9953681902783582,0.6102590127294117,0.019584225735323153,0.04029699076297601,13.46434462276909
0.9987094453111558,0.794749498195509,0.3872567670318827,0.045249792887059964,100.48351761415046
1.0011467418883395,1.0719730025469856,0.6864829089656803,0.04543558798233299,195.4745276878998
0.9983654003239117,0.6604111718853092,0.24189166805806755,0.07682921229084298,67.70830439293718
1.0013226628113765,0.8146352739721696,0.4459715083533616,0.046336999107009336,116.53525843530133
1.000852848606473,0.7878612608890818,0.5797477289858228,0.03419870299113775,141.59786197024658
0.9978828331495261,0.2798623883107515,0.9089760792888819,0.08946396673285202,131.5115958053754
1.0029031088376978,0.8794049633413143,0.11477060607681813,0.06946114240331827,52.66393501163708
0.9993251561708534,0.5889345185154526,0.9958038362223692,0.038955495900545506,202.08904376899443
0.9989283264353332,1.0604623968320748,0.37700633041898535,0.06604805139246028,121.63887608914695
0.9981066593335503,0.32877123833669875,0.40646850633154685,0.07339141157540041,68.01289841381674
0.9991763993498678,0.5166429062627597,0.9094083376264981,0.056631466537933384,176.1856895213439
0.9988466992788504,0.923304889591039,0.2655780312005485,0.05269112504633064,81.776808968497
0.9984232914311841,0.8785553792496772,0.6581630014193504,0.02699503828208462,165.4486037312599
1.0013438462029156,0.7537207012504015,0.09789027719526414,0.08248265742457464,47.77712818735006
0.9968403349368005,0.5832288281888778,0.8492398868134546,0.08016915596629157,178.00427637592801
0.9983520283270164,0.6230957459280053,0.8056871269257551,0.06195726271444853,173.73207473723954
1.0016578439298442,0.6573989763832896,0.8227680368630849,0.024797762057563587,176.799091965777
1.002202604822484,0.6824826526686961,0.5876339402622086,0.06976360685454769,140.34994560852397
0.9972627425152133,0.859240805853247,0.27776384562586104,0.0741051969386488,86.72214013867699
0.9980900076150738,0.8878789738071307,0.24363206764693732,0.03677754046213334,69.94882803382944
1.0009211891167917,0.2626433799731026,0.035731071752243014,0.09451144949736295,17.196694402533467
1.0023614790332849,0.9716332769792979,0.5218658588739531,0.05015163898074486,147.78577494131258
1.006466080271374,0.6294593350263702,0.8247031636752216,0.09213039579715557,185.94788357807798
0.995987480588856,0.7830299715044966,0.28752381260361015,0.07120668906612647,82.7991280600595
0.9957987806612401,0.5772972281939754,0.47882987147102957,0.02914614110430561,98.84460403629589
0.9968207955368358,0.33332914921924506,0.6152823986000654,0.02690133914155049,94.43299655294999
0.9987298273263562,0.8940904415575004,0.7928777882231929,0.029247175487372427,198.44443006943501
0.9997437596263128,0.31813422255905005,0.13932712046096013,0.07719258990909929,29.341506923156203
0.9977483352382324,0.4184995929367543,0.6325691884173699,0.05997790635746647,113.11030039847714
0.9974040594381881,0.7523714740206724,0.5595303444113129,0.07693656708835557,141.420491195983
0.9953130654877751,0.40753620780843947,0.7903790553322605,0.07712038337697617,138.40987220629341
0.9989626607623648,0.3138458846147123,0.9551018850713644,0.030298968984583466,141.27356154877862
1.0001608509154243,0.8049143388042972,0.3201848317302607,0.08820657692896092,97.68999279075626
0.9985221503206098,0.3309663167639705,0.7880872823869547,0.06383488387207482,123.61575181499762
0.998363728041933,0.6841791137908053,0.8386105103682256,0.04716203036070725,186.53063134268643
0.9994826433205714,0.4790466307700801,0.5736314522953491,0.04371828332537055,109.59196450330575
0.9965452090578414,0.5324679390615008,0.9600324927405234,0.03285717906344238,183.88979755253138
0.9993566239408631,0.4190418075331976,0.7730033867094713,0.0817994400154013,139.30151719643243
0.9985323385907814,0.5567003256269993,0.0877575856748591,0.04610020212983099,26.04420706215268
1.0042255291786382,0.9690787329090595,0.5375797071481873,0.04375001211718283,150.54982423890198
0.9996689298949449,0.2731366988056072,0.8135989093368408,0.04480024753989595,114.2217885750444
0.9968385585337043,0.7466122620808358,0.18187363589534541,0.07997230705206997,60.85285109924911
0.9991120913853156,0.4795243720998157,0.5656277739704569,0.03272770069594481,106.65724121506685
0.9964865543232657,0.8269509247572258,0.13825437784639014,0.08473777538553154,57.528019647867325
0.9977938654145476,0.9943109367175358,0.788421446033538,0.028530248621966472,207.10012990441695
0.998090715892714,0.42612541576027324,0.7275695384216481,0.06467187212749,130.74977782778308
0.9981692590457025,0.2759108677539487,0.3729656706592566,0.08880178761490838,58.60863871075412
0.9996851756770581,0.2606375080298512,0.7222028976420045,0.07493265885523805,101.95300465245361
1.000751377779927,0.660956903183467,0.2237560300212305,0.06557776898848991,62.42556623874674
0.9982262804369944,1.0582845156940368,0.7758752683951203,0.0955217118607083,226.98613235672553
1.000748303074912,0.8902855404217438,0.2885121578394535,0.09432227776368146,98.69945933899083
0.9966256288845581,1.027503383829998,0.3620627837217626,0.07984609753306283,119.43603998926704
0.9976636815363876,0.421544702008506,0.5658909279451464,0.03436923271349051,99.5561090188782
0.997834342644005,0.8326289331788903,0.964025798863189,0.08941023263705364,240.01288393330034
0.9932427105310335,0.8921321246897291,0.44506484368239907,0.09062403325570635,130.46825745583902
0.9981036554415801,0.7815073846587977,0.04752751395126206,0.08015725150695667,39.78013589709121
1.0007529742796888,0.8391065259903376,0.2890408566565491,0.027553994840904192,76.79534532341813
1.0003229473032484,1.0235496437461442,0.21069454165899176,0.04524977437632856,71.1098596313413
1.001477406546684,0.6123986363258087,0.39386119326324215,0.06316096339168309,92.94858224249663
0.997829370548694,0.5060003691094099,0.7958197815971124,0.07745400430051859,156.51452779540227
0.9991805732741693,1.036530938822858,0.40868370852698865,0.0470718772887572,122.5741210416025
0.9996031218600819,0.9931944567189273,0.6514332075281528,0.07651560607625818,186.81491248571697
1.0025966330104223,0.2183402922556868,0.6089828515928577,0.038316028104027566,77.91087682032065
1.001083481368752,1.0418302629965135,0.8727497686134424,0.040057162886286087,236.04000272387898
0.9984558639965001,0.7423118981797205,0.8811264507868977,0.07512997480561456,207.7615240598127
0.9999422065419362,0.4104331633513896,0.7583656717300087,0.06641596475987582,134.12395787014037
0.9990220118578965,0.38808347326124926,0.15818494923095178,0.064294251987871,34.20325235011245
0.9956498382813221,0.7944573770259744,0.2566611107353859,0.023900790098401535,64.31107599619139
0.9993304506430984,0.7735752378352765,0.4387961566658076,0.05660189914556675,113.24760447224111
1.0009370925795253,0.48036083202236574,0.981151781644649,0.08267087290250985,185.50516819279335
0.9938788476857623,1.0921396801549133,0.7580971562413077,0.06932143762693709,218.57879951676512
0.9989910958602392,0.49768480443323043,0.43114616007088513,0.07929586831428764,91.18960233832968
0.9979400968313497,0.6951611895216232,0.46261041432780853,0.029493110483641526,106.07951570471653
0.9942514846979698,0.6837001432404637,0.3081826056034273,0.08742120349136313,83.85695999799981
1.00015994656249,0.6971486976822645,0.3559611123907276,0.058767366182861255,90.42290509083267
0.9981948321621943,0.9669482488212078,0.5987956657373986,0.057994442004443494,166.646342230046
1.0001281024350253,0.6190404489441477,0.5113604348913972,0.02098754455827681,108.92901868492214
0.997288694486786,0.9669579821123666,0.2958379870554559,0.021300539185785165,81.41448529475315
0.998388057277534,0.31018082925618945,0.41629274966027413,0.06600605647839355,66.62446489544482
1.001348631490724,0.3814651305711976,0.7273128867430229,0.08540949070958477,126.86874033018455
1.0022043826587907,1.0464876101702325,0.4238395083625997,0.0946853836095499,142.56329763720356
1.0035059788317353,0.2691957799116662,0.944038537190457,0.06582032385566203,133.8076022861497
0.9998506582961025,0.8564597780552035,0.4379879059557094,0.035274136542993495,114.61994392808879
0.9996494316558461,0.41481152099698226,0.91620438170064,0.03740614881799641,157.00282600972565
1.0015271993104702,0.8884399549789066,0.35764259396082954,0.06750472043943254,106.96485133172706
1.0026069610651884,0.2807591072188824,0.7370291644219322,0.0456461818667327,106.53894910536309
1.0026630648099926,0.3382295777265947,0.36763519328628486,0.07137079578445164,64.70315615604596
1.0007733653042283,0.6479906492225567,0.6728809974322016,0.028931924219830013,145.6927128730294
1.0001452850423505,0.8755438201173378,0.31916734148224285,0.04549029064668711,90.44788729106085
0.9978982450213091,0.7172844538649239,0.25253548092201544,0.06616035344647557,70.6752724280351
1.0011000641996604,0.41971970304932277,0.23291877670181685,0.07443007447946745,50.43384085499764
0.9972699400629441,0.5728143113700016,0.5677698912654183,0.04402610646185317,118.56679043890023
0.9998625522079955,0.32865132809052855,0.47671185335646515,0.0845769454415219,80.18627748721826
0.9949843419505452,0.8046181380843258,0.7518089405283269,0.038194836805926974,180.20434248862918
0.9979401205279729,0.4931042075224215,0.87786541323861,0.06453704118100566,166.90130952845837
1.0018806333437518,0.38559023694481154,0.41595220909577674,0.06564838616193022,76.26299919558471
0.9974079004498975,1.0251890574490998,0.07359099693113189,0.08594048963685684,57.007674779581976
1.0003532091462006,0.44045313608913805,0.0608039596739334,0.0903834989603224,28.172843209371194
1.0016671179532077,0.6649779382759327,0.040057337677568645,0.025208504693371346,15.863509523154448
1.0015208657574606,0.4260882895618713,0.05181234429896066,0.024374688256289627,13.29999383807916
1.0013354117730031,0.7493969285560247,0.2486918543574983,0.051207312398747706,69.23594970158206
1.001209958728132,0.760056173837363,0.6959855279934891,0.05930006901472916,169.41927831770533
0.9972939176571883,0.6795199828876863,0.3125972543862433,0.07598838275130494,82.84579867954722
1.0002746157279143,0.6675402766215259,0.2737238806167285,0.062178764485122176,71.91934002898591
1.0007390222568047,0.4481252275638899,0.7186785590332252,0.06884593414441832,134.03094437388785
0.9977974865421066,0.22055677506852794,0.33210712697893585,0.04128599345115622,43.152144056108625
1.0013419063119497,0.23890100620930482,0.8939970315321898,0.05165320135481462,117.9579686886442
1.0005437031659188,1.0940546482438083,0.45529483695192086,0.05646696818456548,141.73802253869968
0.9984854490609205,0.2928069322156377,0.9431860501088981,0.07066864129019072,137.88476031203726
1.000022351727934,0.5797341046362846,0.151388223731776,0.049459676837933814,40.148195031553485
0.9996173401275141,0.4592760841183361,0.3856039135766078,0.09720125777852924,82.32819909851918
0.9987252669762032,0.8111661772755578,0.5325545713819024,0.0409401852779496,133.6870496502682
0.9995724667134804,0.24797589615314017,0.17885078137490804,0.035291850598432505,26.182332516264466
0.9969800515497729,0.7923993014043689,0.41995472410240164,0.023272301959743107,101.98750933194367
0.9973874911963739,0.6988790237296973,0.8339047708904079,0.024274791345881147,183.19563306062625
1.001244040812261,0.8255099125067478,0.4310431359313266,0.08666443117308748,123.67863421550021
1.000117830395455,0.6072206078810147,0.20131062084998805,0.08219978025962928,58.428976939923075
0.9984797363720166,0.29724301953722215,0.7673064888658141,0.07551789827479029,115.16410283837268
1.000630365855547,0.6112886818607739,0.3280584506265677,0.0340843345548007,73.77979046578014
0.9980120924068975,0.2460968678972564,0.7477851714688402,0.057213596906529385,100.51208134948843
1.003145534466551,0.5410148424344002,0.05617090292986109,0.04728652164058268,22.561880590227418
0.9971580159852835,0.8532764590667299,0.4209558782413229,0.023137278929784434,106.49257177130357
1.003379281290124,0.25740804833420194,0.9926104301673517,0.03063599929252189,134.4756997289075
0.9998134651538663,0.20390462653483293,0.4564186133925933,0.09176203051044915,59.79499814027355
0.9990821118610645,0.24620340114181832,0.4653540564968912,0.030665143950924928,62.645442241325725
1.0013432222432421,0.3188967306811833,0.6503156360020034,0.04695411822335563,100.80655317874391
0.9973999496332481,1.0657157080687254,0.4205513487891397,0.035449197514818134,123.20879359807282
0.9992526534526069,0.7003796946147536,0.3683975706874387,0.08108563845009245,97.89653423892179
1.0013759887318274,0.39925488171009726,0.29326088433231545,0.03369537313002539,53.34552978568979
1.0020124225287788,0.2540445384579151,0.43926898647376006,0.056940471914312105,63.28712093679803
1.0024765188648679,0.2438667390218004,0.5640737193605562,0.051386222771975396,77.57579945025373
0.9995492370073976,0.5995867196326353,0.8317866665961597,0.06130886954880019,175.70133115496057
1.0001521149565649,0.6053682542855109,0.3759559142893623,0.09998208617958994,95.34370010730089
1.0009064046281586,0.7561594634586133,0.2733109788780222,0.06534146740465928,78.49441154046463
1.0016717002150823,0.40754117814035484,0.08927804533714441,0.09114046746676574,30.540897078824003
0.9984612762256652,0.6928590195391366,0.28429023751491383,0.02014609044449978,65.95205529291712
0.9972258904874253,0.23631252851025655,0.03282257611313305,0.08692184557624638,12.30660311112274
1.0013497910011,0.7830668484866781,0.8211492892961971,0.02189297804054771,191.78290655995505
0.9995955636799286,0.7267225591673412,0.06412402980854186,0.08283860109208588,40.77189726867391
1.0021346049150976,0.5253842914167399,0.5700091304879886,0.05252931945053271,116.4932063294483
0.9994974581420419,0.8802955817109006,0.9189499003882006,0.032132168149846346,226.39797158128064
1.0004572063042012,0.8605263888507504,0.8366478162688588,0.04126425548096556,208.26901963169527
1.003060023488785,0.9090946205698283,0.3537755110694705,0.08480730545329032,112.76241906992618
1.0029508505878793,0.5944354235061955,0.3407219724639046,0.03210261800407386,75.76576560551598
0.9975132195285145,0.7408023456614969,0.596386373947122,0.08748511267611585,150.37248856424054
1.0002068279326448,1.022956539779762,0.06880335708357835,0.04995504906066162,38.99322652619708
0.9982196548032496,0.7830135417472142,0.23145742074133752,0.08517120629011538,75.45238587156427
0.9968530468421947,0.4402950775620602,0.2103844089106334,0.04682744428498837,42.338993973799916
0.9987768158180855,0.7072198744512026,0.06054528622208549,0.024769715810369144,19.26655139227671
1.0037367556221457,0.5242362084533644,0.31913962964984716,0.06452431654122154,72.49062098272702
0.9986885238577287,0.32299084024270713,0.6406191582472025,0.06199277077683371,100.6512989029099
1.002755698004148,1.0207611520894506,0.01341504358712367,0.09970105428108347,65.50980240929073
1.0009270529484118,0.33732161470036987,0.46465577527961616,0.08986185012742437,80.39197549850127
1.0010286794281436,0.23152617904373074,0.5384529191931141,0.03976911578439396,71.10848293346095
0.9991661331991077,0.6300866818015081,0.6580672677670508,0.08466007141766584,149.83834446922026
0.9992313540738909,0.7641611744316523,0.2595145686408022,0.06548537797463028,75.31796430834146
0.9977016812263366,0.5715267166126496,0.3963246525702263,0.09382915677226214,94.17236183559766
0.9988559181731248,0.6206742427244183,0.6446908771628064,0.06083796219699425,141.9053442034417
0.9994697927342442,0.39135648995084715,0.8567575002965532,0.08584425284800375,147.9337366807187
0.9976577300566057,0.4236583172125159,0.4011045661619395,0.08337705182910825,78.58448498745668
0.9985157582625125,0.4358865259480863,0.24511341460374728,0.034878741219622554,46.906551058907496
1.0018762830765802,0.3003082776670006,0.3748876301860544,0.05345244067946943,59.61888165159132
1.0005028671800735,0.6477342294207625,0.5858403646805408,0.058914667350326216,133.74514485496923
0.9993881123933875,0.7664106261166408,0.06780816361919635,0.03667443116579035,25.86115947039292
0.9986468756317103,0.33693716178259536,0.46522083852242024,0.03243210482200506,73.44408687629391
1.000736386140366,0.2478949371949335,0.541554111822874,0.08534140745530593,77.44230244384772
1.0002939087304152,1.0576069575644975,0.7525963039360934,0.09548009292098578,222.2764353428103
0.9997683841727733,0.96783209218396,0.14755046059059793,0.05675627836218185,57.41238437925949
0.9979847845445278,0.4145056527501011,0.5543379700717004,0.02419539793666349,95.6672546176872
0.9951683548903969,0.8548974811790109,0.12109958698843021,0.0604877568816615,46.29128875200797
0.9944383963918494,0.8884887061346347,0.9703978853678553,0.031416070841629694,236.61639704773302
0.998970646547354,0.5143632491637602,0.42173310899758903,0.09063910324117765,93.12503419188357
1.0010675723236349,0.3109329135800288,0.8993594862708351,0.029677731227163114,133.3983065117381
0.997310184210384,0.41571925958607264,0.04308112490887693,0.08901401363159521,23.125867717674964
0.9991464082384566,0.9385892904881556,0.07046662829592117,0.044134878439997464,33.746767066941345
1.0007024243130567,0.8027154181182601,0.1338722360207132,0.09158549943051594,59.66094441765415
0.9973323865546905,0.9176188634758209,0.9462609896215913,0.046952699888641335,238.77114709834458
0.9993787067890665,0.48857207405417186,0.20485051839198185,0.04397110555112575,44.55184269124163
0.9994982258793462,0.5064258139289081,0.6606488828857613,0.09236610974153966,135.22245317190874
0.9973132313299171,0.6152657451527933,0.689001080480598,0.04488149878794296,146.8045355563608
0.9969474862768085,0.9291267021621186,0.33082661236381156,0.06016000090085294,99.3767878955511
0.9997465470290243,0.7131149085818702,0.15654548608732533,0.09842534384215314,60.49780410514967
0.9955337787452704,0.3072905754644011,0.30610290274151075,0.08025130789563782,50.94412068003504
1.0008107297489541,0.5623236323570553,0.721078441385041,0.06504032354701916,150.5480815114164
1.002085275693159,0.5530957624063633,0.7906354994844501,0.0722109364002162,163.6687744332027
0.998261881547694,0.4707049609087413,0.7609623901969212,0.07743970909822374,145.21608131490865
0.99828563319222,1.0164347184058637,0.42740338956113283,0.028322796465615276,119.95843941337318
1.0014309843759797,0.2525605799360241,0.04279543674417055,0.07172748940618402,14.17094770253982
0.9985277809408635,0.7733263066560359,0.523323848161799,0.04895038312810937,129.79153399222878
0.9977247511176193,0.829523321279279,0.7568781955328463,0.060965387408395355,189.29450820279806
0.9999374351361227,0.6694247396818316,0.8749907387387187,0.05183935344003594,192.55579964472676
0.9965979821462374,0.656705062133292,0.7354882443704982,0.08546187159723818,167.91149972299291
1.0002084637469062,0.8546304949300196,0.31038043163982554,0.08657650149125905,98.50805805368219
0.9999866786273652,0.6832038677551994,0.5852628868670723,0.07444361416985888,140.1634748297285
0.999697023076939,0.6723426773476879,0.6969687399541511,0.057716612938951986,158.2727701403893
0.9955472865476553,0.3278562377507599,0.4339760145328368,0.07057831032937727,70.73348467780562
1.001381167154307,0.9242432280754789,0.05418016240142781,0.0673543491718052,42.376033701320694
0.999662750273673,0.997560820154114,0.11664999739177925,0.0341460628255634,42.33513032068123
1.0008818420326637,0.5186154927241846,0.5713919147977957,0.06573583641947059,117.48711064469853
1.0018215906966488,0.8518330775139524,0.11984000833830466,0.041466744923247756,42.21741958950315
0.9972458380041619,0.8472615611860697,0.27437267995352665,0.06393512251142125,82.5257509496513
1.0003467980808103,0.7014613614832348,0.7953238518804907,0.068789717152368,184.21315179468166
0.9989908702906803,0.7100986903280289,0.7534960671403336,0.02209851410285384,167.72571326769713
1.0017003677172396,1.0444785430597032,0.7368108196733075,0.06425823625140928,210.1398480719126
1.0008718359679663,0.8917345390354106,0.587268200061612,0.07071157601936914,160.97518045603601
0.9997812815227369,0.22405065292320908,0.8385399777145252,0.0656723147887383,107.98356373088455
1.0022577227236584,0.7276778433565212,0.8007196452697342,0.08019067021631,191.77940360878725
0.9987472774792379,0.3956649195045309,0.27292681248097655,0.04402895570515186,50.23521883933847
0.9992713520554963,0.2534202086805204,0.20671217638052725,0.09858208249664406,35.70461253857894
0.9959731067811255,0.6299081173387986,0.6910075155654666,0.0408725580088074,147.92443001936363
1.0032281820357523,0.2441183560647205,0.16614324897372404,0.0571368232099362,27.545864331343637
0.9973270294697046,1.0009826283889598,0.5892100885278709,0.03390216166098527,160.34628387387454
1.001635184786013,0.8722230057245315,0.305176261895194,0.08622531380741859,98.98091370812756
0.9960091274885606,1.0035960269839475,0.3877128100904505,0.057557753758340435,116.97766070768085
0.9989983899174988,0.8252620233853241,0.8369742031628893,0.06264420541878017,207.57943188229942
0.9983477029179788,0.4465208204040946,0.284156888230365,0.04836536454798049,56.165034046083804
1.0017534734692495,0.4089984532168053,0.8769303688471413,0.026847447436501932,149.24798606019635
0.998490605399445,0.5264024061524566,0.19202549280626596,0.06614418571564437,47.86651445298918
1.0019999321040973,0.8294992455394716,0.31311127348431145,0.04306165309199274,86.45964410851519
0.9964937068899757,0.8981774579804138,0.42290447201187337,0.0257326666072698,110.17103822343068
0.9958898899761671,0.6338156293898782,0.9391115707722697,0.04611112296418737,197.77090513050615
1.0025546971685801,0.608785395357873,0.42330229327551977,0.04105576504735882,94.9301185200137
1.0054571756077755,0.3564016004323378,0.48530671212971455,0.08356189479245736,86.88787663851986
0.9992559626422839,0.3125413931007056,0.14734593675688631,0.09566156591022588,32.19533945265158
0.9990999166218254,0.5191178490223312,0.746921560823433,0.02420901629849075,142.86864666359014
0.997377755666144,0.9448540863072377,0.18921177781386173,0.07868655287391244,72.92669866246467
0.9984049714907701,0.2767331121126307,0.7540688587186197,0.03035290205872065,105.51053004048305
0.9939373962149576,0.7358070906970691,0.7182137911546628,0.06331027744025464,169.4540570913946
0.9987662364167864,1.0634222733430634,0.5758586257533017,0.040199105737189156,164.28095444221105
1.0032257953798598,0.8288515976322051,0.05170966251283131,0.03793039422675559,26.599490213002923
0.9992636222681637,0.5351257966228576,0.6075965006964604,0.03741885852607606,121.50710200414136
1.000613183791608,1.0611158154208074,0.45622103390919466,0.04227417373870139,135.28962143518538
0.9996811465878874,0.9881933334032329,0.05738814247831849,0.05971692767075272,40.500900868804365
1.0004245053975802,0.7413802663158582,0.5139476990692614,0.06531480317204895,129.4785882159528
1.0016441361048447,0.35801787977780797,0.9755133021071309,0.05760312590194819,157.44362786703397
0.9972454186713099,0.4056485475836985,0.4600582247146255,0.09705749928444225,87.77746671261019
1.0007946189046435,0.7470903690202189,0.3783463974380901,0.02830411701808485,92.16189610562043
0.9991071095000823,0.6091134104918482,0.9208308373870738,0.0712222762623104,195.12941379774875
1.0032180129401271,0.5879437218872723,0.7231371935433564,0.04687087851396288,152.23746225640258
0.9986559530716552,0.2383514045306781,0.7270729530216159,0.04336831068163981,95.45224558786663
1.0022246358332483,0.39698382629726314,0.7835261376873036,0.04122900245595508,133.85649197626486
1.0017351063506632,0.5948744008592401,0.7883524844232661,0.08017256191308285,170.3738096065997
1.0009669748875953,0.6657783078641736,0.9698065306862317,0.07603514838896362,215.02814594124104
1.0014088966734647,0.3193142345770143,0.8023586186222911,0.09477969073418867,127.20116866551513
0.9983289621740303,0.8460136933953426,0.4067852126037393,0.08778484568936781,119.42228031247862
0.9958525003187516,0.9994034247496366,0.4242442285807577,0.03340887861202397,118.70797908419371
0.9988587121701984,0.305041004256726,0.9191415139552643,0.0546690416300606,136.43461422832576
1.0000549740710962,0.6989078083253896,0.9453433525645328,0.06427768761218763,213.57786406768383
1.0024531964199699,0.7951942717996026,0.314690529545995,0.023233486575073875,80.0904326580802
1.0013761735281554,0.43132412700583217,0.90890570398,0.08823224336956526,164.80283753746306
0.9957601513115777,0.21378545975179553,0.7180832176261562,0.07310424956625573,90.06399211388145
1.0029572780364828,0.7127311662220512,0.2173619821298958,0.06788052716210265,65.48321245071418
1.000875150822077,0.3217540110426069,0.5216594230307265,0.06646621118901871,84.23440257830333
0.997546229179868,1.0719256778513346,0.6217388018562368,0.027623653038131187,173.38832955209776
1.0024264098700442,0.7895564537646775,0.2558964035756046,0.08149436248835042,81.66872100120662
1.0014788431085182,0.5400653850569284,0.2529221592609083,0.056823161225955585,59.45738181911378
0.9983595861390416,0.41980693694462035,0.6164275419826478,0.09378128973642254,114.89555078652018
1.0026178216620545,0.8338402149622393,0.5528979419553297,0.07823997897353681,150.18469010237766
0.996854346718274,0.23234529815279453,0.17171613389153678,0.06897727134660912,26.069913950277282
1.0007910540114093,0.39706625065669143,0.33968967739648187,0.030629344391684105,60.29030464174417
1.00347309202423,0.8832450354178691,0.982356961097591,0.07231877349194568,249.35335689961798
1.0038027528466207,1.0173254454740253,0.26609575058932367,0.03655780106144768,83.25780117011453
1.0031352409638663,0.8342988017581492,0.10291557848637108,0.08611985639633933,55.0064575913857
0.9957714830247422,0.9780126739435022,0.5593939706156223,0.053371792378028096,156.19779422846455
0.9963927778440211,0.2723972962571535,0.5854144633462132,0.08050865177877811,85.39822935513854
0.9966317126032535,0.8948408213843111,0.43868980700383653,0.0801913369703518,127.82608971781207
0.9990905425964779,0.7267732736888077,0.03858406541695485,0.06559536715123963,30.870979277691276
0.9957545997191094,0.9188038407274841,0.18598739389887603,0.05781715357909238,63.02534460674349
0.9980360342958831,0.3076887285004233,0.06910072315234876,0.05852982177870816,16.079139349201853
0.9966936835153071,0.5069692877749981,0.8391730336712361,0.05006678254572539,160.3808266542534
0.9964764361827733,1.0931324323180618,0.37117090392945096,0.08507807998382842,127.56795379044183
1.0005847899992741,0.707888463564577,0.3468366382380444,0.07758045105526978,93.6217639514307
0.9970768080222079,0.5514635013322391,0.8373138373292184,0.05987826522014038,168.4909985090825
1.0008324240394297,0.9219634243495403,0.13250041193497686,0.08293882563120755,62.62293846342476
0.996981944509645,0.6413852436261336,0.6346458997421022,0.06749462484233246,142.8286686748699
0.9970449142932242,0.7618679090645013,0.04362666012055614,0.08410894185552177,39.62385573004383
0.9993480609407759,0.717648341011436,0.06635652618677308,0.04410906132719384,26.777668883824504
0.999238876593579,0.816724105832223,0.32155061620509184,0.04326875378071844,86.61994206907883
0.9974452569153398,0.5348714201495325,0.1403292540259984,0.047983921224618024,34.870659228095235
1.0005764727899167,1.0986410667580426,0.595684327784847,0.021589464453244167,167.93231175722522
0.9994290009215065,0.20840250725319703,0.28242922945813514,0.06705960469997922,38.17270359890381
0.9999539267940296,0.8148512947451445,0.9112586135842741,0.08107488417886473,225.29461411937763
1.001733081958664,0.6205979673675446,0.3403706137038208,0.02550116553146838,75.54960837422959
0.9985414310404738,0.7306437446407319,0.7925835088784994,0.07494428346136987,188.25605921037572
1.0013379974467698,0.8117657374225915,0.3190907314443646,0.02758892996989494,82.59024080652603
0.9997327797899298,0.839295402575599,0.5278451685618812,0.09539063945385372,148.21466579080573
1.0013486051162925,0.5792976422342632,0.876997934537879,0.0610715173226946,181.74221873643742
0.9974069616023604,0.968395563266399,0.4758703197213209,0.03348099345716467,130.2850520956145
0.9975559473999127,0.29819392124305316,0.9325262897087195,0.05277850217941632,135.98535150117914
0.9969094076272457,0.4620402751436147,0.25703358202311993,0.05232271693640844,52.5541128478572
1.0006859707268323,0.9802496011199475,0.8569724413344445,0.043286629345192715,226.18535111353998
1.001447064204647,0.6008720026065986,0.935580021818599,0.06973024901425903,197.54226967963072
0.9994741320409246,1.053807079557986,0.011111335672756486,0.04887179601218459,32.81891486984023
0.9994981674267147,0.39932754395327313,0.3950847236175147,0.02095263517982537,67.86521747429333
0.9951968466722655,0.9365603687123838,0.898835965148452,0.08972978320644251,238.7523380148003
1.0035527050675233,0.9938789637971095,0.7186912976002782,0.04483419902836651,196.78265603108548
0.9981247836801241,0.4200633971157767,0.17742378340026116,0.07081022504883834,39.83824310363411
0.9947560703412961,0.37857812859491813,0.5652336761224601,0.08149664022721374,98.36443300531943
0.9988807523727834,0.2183799587313607,0.9360261930039779,0.05331688323731823,117.04822789156106
0.9989335097880138,0.40063201037695506,0.8744315057267134,0.053884336228559065,148.9851878595278
0.9984402364992255,0.3007652520861806,0.5983555076896548,0.0493799707706235,89.76569245584778
1.000402450868309,0.41402883104565014,0.7224040838335782,0.08929398296888658,131.52649778297166
1.0010860910903518,0.9373005024377967,0.6507350252096731,0.05854449510540655,177.70100845785402
0.9996032315255158,0.48071658429140174,0.8506517259137438,0.08719363613212895,163.48772277430004
0.9971237675276724,0.7882828093277068,0.42906257500755896,0.0340829281061026,106.42082657689156
0.9994096394499827,0.5755262584212611,0.5536536168668507,0.060605183208884375,119.57294602717343
0.9991854536185019,0.621314984285835,0.4292094305591103,0.03369266776290927,94.44625623553856
0.9999679910431852,0.992130685904409,0.3132281961429924,0.07585266057180949,105.04912529022863
0.9988021943733592,0.6330044152623686,0.45352586648990717,0.04810828106813317,102.86674352868937
1.0017285704734271,0.43298188403663973,0.9913388010691362,0.039587218826611786,173.50600385749573
0.9987689579833877,0.2989550372351269,0.4750069961535247,0.09484663391411781,76.35907032536005
0.998369568363603,0.6843542065671067,0.45723814384236683,0.028098995056416512,103.91101476147418
0.9998439300644649,0.8519148446717546,0.47605582073306596,0.03602035644263728,123.05206266233705
1.0002832861120434,0.4706299727205666,0.3410896132939526,0.033460487301040384,66.2415352223083
0.9990543773112518,0.5561076717639863,0.3978427609291837,0.09024295730463615,92.80482728585639
0.9966118034726889,0.8100138367203726,0.43400987367033633,0.09633019958279844,123.64156506534346
0.998014927105406,0.6228797701772957,0.29416145014958195,0.024420950347339546,65.08257768687315
0.9989198658936124,0.9952110814789414,0.6000619500897322,0.09977560589484374,180.94041969266516
0.9964178118495416,1.0373115681456806,0.0317542918213873,0.09608840075517074,60.356604540317676
1.0010105205880842,0.6614626632261662,0.7394370563723724,0.05720331580582157,166.31676082636858
0.9956785382592382,0.9863781437092507,0.9914439476863863,0.06458406848792411,260.618620846795
1.0016636523118174,0.3682748973420007,0.059656553902299875,0.08191011168408872,23.15809976671585
0.9969544740747467,0.279319705407568,0.4213255036878004,0.0512146055420559,61.75891055187947
1.0006118449880765,1.0738302136273052,0.5732642801728638,0.0725295183386396,174.3680630749065
1.0028422975969415,0.6070458023517935,0.8120658789668169,0.053057157629401025,172.92056765652475
1.000667277907418,0.6722995750700307,0.6609397766270622,0.03882182668755037,148.22148648818597
1.0002367485848285,0.5913126691580719,0.06927454469676693,0.020737546244674603,18.402641496038257
1.0004663321787606,1.076012680535875,0.7377834721008507,0.03948582858162979,206.9423905370977
1.002164828529305,0.7415946854233488,0.25968294995650415,0.046104831449624184,70.25420045092574
1.0005016548183285,0.5593178493577928,0.3756149578357607,0.06968103215402707,85.79480125566113
1.0012583579352727,1.0661245930663727,0.6138782008515993,0.03073178560989901,172.9016898287697
0.9972767425217155,1.0261771774906023,0.6036200016989812,0.049049497966234396,170.97619830017078
0.9997844420267802,0.38534862897875105,0.9856941785972343,0.09748844677145058,168.16883393974325
0.9974360719773446,0.8483219341251396,0.3856443300043786,0.06105283271838864,107.2712070114361
0.9972694674163497,0.6051935794375243,0.7060641637768774,0.08407623382990254,155.35860091834786
1.0013337927961803,0.69306411089251,0.860659849585045,0.07290030025843328,197.0788233956698
0.9976986877262487,0.27874125010062356,0.8435335713706761,0.08424179940766484,122.0020965386351
1.0036205057782739,0.6006673014662823,0.22329671719321773,0.0225525907629555,50.98826938170737
0.9996086810560575,0.5701025803958253,0.46344273282390835,0.09801904287981636,108.03972677532079
0.999562162274638,0.6772227097521253,0.975844826313774,0.06019902453393558,214.81053955991888
0.9976195123985673,1.0272578559872727,0.19070925491566082,0.07677974164976836,76.83140408699506
1.001410185112011,0.24639279277907447,0.27274561392088575,0.03316400713991362,38.67934248432488
0.9979038874836187,0.4872590947429011,0.9294845508584508,0.038035890207838985,171.82206062930533
1.0024297411527199,0.8419373160356125,0.5432107619475,0.07665292337703596,148.04742644252667
1.0030201375913956,0.28610154759238876,0.8882653157677305,0.059685635523638425,129.22331847491154
1.0013654622151362,0.3336381160200248,0.2452581880534512,0.08627567600212337,47.32392838017006
1.0017259658327313,1.0804131462758502,0.388424638325,0.06763908560718669,127.61062471297373
0.9994080156470819,0.6037103462195554,0.49181372658292316,0.04506041249440793,107.53751744225838
0.9997083966383482,1.0433154944624854,0.9391511353970404,0.031502554338909305,250.1043815074236
1.0003519577043243,0.3254629411029475,0.02240979801785016,0.056442543207064336,12.50283819915046
0.9975992068145777,0.2641725816570283,0.17991275460302103,0.040303606956159296,27.005539506462583
0.9993099090175416,0.2837735094852315,0.5317219145889359,0.06292448992796504,79.42024074199117
0.9987477302832929,0.963453359946713,0.9415446409791273,0.098073281544625,254.85625975589858
1.0034584664800577,0.5113252556952259,0.319681022764434,0.04967571744593888,69.22676779831579
0.9974828206188923,1.0828145158970304,0.7141465091152115,0.07640039209865929,209.7715531283909
0.9995345851300335,0.5701664482597186,0.8933293788406376,0.026070108436023042,177.57386794199053
1.0000575565201355,1.0516762756645421,0.09562741064681758,0.046391147894086576,44.0184278324474
0.9996830963088942,0.5769229152055435,0.3727462454567089,0.0651698945884264,85.51597469623738
0.9982035854682344,0.38149030415527296,0.43864138511750467,0.05996356113631747,77.42400605208303
1.0000990758807964,0.3597148349916046,0.1041371371236386,0.03232819168459472,20.48044426598193
1.0020824928485623,0.21726574371778157,0.9796393274615565,0.06281120436560766,123.65308974899955
1.0000089858261407,0.5188578415422478,0.2253131121344717,0.04554656503393481,50.423030530335836
0.9992173135530226,0.762045231787168,0.19879933044173456,0.022852183646188778,50.9038065186146
1.0033803399117773,0.43665853609760386,0.9093607095375958,0.08606655063087448,166.43822457850166
1.0003638299082882,0.3372741432811485,0.31398381129680797,0.07423317553264142,56.15972642241155
1.0009151810642596,0.41396093973276216,0.48269292500994926,0.08233058397550806,91.92441596657693
0.9993606410694353,0.9483978278985532,0.2736282706794047,0.06482984088266516,88.9504942397217
1.0025912393708896,0.36118077260054454,0.9071700691924401,0.039738474070095516,146.3389273547695
0.9974569777313299,0.9818533675698429,0.8244718688581434,0.0840616395477409,227.1980368765235
0.9984160552049635,0.23547967142318588,0.9115955285687424,0.08045653055696883,120.32811712037523
1.0010225108604722,0.390390310638297,0.9179511375385282,0.04255994622898897,153.47565904646422
0.9990471381357352,0.8594200669138254,0.1615548023188247,0.097908765570655,69.65566749155249
1.0006027381778966,0.6808031400369168,0.18923249400317213,0.052127186534731765,53.1768583129097
1.00448694123558,0.4798457795498869,0.6882543597415922,0.08932105236121086,137.88365932475966
1.003353027427837,0.7450667963259114,0.3156197582279961,0.024475152038959207,78.22781841241135
0.9984665641229235,0.3777594594159399,0.44534875288469244,0.0356131796626761,75.29448328597124
0.9993178589567029,0.3439491527164508,0.7383870644075303,0.06372738122119674,118.83267017133176
1.0015619727716665,0.27624485968930046,0.6633229812705327,0.09317431020372564,99.40595147861438
0.9973226600093974,0.5521624882084203,0.4479059986774244,0.03642894719952797,92.19536067514008
0.9967984963399558,0.7815533909109844,0.013883868698763482,0.08737885178383978,41.54341518147521
0.9967989019355064,0.2085147138434166,0.7039419649454377,0.08989236958561293,88.74601618459951
0.9978791561800946,1.0705487769179074,0.9922171336547497,0.0724761079912827,273.578508206001
0.9987190165073188,0.8142213183895375,0.2658201946691317,0.06642532857663619,79.75515879202527
0.9992640971816287,0.36227534048204757,0.5348113759772457,0.03623190396844892,88.04399441107137
1.003363181123594,0.5694758873521246,0.22778351432619925,0.06063487388051131,57.79547850658213
0.9945820125979858,1.0480848197517654,0.5960703994847849,0.08624988566849132,179.38759910385522
1.0001358610681361,0.29306709791551333,0.23552112565709554,0.02391473337227524,35.8274091262395
0.9994676038012452,0.3994243743388036,0.8305311583487757,0.032765053478483935,140.03968626149066
1.0017697042498284,0.27474755953213914,0.4246546677544758,0.07169511322346976,65.2520613326102
0.9993988865955136,0.34707225101041994,0.8235881852173144,0.044805183833936786,130.20287432851006
0.9973623677440591,0.685622229016873,0.15916509312260094,0.09579819329048118,57.36372658144751
0.9986777438304627,0.4630977243455122,0.7674606326643094,0.04140231538568702,140.40907768962626
1.0002251328255558,0.6632423608640241,0.3668392729746993,0.03744646199725054,85.83511455498086
0.9993615767536936,0.27428710968760106,0.7676416049250608,0.04420343605662953,108.18834579308833
1.002396136438675,0.6196439370104543,0.9641024939601845,0.08469337322665452,207.98853122992293
1.0026810321902806,0.3386542603864986,0.41027993978017735,0.05979648307808852,69.81062589064322
0.9959111212219081,0.5840023004383919,0.19415237637875155,0.07096682907022095,51.472361153379836
0.9962373902352417,0.9541439760411368,0.6526246862984261,0.0695776536941767,180.46196986428413
0.999583283711198,0.2851877783660225,0.03430755618645637,0.0781891064767655,14.945964949694485
1.0001732456634338,0.8169521184179376,0.7877197126137864,0.06394252853352007,195.92332651474595
1.0009548422158963,0.6815170262423225,0.10101316560520882,0.07737055915246403,42.93162208372382
0.9994495282993335,0.37223635471636596,0.5867418936719462,0.06413684382793422,100.55497369744717
1.0008855924464872,0.7739881533702964,0.6408191825738244,0.08129597080747088,163.13214756259038
1.0006609149426664,0.5244345074321239,0.8944847910405128,0.05488336796164531,174.9795893453383
0.9981535917671486,0.37290599828741455,0.673672354465405,0.06768823362975022,114.14244624130748
0.9992983442482,0.22128652322407044,0.46919454914504694,0.06510398185280994,62.12099723868454
0.995943791197069,0.9271737389292021,0.8622810264486606,0.06552387420494475,224.93805278138544
0.996607226660333,0.9775854875428549,0.7422022193272078,0.027706098621686614,194.04451916014023
1.0015609921822104,0.8758518834049984,0.9222873813355243,0.02510150997145094,226.00215558853535
0.9983302570328355,0.3915571507193059,0.8714425533206669,0.04890397826975411,146.29869912632466
0.9999806641275615,0.608805360335519,0.592556853084923,0.06860573822337322,132.29297507491003
1.0011788696538064,0.7778186154778466,0.8132671217591053,0.07935826857275109,200.37911116493046
1.0050190479778696,0.4483125761575001,0.3416713281021406,0.042669052879442684,67.71430782841873
1.0018608269199858,0.47820605677582473,0.897815771474786,0.05751993955805847,168.81769772768035
1.0044406594933395,0.27832205033395874,0.23057055225925815,0.024650220943997898,35.83530118952439
1.0035318716305428,0.8139654072136406,0.6435587479774931,0.059292223793169826,164.22368318067078
0.9991744515128873,0.23204024448117358,0.6021285273933802,0.04285734772694873,78.68913403632303
0.9960705314110649,0.8989511382454298,0.465253118902129,0.09694559806712708,138.64047724454576
1.0037646374410734,0.7967217001121236,0.35706103033555625,0.08374596738720487,105.23289422680989
1.0021836756921907,0.5509066749945082,0.6363946173918504,0.08483321097452767,136.55838163972993
1.0004096234753774,0.5169533649504299,0.07867139523365682,0.08631453107266442,33.49350807518141
1.0006293187895643,1.0887350869004775,0.12690630772471057,0.0746801126570714,65.66600875174902
0.997083971470477,0.22405024082113353,0.46730260508809385,0.025872252336733334,58.900097500548156
0.9993886287528903,0.886795725802056,0.9699563337755235,0.06472358215679004,244.5820416059841
1.0028332987680135,0.7965299723374941,0.8411298705306028,0.05414233295623175,203.82927624460268
0.9967736694587532,0.9282990371929265,0.5373540955578964,0.08345086957813247,154.94750315477273
0.9973538837876359,0.2489101587876919,0.9711652755976078,0.0562159728140314,129.29827145085676
0.9983409491876908,0.6694459533837265,0.8881693886346637,0.07870788342541359,199.767528313922
0.9969088059533893,1.0829068195344007,0.16209329685371843,0.02680309867619978,52.64055038404666
1.0004211924678197,0.8964552267465751,0.4133720805068776,0.054397475994206065,116.58684954874929
1.0010973317794076,0.8283159021487023,0.4339202111145485,0.07520308093647259,121.520593244297
0.9987143674026067,0.8741523565702742,0.09035120342190617,0.09374274075612973,56.02867310555598
0.9974648048339888,0.7320350343477897,0.8772922870654765,0.07674745336635731,205.2919248046324
0.9985257814137218,0.751264291079702,0.7164349111481262,0.07307998991041051,174.31757230532668
0.999410548812062,0.4348342555702167,0.9876998409183944,0.06333693571534985,174.95910162214798
0.9986341121420292,0.7644586823728234,0.5045054239746803,0.044985857835493075,124.15884395641456
1.000810010721117,0.4133643890578935,0.8429831125718354,0.09546152309747363,151.60571008504746
0.9999550578035323,0.3178140034015784,0.2978598586037944,0.06595780386695889,50.78388171000097
0.9961769722018755,0.9513010536630513,0.3395090808971963,0.035679079491141616,95.41188209820854
0.9995934527369631,0.8855155089695217,0.5355204620341665,0.03730887871040889,139.946037406624
0.9989239153896778,0.7569331493862201,0.7012565823155051,0.05483727541372427,167.90601249637274
1.0005936159230686,0.43488184696282883,0.5498761522003992,0.027094052527580247,98.39144703455992
0.99674235480282,0.256064524551042,0.9195773443717747,0.0901640337864379,126.43781692976097
0.999695208484809,0.581968601491727,0.830646413667733,0.07514795748308863,174.54892644436106
1.0014741066491304,1.0225419807936933,0.8164066925920657,0.0375330030764544,220.24745934780722
0.9989401889567293,1.062011250215477,0.6538390958061953,0.04965806732314307,186.20611784414754
1.002870930429569,0.4222966991372691,0.13323990166491126,0.04671115067731806,30.76632958419964
0.9973945745968579,0.4131361022496651,0.43908267847607024,0.07748745320921326,82.79115179717314
1.0001005108201633,1.037444224558135,0.6550867136858692,0.0893895404787704,195.80604979539746
1.0012100151770351,0.7272360239056546,0.5954879699340011,0.07553294746186877,147.68137850813082
0.996799246134086,0.49909213789551427,0.0746220392603566,0.0449919245726515,20.943662576563725
1.0016549583554621,0.3203415156814481,0.8158509373372016,0.03962126658379047,124.55011888078758
0.9949699805842215,0.9414239512321656,0.53221484085709,0.07855446635098752,152.7582595374667
1.0017819522001465,0.3868206991794967,0.8481824400972925,0.07465169378834707,145.42051727221389
0.9986850608538955,0.844632998752197,0.4135299603770436,0.07578743072583691,117.47103755994857
0.999405238635295,0.988885579023864,0.5444076114828482,0.08073688053575195,161.78295135384565
0.9989990576041026,0.6430853252902216,0.8362043529902925,0.05314253842696065,181.34703070001422
0.9998398234308609,0.20778508697553472,0.4529915250412683,0.06815900139172665,58.54977168322131
0.9960032373764347,0.8340365916703314,0.9235973361334961,0.09914418256109334,233.030238827712
0.9989893109337086,1.0186874433931041,0.5871239631739609,0.03682460807392654,163.1043674813924
0.999809282875499,0.2998616881665656,0.17496972809145447,0.07844000045792571,33.31786531990889
1.0005419075206468,0.7345551223931184,0.06797281375160455,0.0989998213127248,48.378266892878855
1.0014078579615047,0.656584004329736,0.6034694099444172,0.08062102040122698,141.86437815599703
0.9968500224855955,0.25424520013165103,0.9258937606787809,0.029184911513027805,122.60684279733937
0.9964827008614918,0.498683296431002,0.9129192130849245,0.06739131916951259,174.35519761459616
0.9957490751544645,0.4674757312149867,0.6235501517748708,0.05459741013965334,116.87518460884934
1.0016347271168689,0.8219340410401319,0.29241930378064324,0.0939341652190694,94.91475210322608
1.0012132741003241,0.6660550028369172,0.4395334086843522,0.02339670159900602,98.96679584974703
0.9973783919295653,0.9470390338178911,0.15957104758778928,0.07172380046693648,63.70061207893514
0.9973804741700006,1.0381403227481214,0.9266820590633794,0.04359744194515509,248.1035335454292
0.9982596550740184,0.3156046588079257,0.8537119869974324,0.06084211645783097,129.55077043820347
0.9954773174301528,0.8186882928396868,0.5184314083191571,0.05730448699181691,133.62635849515777
0.9991139434490457,0.8439917591067592,0.1071781689401651,0.06906040106684294,47.75771380682835
0.9992113562984152,0.4274396850719464,0.44997456826230825,0.021732002457308174,79.67913255517203
0.9989797318313202,0.80173387635215,0.7615429317890939,0.04209782597859547,183.98675419563781
1.0017045893806427,0.25671680812038317,0.2262082496521126,0.03523769647805795,33.66868966365689
1.0022324651701244,0.20833778350869708,0.9465697975494862,0.05369326577434247,116.78378430929405
0.9977226970146491,0.2229386325783505,0.6037170090093615,0.020866843699347024,75.30962834946894
1.0038809816833911,0.9256253224033892,0.4343618686840928,0.034496216426168194,119.47437131399005
0.9996070546765414,0.6169788642466427,0.13587981293269227,0.09755889188931655,50.582252794548026
0.9983851690073409,1.0132719738004574,0.39306518540423563,0.09191692366278412,130.40845394705485
1.0058700092156887,0.36810863179303854,0.3045536840911986,0.09459066990201308,62.0110464762011
0.9997752658525589,0.24740684404432656,0.8604478751401323,0.03862115493642167,114.25609651039923
0.9992786834000607,0.8892037101964259,0.8619836819254034,0.04051482071126743,216.0471641802131
0.9994287620281763,1.0903014481800481,0.7127947061287947,0.050707177649028615,204.13555996305922
0.9980982835619142,0.6436417302792541,0.4540662499092141,0.02921450400019559,100.14900322853373
1.0011170354130075,0.459679216133282,0.7812133270508893,0.09400258230385959,149.6362556762482
1.0006708881882327,0.2830211309217328,0.4393124741660764,0.03142237664871135,64.22211943633101
0.9993202699744282,0.9312435866950639,0.6934600967699632,0.020585695444997637,176.99638666199093
0.9987130481180432,0.20994594666702887,0.487081318862838,0.04894612624203848,61.2876412196801
1.001533162144462,1.0820378193803106,0.4359411764441999,0.048471342692851846,133.51825644221918
0.9987796538486182,0.2971000543129269,0.6908964117214739,0.030467607477312583,100.78989192141097
0.996665004873743,0.6739293362973268,0.7446727073343744,0.04144717025497846,164.501562635355
0.9989039619615743,1.0958409576639185,0.05303489020947867,0.09359771575423763,64.28925974932531
0.9990386258331115,0.9675180257957976,0.43703446245592203,0.07360301772979957,132.15075285270115
0.9984253044150851,0.6407419777494934,0.43924032254046447,0.028787137636269975,96.75018250170103
0.999402480631461,0.6684051400826274,0.47042574021239825,0.08827464085372275,117.41593457889667
1.0008930380943488,1.0116794400865312,0.6086892852919245,0.022440785180215413,165.07903076358582
1.000520867970229,0.635262014039335,0.6900809100852237,0.058825133423935375,152.7530752435183
0.9973956315152347,1.025407877371465,0.2921107418263434,0.038442425214679624,88.6515649474166
1.0043773397366225,0.35311458893180453,0.877847101702609,0.0994520291053814,146.77877884467256
0.9967972083044103,0.9310522794715803,0.012702937238626444,0.057497712041882254,32.32627456549915
1.0007354141656022,1.0060912077908086,0.4044509699030626,0.07689799991611776,128.78051107172394
0.9995439055983878,0.5337017567089221,0.41260133882530353,0.0346430237137891,84.25103227661691
0.9999775990822075,0.39538349617942914,0.7974554733987705,0.05928777310374936,136.8941641981985
0.9975750998359635,0.9987637320708607,0.261973945572756,0.04190175604901009,80.85393052001638
1.0026184735178607,1.0684985774637368,0.24708348636739633,0.07108514730274305,92.68580351555818
0.9961763896904364,0.7679148483096097,0.17737044602320348,0.0474187444853767,51.632310311213814
1.0004849754323744,0.4292108917739147,0.8346412724136779,0.02928518520410856,145.3456175256955
0.9962947374854355,0.6727182410515637,0.8989984806677084,0.0776250212107479,201.00999012593326
0.9975629926646884,0.6461357669826229,0.7436092365799413,0.03665933790122429,160.14825821691574
1.0014648641018413,1.0202070713349183,0.8608109790160274,0.061326970450057666,236.12606280137314
0.9999317691856957,0.433046785875973,0.8887291296893838,0.09657376050119833,162.7314622787262
0.9978379896562967,0.7748479579624288,0.3150066134273362,0.09083674463261589,94.02869327137319
0.9974006977253784,0.41821380268984015,0.9078004156544572,0.09509067571787691,161.74746409788298
0.9972881083015985,0.4376241633882953,0.934804054396695,0.051494721296005186,165.08395917843828
0.999238123188516,0.6481668612070409,0.8720528769640092,0.07428695483143409,192.46910007660412
0.9971734525904808,1.0245663220488532,0.5869485407472272,0.04390018325662981,164.70808590293893
0.9972365870342601,0.5854152967158905,0.3812404371112479,0.056578949132467984,85.42163912432028
1.0005380871890868,0.5199689877785593,0.30537097074035874,0.05734813819903638,67.39665638590026
1.0009072318159156,0.6604742359040745,0.2721167067717855,0.05067338167569249,69.00245047154527
1.002579232819192,1.0574151985860432,0.9696607697765753,0.07089580365950131,268.57362297630783
1.0016060982878947,0.8901734300602107,0.3650473661025389,0.09910124368450697,117.53587866990699
0.9977384971497567,0.33687216423332417,0.885199870702909,0.0963701698331623,141.58028336406034
0.9985401553403662,1.0829915898258358,0.0741979547397666,0.035068869631790275,33.97576432774861
0.9970503531475801,0.3450492592058635,0.9114063067820073,0.0605726707659804,143.71790093746512
1.001906081125226,0.32090850732115406,0.7833717612692621,0.07005533692583356,122.72648377221981
1.0057914979536173,0.3684607949476437,0.4736300685600993,0.04420872131107975,82.09280874094247
0.9976132004770041,1.091968757599346,0.8235295722220666,0.02342094074612967,224.2421101781904
0.9998301417704069,0.43554702916374155,0.4926460621244873,0.03491770837817833,89.70002468384837
0.9990751995265486,0.700085000992082,0.27140143920666937,0.03988465255155916,68.03970293551947
1.0000365584035218,0.9021980543096213,0.09541713535075104,0.09215582959650599,58.247153393159294
0.9993844040934141,0.8312052279563034,0.15105321597948188,0.07213309852495133,57.39877106120599
1.0035595782238784,0.9981125509606661,0.9277664297120958,0.09283523886476831,256.29538392899195
1.0006386678136663,0.3630021644872301,0.6310553080362491,0.05015354180115453,104.98531319094991
1.0004624800893593,0.6864940825527073,0.8763193786311585,0.09694474981519488,203.46778039571427
1.0020799256949013,1.0332093123461266,0.6766818346568206,0.09723625246858934,203.08409955384832
1.0009174444656965,0.40313220811028805,0.7929156667079358,0.07833794693863494,139.81656893121158
1.002720134841148,1.0184602595089491,0.05902828616570676,0.07416089634844233,51.317727844425576
1.0010067185758007,1.036081856427546,0.043800752883099134,0.02985372454314652,24.751135495134008
0.9959522030514552,1.0622191379708434,0.07524454455294435,0.076313950581324,52.986733816755816
0.9998699610904532,0.29118697397861276,0.08074520420360955,0.03802639030747815,15.365187266807652
1.001416814407333,0.6841745091350119,0.3132783094871392,0.09155389247964782,88.34999645102465
1.0015857742001828,0.4593295982461186,0.6262752382759857,0.06700844829916122,120.10657532717642
0.9963962131971388,0.5063735623872594,0.058843034426537745,0.09716929608848021,31.294965188869014
1.0005671927286781,0.6610591696637631,0.27664342623757265,0.07450997300317849,75.25509756883406
0.9994484574418481,0.5917540312113835,0.4588933412511457,0.04057656588364224,99.13163570838378
1.0032630995487932,0.39658319722863455,0.06811730136691449,0.08099773641231595,26.168281048710753
1.000099087306111,0.9610898470934737,0.05466666155864445,0.07219225036808381,45.83468800061837
0.998647507434574,0.6333120665982739,0.36091749834229664,0.034862732488685766,81.45067123077376
1.0011785540715872,0.20805583981323209,0.6872113494826477,0.09531874948699276,88.45228746706454
1.0012884441266385,0.8364233987050986,0.9346633183148617,0.044408749358846616,227.1399553887146
0.999401600040217,0.9768102437558173,0.45270911540613057,0.08176612356853367,139.6295140731546
1.0009662989650716,0.3665448629190279,0.04333593252967079,0.07148361468070553,19.009495344215793
1.001884968035998,0.2528962837998023,0.38963914975790764,0.08861151516132465,59.12383291956155
1.003124614657171,0.2006017575990034,0.6833795947026389,0.071395429633977,85.47417723568947
0.9996005780952855,0.6684979435848775,0.6048548093197248,0.08402746742471434,144.17465093649338
0.9982184383743787,1.041748172236721,0.8920437894352385,0.08458182891502285,250.18889315059673
0.9980817504523009,0.6129640771808814,0.5125225081394091,0.06020304138816328,114.7711161669016
0.9992991876196462,0.3665654975558371,0.8655311508488188,0.08242728118039941,144.0237431594731
1.0026149462428835,0.37242110735738876,0.15525648975814907,0.04374797593720899,31.42442405944979
0.9993008832835709,0.25727780392156285,0.41770794753851276,0.0403744790952405,58.518918232563465
1.0035599530526156,1.0170344411183554,0.8725471776992219,0.06204249129484726,239.3370538846414
0.9980636839207131,0.34456490973817444,0.15529956782262316,0.03672548848460305,27.518240223677026
0.9982453977713798,0.6161656534705788,0.4121523483847207,0.05040007558431759,93.47540879273583
0.996616627263671,0.454382375310923,0.7795797576238465,0.09783434895876449,147.4606636430729
0.9982642597653996,0.7225099227333325,0.9313600672533927,0.05067969665593376,211.07097170915657
1.0000049000152604,0.7448438495470346,0.4553788257313939,0.08083858483253611,120.17748374384036
0.9994484824747406,0.5238007052066624,0.33401025646234056,0.0320457185669917,68.45373370400682
1.0013100584592118,0.3355047124504247,0.7120559654502735,0.027192372800807503,110.98164713121446
0.999193264959029,0.9687554268096064,0.2479343078844967,0.022709784353713375,70.57596651497761
0.9995559609684374,1.0390460032786892,0.33205409605854735,0.07422328812682898,111.98494634179048
0.9946678921004541,0.22640958148844845,0.270711881656316,0.06499941245077012,36.75177967800198
0.9985311062768178,1.0898879104377257,0.695074004224859,0.08036017105882583,207.55456658192546
1.0020880932394423,0.908704370972824,0.366240133632348,0.042511765357579834,103.42664831313397
1.000517305900134,0.20723501516553597,0.7247811133161731,0.02479456687347728,88.06184827969025
1.0007049541718065,0.6153592348940439,0.11114416101923555,0.08769944947293037,44.12851184255976
1.0003647651566636,0.6827741200001015,0.10975914960555996,0.09971628848249306,51.16382005871327
0.9985595253380991,0.4081294519854445,0.9063438278168123,0.04006616619399738,154.21787479679102
0.9981762490428647,0.706575436327604,0.23539964933380114,0.059194708022874715,64.91058353929407
1.0015946149545023,1.0129627342555203,0.3126991887293604,0.05504639617213361,99.99559335220295
1.000025466265031,0.5510020782829226,0.8182619883432236,0.05177094671710425,164.656872983331
1.000751937506761,0.52044817508766,0.5770435319746972,0.03246147756045803,113.86312509922533
0.9979364553359811,0.9536498339791037,0.05952110104877453,0.0903526801524434,54.36291006787303
1.000786182003565,0.9522323786727029,0.07343906587908956,0.046620309008217536,36.58334520063579
0.9987514996099998,0.47484960537874604,0.22329247324362467,0.024001986462734593,43.656740172571915
0.9985615495126136,0.9589000825297682,0.014878596605946669,0.06610807208328816,39.58573756881901
1.0031400004756408,0.6882052746353619,0.2938291209842799,0.040798198978937134,73.91717940945023
0.9955087299232752,0.8925352251639453,0.5305939618966552,0.0836659553273895,149.51546906760416
0.9986443597308474,0.6397515412440268,0.2753420369913742,0.08663842997043673,75.22179890253295
0.9997414744970848,0.29947178006354547,0.9275382792872146,0.040520558232443264,135.42009702823367
1.0019125226864825,0.9916796385181166,0.8913352934429792,0.09854877612222193,248.72423002274425
0.9977125334205987,0.5952302753807848,0.9764684499969598,0.02455386509742116,196.49186794764438
0.999200126869403,0.7788684794584486,0.8123117910699874,0.08903523631131902,200.88041714832585
1.0025285471371266,0.2016672454691784,0.2084739594949684,0.07860239317931061,30.915751673348723
1.0010385417225083,0.44901512145991324,0.73760404309526,0.0454414163754015,134.6067537608372
0.9982805290642008,0.9751531475698949,0.702537917595442,0.0698181912111982,195.17292473589643
0.9981741359575563,0.7543705518998052,0.11763218173526177,0.09200701051258182,52.97179945357834
1.0004865423461942,0.9634221436058832,0.10273350409006898,0.09262150958342132,63.13984340621482
1.0000101028344046,0.7187058012378633,0.22189741392950185,0.07380262659335113,67.0151727439063
1.0026356416267344,0.6035817458617232,0.8316875079098985,0.025404168701865144,171.7010434253683
1.0000433146771799,1.0736267409682487,0.8139944999222196,0.060624832707619036,229.9093293936292
1.0006302782271856,0.8448110044599333,0.4128715187529268,0.09056992219717404,122.08744524924543
1.0001406751790782,0.5491294777329454,0.9712040276741503,0.07174223041287495,194.9463935279567
1.0011869018545256,0.9000470951957642,0.7207180508696909,0.07537051519684472,193.46156774657857
0.9950644218179496,1.0899646753969636,0.8187510032598975,0.0270454967172841,223.1646768063642
1.0020681232383564,0.9677696372324736,0.6635649382748305,0.06855273354177575,185.79809249049393
0.9985500605584228,0.49305745344458934,0.7123933830053983,0.08972634182063981,141.52608079086116
0.9961590063172495,1.094025358452732,0.273852880866525,0.082713069168921,102.4844819314161
0.9985285969401743,1.0856372108732857,0.42744577110860765,0.09002088909249323,143.68622950571455
0.9986054803551694,0.39032271861194234,0.6707824706190358,0.09451012629346295,119.49739665874773
1.0002076436875333,0.8584439649201423,0.3455350123600298,0.028755451780417503,91.31688428723987
0.9999278428126315,0.33148017042324496,0.44877787494120974,0.08685935983719187,76.77857260346877
1.0009008302037083,0.29839186427835,0.8152893227129319,0.05357199104752765,120.85916443190729
0.9974468631237947,0.847619101815974,0.7918897301154135,0.04661339802308055,196.22934993120546
1.003319850334958,0.3416830091739192,0.7363906603896176,0.03906910808232926,117.43399051887053
1.0037351395382927,0.540464774251916,0.866587612868284,0.06654979701806422,175.0548946354729
0.9989136937222065,0.665633894059677,0.6100194504058493,0.07137922730367066,142.16730846867495
1.002197972294779,0.20693149887179363,0.9891357184644477,0.09782141676663074,123.79676486481685
0.9996995128247015,0.6617108725433032,0.7515790220063927,0.07442537696726895,170.47871728506124
0.9988966112821868,0.8728805915819966,0.24819530286976255,0.0400299305436385,71.44047127679801
0.9994604035139546,0.6886373344000958,0.025549310281325,0.04009290610890466,18.303879663257817
0.9972685740053422,0.9645290101873305,0.08060539253315344,0.0785753865124046,51.255625207573075
1.001095028476365,0.8889116617548665,0.9976095423432293,0.0349640670696906,245.67565752664802
0.9981117999415007,0.7773596624878327,0.16472080062155933,0.0921303460056266,63.13647377716984
0.9997485336603293,0.3829360218484812,0.1092741042030809,0.08127447925626122,29.359046618069954
0.9952021238730129,0.33263786928806627,0.07911650234130221,0.056450882231414576,17.00112920073485
0.9978717446844874,0.2575231853933785,0.8146063151185747,0.04722777916259474,110.76774427881764
1.0011996748518783,0.5093170421961826,0.2354916066220821,0.07803013731565789,57.83676541520066
0.9941236853359662,0.7034023966307528,0.15629598195289454,0.0957584186924393,56.47958323626392
1.0006944580953974,0.9613649839626699,0.6794995872214198,0.038122463638627424,181.36142092995937
0.9987691560196913,0.6791067538087018,0.3877105915365199,0.023397807162904353,87.90008309280478
0.999507441749772,0.8650816330331517,0.9062996552363484,0.04831674818081316,224.41269088305586
1.0004624419173824,0.5747925518537438,0.8415408384962688,0.09682604982572605,179.09685297464847
0.9953656852461584,0.7200996923011149,0.8119448769949326,0.04792388124988783,184.71179922932686
0.9998071697895258,0.91284333934942,0.5253368554138363,0.08762461068050116,152.59598314159786
0.9997342848727204,0.7419021914648125,0.2676472730087836,0.044010082480019225,70.60926534511714
0.9982700824740122,0.9726623665932106,0.43855624668425097,0.03794772814798634,122.54628991704993
0.9995292485204469,1.0805620951334065,0.4654359759568083,0.086289788104468,151.99706873638854
1.0015574793974444,0.9335097565269774,0.24245533282406156,0.041583154995881826,74.31642865443979
0.9982889370161506,0.5641770036935816,0.5711285527172397,0.08688621212897989,125.28295635445198
0.9971136226187901,0.9164602251224305,0.6640895302461625,0.051384898385933686,175.0936290564626
1.0027411797012051,0.513351675892993,0.2067863043897354,0.05766134517934181,49.80813848990698
1.0008950471206344,0.8465637356195115,0.44409195280886943,0.08472122581339851,127.84831730514821
0.9999596918979459,0.48777361538103853,0.4464306886365882,0.07279912910120732,92.49063799034013
0.9978871893150693,0.7424561565942838,0.13170457621380377,0.09458461704209488,55.568227245155015
1.0021452971343576,0.4641090316441522,0.8796334827120962,0.046830797001856106,161.29237217623717
0.99670347378185,0.26650714611980053,0.3337914612455788,0.09375689299584852,52.16611251910541
1.0007831087002994,0.8665759266570225,0.7982090093335816,0.03923974315204813,199.50980981662153
0.9993198984041457,0.34461806004376205,0.3130702352618644,0.05788975411247532,54.392220245736496
0.9987855374473426,1.0827167779540887,0.5179932674085578,0.06628157110570249,158.73993991551401
0.9991365792714474,0.79271381314914,0.10330791501861761,0.08440967757432333,50.32401648576422
0.9997655356600946,0.3459725065989212,0.13620172041943768,0.06032952713086932,28.30894278681734
0.9982333618105909,0.8914406981220777,0.5324707610250603,0.04395274589821325,140.7209634988389
1.0021102198061627,0.9482761802184727,0.4266451482291015,0.04222345592689418,120.64072484182765
0.998938419782365,0.9937507338266349,0.4905653164943549,0.09539286136396821,153.52080823076744
1.001274324108435,0.27822680183174653,0.8008722097325567,0.08447283087667808,117.29037483324299
1.0008394621969428,0.4416116681122171,0.4442007584192808,0.09705058110384918,90.66212508370671
1.0013396811433195,0.8353934160700245,0.310916846997464,0.09862896563943216,101.24736230455648
1.001625318867922,0.7376359548124907,0.9253148806239208,0.053120136742387636,213.35840408034295
0.9947042812286979,0.8263174909322704,0.4846405727827221,0.08287773859006575,132.44794533417598
1.001204934845956,0.8910975340391218,0.6340992011395203,0.06616007728942754,171.04409286728696
0.9957852932491061,1.0971692252437224,0.1483537951065149,0.07009195583385074,66.56888490295944
0.9958078224539341,0.9440099586891946,0.7057567623471751,0.05933959652944741,189.13244369431578
1.0011415583601582,0.5979036518953036,0.06117277595831104,0.09110343170952168,37.48109508626885
0.9987035709547489,0.472198836104947,0.6013833397174849,0.03007189160551616,111.6073195451043
0.9996586151609396,0.380728776570442,0.20174000497331704,0.030121711990504244,36.407268683911866
1.000341587727651,0.6562004943547654,0.2924459512665019,0.04343236858874531,71.09704068835742
0.9986667135068289,1.0756142111388882,0.7074459138997683,0.05151182653354221,201.83085963499278
0.9978616403376246,0.73145870103032,0.22837455302804066,0.033186374409667985,58.15617810684
0.9965722704775419,0.31777003245218133,0.046108069744198746,0.0630814423974975,13.526714037802378
1.0003047754525745,1.0862822094463518,0.8341746036130672,0.04495001447084951,232.52029048021868
0.9992371981767949,0.8077109008630201,0.1400186176782103,0.061261053414295774,50.35078837383588
1.003726107507874,0.2150087592829665,0.8040451423593742,0.02972198363577079,100.69509035391974
0.9985431948324923,0.5106885448693128,0.2638452320913683,0.028669652434123255,53.517531917074734
0.9979208286676858,0.3700648033086188,0.8155723999687924,0.07623031798257922,136.005313473252
1.0013526946692268,0.4295750517008483,0.6168079873385405,0.059689980238649076,113.43621303264013
0.9961402407929295,0.4508291496801776,0.35987116069362907,0.058752969562666485,70.30248429452206
0.9999500668632948,0.7701447743591843,0.0980483794663249,0.025097973325842106,29.262163471709812
0.9971258640614037,0.3224353959792195,0.7890906624388757,0.049791767374624596,120.33425111196766
1.0001042203045785,0.8248370962825922,0.5994409213911922,0.05202359943330988,152.95022844430122
0.9994926536041205,1.0999633456940054,0.6543259333046707,0.04012991819107731,187.8651215397057
1.0006479336829608,0.6824364803343828,0.342263432198821,0.06586026511518238,88.04421961696755
1.000368675454233,0.39946324768607644,0.9262029056024584,0.03270240562394406,155.42567042553173
0.997908852584792,0.6637354017620576,0.9568779516583721,0.05324557800157692,207.93971167908907
1.0023516276504751,0.6466366217402295,0.3641261077210151,0.06881372586472631,91.22335339638062
0.9934680816773832,0.7357725599966287,0.04879822244214437,0.027324624838126158,15.894970975064155
1.0003302056646581,0.9796057132819205,0.4160250281061898,0.027607718792923067,115.29581055155455
0.9992120647703449,0.5570137585593806,0.2916048497189265,0.059063044422465,67.1927814315008
0.9979661213801984,0.8878721473196314,0.12411873677164555,0.04695245497794437,44.73734841775848
0.9982920054068818,0.4977271899487467,0.8724598869910939,0.059238147973212446,166.2764412115917
0.9971171333674487,0.8695389838843204,0.34959276815419643,0.045654684911620384,96.28569481374223
1.0006898240181519,0.39984040718912006,0.47773303097682424,0.023457751737929293,82.24949273036214
1.0015393165540574,0.7708102988008121,0.16630700119329994,0.026409253610307735,45.67856375011445
1.0000501021241262,0.6029179919321621,0.12571199804517977,0.04449951700342965,35.04192976890897
0.9951390078562068,0.465079077181915,0.3227432647285624,0.051617342134556446,63.51321189837489
1.000707397166413,0.9457408839141739,0.9468079448397184,0.020570403741466903,238.77579515568965
0.9946498037482924,0.7049093718869619,0.9903546210933554,0.07462960022924706,222.8590480294194
1.0042265234369152,1.0531374071830608,0.5330253306583262,0.02173473629645206,149.3950812733247
0.9987786450621907,1.0045305282058483,0.4132290708501909,0.07315659426985929,128.81992522000144
1.0002113215151491,0.34766973168861515,0.2224462581455829,0.05207317199278312,40.49687990524012
0.9988340982742423,1.0860187656525064,0.7862119775719619,0.0678265356178207,225.90201518967888
0.9991012699321772,0.6421316395936802,0.3864907717533042,0.03377315190983567,87.1815643631179
1.0003412660173632,0.8382095395792266,0.3098123963472407,0.04596598673059815,86.29777682031425
0.9982478401467314,0.2905194688384485,0.03485194811244999,0.0787025611373252,14.562940172621097
1.0035621847849474,0.20403955698232776,0.7322646477530745,0.09215729489277508,93.24579711992692
1.0009569064360417,1.009069016662079,0.34881703344360737,0.03906894338425631,103.61315578870506
1.0032070247492892,0.4176318788787441,0.5235969313655763,0.0840887069005584,100.13900247537191
0.9986369026853492,0.8181847345951991,0.04668854507465204,0.03539220372557164,22.197330223315078
0.9974122395062094,0.7839557043152166,0.6186152739682852,0.07403468094390785,156.7073329978498
0.999996129361081,0.23127801740246096,0.4543659385703322,0.07995555682306468,63.216187941533974
0.9989086762498627,0.42903407013764305,0.8238512871669762,0.04998064782268437,145.7691057814444
1.0015269121582084,0.23288663326245979,0.8333028317274233,0.03527672890169649,107.84943472428841
0.9985517659240025,0.8734075425576251,0.09410406743427026,0.0320066422550704,32.55895523903712
0.9998815059662433,0.4830768614418633,0.6377040368780278,0.041175504111519795,121.20020991757167
1.0024750221009262,0.9235539879715886,0.03818985239802376,0.0450361356141333,29.788456723118202
1.0014897214790006,0.9924333795917999,0.7737040949602579,0.0398311373168921,207.94361155888038
1.0003417211012358,0.2330674622124621,0.6763705968885195,0.020131913288867497,87.03904488918778
0.9968337874085522,0.9203421093885027,0.3608766455188244,0.036669631483227806,99.47903693713408
1.0018691608960903,1.0241182165202292,0.9876804392459267,0.03363129306288022,260.41848778094027
0.9986934795639916,0.8825529545430357,0.9568370328441957,0.03696625754311855,235.6032109587456
0.9973357554801034,0.7753000221743451,0.2781899068331008,0.09116054133860699,86.39353957584746
0.9994425228216733,0.4975923037047956,0.622422360990298,0.06382158785219177,123.3532180473535
0.9982584903241704,0.7441494415663383,0.6357707747901785,0.07426126492270166,156.3851918329297
0.9994667396890898,0.7927357447288452,0.39762243010939624,0.06914413972741282,108.67548466030252
1.0013580143843697,0.8757973846339933,0.2568592649298233,0.08128449927243173,86.85700833097582
1.0016850941656468,0.8706159470981343,0.7178457295220767,0.056171469768881516,185.88710936809238
0.999160593819641,0.4854804126927498,0.9207863948292682,0.04807570791928553,171.95613357275118
0.9993132629111847,0.7239748798913637,0.543716002178209,0.07497632547013797,135.6826017646876
0.9977655574352348,0.944024596997463,0.6122996432674137,0.09076025294805837,175.79118285570826
0.9972392193233729,0.7836084159939547,0.9098257485266049,0.060960419754369985,216.6845887056809
0.9976998854873051,0.47171406002486593,0.6101267773597785,0.0625846023601191,116.88005564176251
1.0000783210245647,0.3297294507464169,0.8248737038280356,0.03984796190780988,127.03268867492937
1.0005373712802916,0.9362329161413137,0.9825074107084164,0.03390198953709046,248.10708601988563
1.0008946334558155,0.3144856005888144,0.24993956535454398,0.03155634854977867,40.370967361966905
1.0033246245538125,0.4216008801529559,0.3752613602704192,0.09658363823139357,77.9117153444891
0.9990730629592782,0.23246056671764184,0.5216997386931554,0.04189992129477563,68.55148096486766
1.002229369175149,0.6289068364183761,0.5039758630054425,0.046409885789550506,113.48168439910978
0.9986958230449238,0.9697286523203938,0.2112193422896247,0.06729674217221888,75.70963126555506
0.9990956875110718,0.4114397664531484,0.12925951282783615,0.06594387078484089,31.177905157710313
0.9986453046473919,0.3925155296790094,0.49946103233801925,0.08474352657555691,91.36892384642778
0.9998184140719169,1.095618021376132,0.5261632529579325,0.07581869133922632,165.31197521168548
0.9980772058564907,0.20293443566137173,0.3604144831980215,0.03638731535528811,44.32375742334574
1.004018803618226,0.9753507987773657,0.7875421691699567,0.033540836243483536,208.78679172369309
1.0024009722583882,0.2136533293631209,0.6039800396032288,0.0758599634058107,78.92288962195533
1.0000089332525697,0.3155524202070068,0.4823397362648618,0.022173393379398255,73.2228022193126
0.996186659152534,0.8689375725307069,0.5043224963503555,0.08914695269622144,142.981748854501
1.0001327026062488,0.2422093410010098,0.13092369114993022,0.04030855225139879,20.320359269905225
1.0011956887424938,0.9089403748950247,0.5099419341475228,0.06266679200265882,142.69925317910872
0.9995282557882462,0.754967062765801,0.9114462655581549,0.043482212276336744,210.49956226097342
0.9979855100946694,0.5379784763559459,0.7903630424836238,0.035083387912752964,155.0240394238757
1.0004786974638777,0.4059362605770527,0.015658610160584133,0.023475952011827568,7.106830290058838
0.9998906982752713,0.473363124759806,0.563501366978509,0.09417695688159951,114.42689895845626
1.0032888737499903,0.4609356386362017,0.03598525598475846,0.08604888900540716,28.006478810339445
1.0004843391794085,0.4364835595213596,0.8141937471519328,0.02881690454018126,143.1224473143024
0.9999680383154917,0.5479438919321555,0.6920170476670868,0.09190103859477732,146.58174951785622
1.0006566935183487,0.9614029282055108,0.9233581277763111,0.044843011602063526,240.1209344121696
1.0016842699037014,0.5519852050705432,0.4828379218191211,0.04335205473567387,101.50300263665724
1.0000661844275998,0.9603588089490604,0.4978458553497113,0.07436304909628176,146.91266672917016
0.9996753788074053,0.7465342860009834,0.8206010250930816,0.05683289614299719,192.79988052161832
1.001281840182416,0.9412812161033075,0.4806358243622527,0.03164203440746485,130.02194070937037
0.999550909661443,0.48067331650142675,0.19293730999315714,0.03259074739590823,40.133222040272585
1.0012998901837522,0.7467491827956427,0.5407200679420856,0.03756898838299393,130.0057273759249
0.9985588616307407,0.7268772213099188,0.9240591896571803,0.05570120479446167,211.38992603875016
0.9993764934751306,0.5625863233699107,0.9638275235663548,0.09383590662113829,198.9658754547943
1.0029591160186304,0.9877381258023255,0.8351403754397915,0.06842046097961858,228.5597866807762
0.9973194136866752,0.3769738009813286,0.8879710114632728,0.036495361143838154,144.62432112173565
1.0008339770701735,0.49322275479358807,0.5462178617107857,0.08486310126523407,112.86988862886068
1.0016134665898988,1.0837933068159118,0.3696336906688625,0.0721035962613955,124.08257590324337
1.0020581142479568,0.8747622015830585,0.015528467367050755,0.0662050071948505,38.49609496728215
1.0025419892887217,1.0023159631482617,0.5716362590479425,0.050565991620150005,162.6763802842861
0.9982276517788626,0.6188957187832629,0.7472436778510178,0.06770874769247862,162.96926463287667
0.9983224944157987,0.69563900724844,0.6301494874763637,0.031947537686176454,142.04506251551413
1.0003688585285393,0.5905059107016453,0.44707889675177626,0.05514041907595377,99.68591524476795
1.0005865298518162,0.3680402445307675,0.9320801951484703,0.06742650793199857,153.71216289338366
1.0008230870434465,0.4593664901174138,0.3652676625812851,0.06683664114602623,74.89756442906298
0.9986031522201533,0.6324523638132934,0.6370072329388372,0.07172607575929166,143.5799995766344
0.9971192848074496,1.0927254486046154,0.7655015095727066,0.0768010940646671,223.23489596976245
0.9964461615331093,0.4868588157892091,0.8298491965478259,0.029607381910128988,152.7909034348018
1.0004630720325172,0.31760178306013054,0.3827647813383328,0.023754049254242675,59.02026376527982
1.0011504519608985,0.7083471428808918,0.5207583299205101,0.09267516182121308,133.34674568787494
1.0009676689342637,0.24988609631091785,0.7480070600729988,0.0870213855701215,104.5048173230357
0.9979178734273071,0.9300243053136183,0.7867699770845339,0.09375998515904677,214.73269984331225
0.9988264532679265,0.825819407887904,0.6258862250173252,0.04099435235025857,156.04922013814064
0.9977756557375701,0.23793849166414616,0.866283353588971,0.07598444958378735,114.64504301668558
1.0005571300871057,0.48301423631450097,0.0843907788046867,0.09938899437351642,35.60782926447553
1.0010025516257763,0.8777113858204948,0.5076177812640438,0.020645747897649117,129.1275569395271
0.9997935472143464,0.21399180126378117,0.40347891103554895,0.06564878456519571,53.416353525473426
0.9981242067907642,0.5573568036806871,0.5979401978705607,0.03762231170941864,121.53963020401528
0.9999770660637244,0.5617256842152856,0.6840903390973673,0.06233452946122185,142.80078818973112
0.9994889756893125,0.8280009119562277,0.8870791012743955,0.08973517214052966,223.59248421844708
0.9971779793044991,0.8401400515834647,0.8540780977672401,0.029287427929701647,205.29231027992253
1.0017098397553337,0.8757823788740937,0.28167346707798036,0.0779279829259135,91.47951558982777
0.9996175288929935,0.8240820623296141,0.03230946857763982,0.047137756567299176,25.67762017733571
0.9984522798013027,0.5237973288349339,0.62448545275069,0.03816515261343799,123.05120401636123
0.9995909830283162,0.281415648396506,0.64742621909096,0.07924816069125579,96.19826483509377
1.0019037882857473,0.2471170825755704,0.4961959648666515,0.0938593411906665,72.581940586688
0.9976950226036582,0.4412103125276397,0.42138297522072626,0.05171367165081353,79.53843827596728
1.0015550611998592,0.3271167438626267,0.9159853806022861,0.09789043253493285,145.55206880613417
0.9984165252674599,0.797511903014495,0.35950286609917737,0.09912623735117627,107.9077605712443
1.00008879792453,0.2324418012558016,0.6698901441879063,0.048550304590215705,87.93521779079418
